record_id,timestamp_ms,data_origin,scenario_family,scenario_variant_id,datetime_bahrain,date,data_source,hour_of_day,day_of_week,is_weekend,sample_count,avg_temperature,avg_humidity,avg_sound_raw,motion_count,bright_count,smoke_count,noise_count,high_temp_count,occupancy_score,switch_avg_power_W,switch_peak_power_W,switch_energy_kWh,ac_avg_power_W,ac_peak_power_W,ac_energy_kWh,total_avg_power_W,total_peak_power_W,total_energy_kWh,total_cost_BHD,tariff_BHD_per_kWh,sensor_freshness_age_seconds,breaker_freshness_age_seconds,hub_freshness_age_seconds,ac_on_flag,socket_on_flag,command_count_last_hour,command_failure_count_last_hour,synthetic_same_hour_energy_avg_hint,synthetic_rolling_energy_avg_hint,synthetic_same_hour_power_avg_hint,synthetic_rolling_power_avg_hint,is_night,is_morning,is_evening,is_working_hour,is_sleep_hour,day_part,previous_hour_total_energy_kWh,previous_hour_total_avg_power_W,previous_hour_total_peak_power_W,energy_delta_from_previous_hour,power_delta_from_previous_hour,rolling_3h_energy_avg,rolling_3h_power_avg,rolling_6h_energy_avg,rolling_6h_power_avg,rolling_24h_energy_avg,rolling_24h_power_avg,rolling_3h_energy_std,rolling_3h_power_std,rolling_24h_energy_std,rolling_24h_power_std,same_hour_7day_energy_avg,same_hour_7day_power_avg,same_hour_7day_energy_std,same_hour_7day_power_std,energy_z_score_24h,power_z_score_24h,same_hour_energy_z_score,same_hour_power_z_score,motion_rate,bright_rate,noise_rate,smoke_rate,high_temp_rate,minutes_since_motion,sensor_stale_flag,breaker_stale_flag,hub_offline_flag,device_on_count,ac_state_duration_minutes,socket_state_duration_minutes,high_power_duration_minutes,empty_room_duration_minutes,occupancy_power_mismatch_score,routine_score_for_hour,routine_deviation_score,label_rule_version,waste_event,anomaly_label,recommendation_type,next_hour_total_energy_kWh,next_hour_total_cost_BHD,split
synthetic_hub_offline_0027_1770421200000,1770421200000,synthetic_scenario,hub_offline,hub_offline_0027,2026-02-07T02:40:00+03:00,2026-02-07,synthetic_hourly_summary,2,Saturday,True,134,27.024,66.36,479.943,34,29,0,9,0,0.2571,24.258,34.326,0.014614,17.517,26.945,0.010553,47.023,55.342,0.028328,0.000907,0.032,495.0,751.0,2716.0,1,1,0,0,0.029378,0.025735,38.143,38.987,True,False,False,False,True,night,0.0,0.0,0.0,0.028328,47.023,0.028328,47.023,0.028328,47.023,0.025735,38.987,0.0,0.0,0.0051470000000000005,7.7974000000000006,0.029378,38.143,0.00528804,6.86574,0.5037886147270251,1.030599943570934,-0.19856128168470782,1.2933784267974031,0.2537313432835821,0.21641791044776118,0.06716417910447761,0.0,0.0,0.0,True,True,True,2,60.0,60.0,0.0,0.0,0.1746669335,0.568873857734199,0.43112614226580104,weak_rules_v2,False,hub_offline_or_stale,wait_for_fresh_data,0.017185,0.00055,train
synthetic_hub_offline_0027_1770424800000,1770424800000,synthetic_scenario,hub_offline,hub_offline_0027,2026-02-07T03:40:00+03:00,2026-02-07,synthetic_hourly_summary,3,Saturday,True,45,23.432,58.144,493.623,0,43,0,2,0,0.0,16.3,22.396,0.006483,23.405,23.405,0.00931,43.205,65.581,0.017185,0.00055,0.032,928.0,1175.0,878.0,1,1,0,0,0.012424,0.012258,9.883,37.925,True,False,False,False,True,night,0.028328,47.023,55.342,-0.011143,-3.818000000000005,0.0227565,45.114000000000004,0.0227565,45.114000000000004,0.012258,37.925,0.0078792908627617,2.6997336905702447,0.0024516,7.585,0.012424,9.883,0.00223632,3.0,2.0097079458312934,0.6961107448912328,2.1289439793947196,11.107333333333335,0.0,0.9555555555555556,0.044444444444444446,0.0,0.0,60.0,True,True,True,2,120.0,120.0,0.0,60.0,0.216025,0.0,1.0,weak_rules_v2,False,hub_offline_or_stale,wait_for_fresh_data,0.022189,0.00071,train
synthetic_hub_offline_0027_1770428400000,1770428400000,synthetic_scenario,hub_offline,hub_offline_0027,2026-02-07T04:40:00+03:00,2026-02-07,synthetic_hourly_summary,4,Saturday,True,96,30.278,55.59,388.29,88,88,0,11,14,0.9182,19.069,23.974,0.018405,0.0,0.0,0.0,22.988,37.344,0.022189,0.00071,0.032,735.0,276.0,1518.0,0,1,2,0,0.017656,0.017426,19.432,14.64,True,False,False,False,True,night,0.017185,43.205,65.581,0.0050040000000000015,-20.217,0.02256733333333333,37.73866666666667,0.02256733333333333,37.73866666666667,0.017426,14.64,0.0055811257227671674,12.916303895980978,0.0034852000000000004,3.0,0.017656,19.432,0.0031780800000000002,3.4977599999999995,1.3666360610581887,2.782666666666666,1.426332880229572,1.0166506564201092,0.9166666666666666,0.9166666666666666,0.11458333333333333,0.0,0.14583333333333334,0.0,True,True,True,1,0.0,180.0,0.0,0.0,0.009402091999999999,0.6611164478599636,0.3388835521400364,weak_rules_v2,False,hub_offline_or_stale,wait_for_fresh_data,0.073247,0.002344,train
synthetic_hub_offline_0027_1770432000000,1770432000000,synthetic_scenario,hub_offline,hub_offline_0027,2026-02-07T05:40:00+03:00,2026-02-07,synthetic_hourly_summary,5,Saturday,True,84,24.82,61.68,364.347,74,52,0,2,0,0.8897,10.662,11.379,0.008832,74.356,114.277,0.061592,88.427,109.759,0.073247,0.002344,0.032,455.0,1551.0,2533.0,1,1,0,0,0.025487,0.046546,93.686,75.815,True,True,False,False,True,morning,0.022189,22.988,37.344,0.051058000000000006,65.43900000000001,0.037540333333333335,51.54,0.03523725,50.41075,0.046546,75.815,0.03102393491053857,33.50626581700802,0.0093092,15.163,0.025487,93.686,0.0045876599999999995,16.86348,2.868237872212436,0.8317615247642293,10.410536090294402,-0.3118573390545724,0.8809523809523809,0.6190476190476191,0.023809523809523808,0.0,0.0,0.0,True,True,True,2,60.0,240.0,0.0,0.0,0.04876749049999998,0.8960475536484759,0.10395244635152413,weak_rules_v2,False,hub_offline_or_stale,wait_for_fresh_data,0.034202,0.001094,train
synthetic_socket_left_on_0032_1770536400000,1770536400000,synthetic_scenario,socket_left_on,socket_left_on_0032,2026-02-08T10:40:00+03:00,2026-02-08,synthetic_hourly_summary,10,Sunday,False,86,26.883,51.693,274.875,3,61,0,7,0,0.0455,69.814,120.551,0.032265,1.413,2.071,0.000653,74.005,123.994,0.034202,0.001094,0.032,56.0,73.0,72.0,0,1,0,0,0.021829,0.028802,84.847,62.49,False,True,False,True,False,morning,0.073247,88.427,109.759,-0.039045,-14.422000000000011,0.04321266666666667,61.806666666666665,0.0350302,55.1296,0.028802,62.49,0.02669501688205748,34.38262907826179,0.005760400000000001,12.498000000000001,0.021829,84.847,0.00392922,15.272459999999999,0.9374349003541423,0.9213474155864932,3.1489710425987862,-0.7099052804852656,0.03488372093023256,0.7093023255813954,0.08139534883720931,0.0,0.0,0.0,False,False,False,1,0.0,300.0,0.0,60.0,0.3531888625,0.7633649065049115,0.23663509349508852,weak_rules_v2,True,socket_left_on,turn_off_unused_socket,0.006936,0.000222,train
synthetic_socket_left_on_0032_1770540000000,1770540000000,synthetic_scenario,socket_left_on,socket_left_on_0032,2026-02-08T11:40:00+03:00,2026-02-08,synthetic_hourly_summary,11,Sunday,False,67,32.258,47.146,242.037,9,47,0,1,10,0.1483,18.0,24.828,0.0063,1.204,1.534,0.000421,19.816,27.222,0.006936,0.000222,0.032,44.0,77.0,10.0,0,1,3,0,0.00704,0.005174,18.526,25.206,False,True,False,True,False,morning,0.034202,74.005,123.994,-0.027266000000000002,-54.18899999999999,0.03812833333333334,60.74933333333333,0.030347833333333334,49.244,0.005174,25.206,0.03332940519021205,36.17529342428798,0.002,5.0412,0.00704,18.526,0.002,3.3346799999999996,0.8810000000000002,-1.069189875426486,-0.05199999999999996,0.3868437151390836,0.13432835820895522,0.7014925373134329,0.014925373134328358,0.0,0.14925373134328357,0.0,False,False,False,1,0.0,360.0,0.0,120.0,0.08438643600000001,0.8710520949536388,0.1289479050463612,weak_rules_v2,True,socket_left_on,turn_off_unused_socket,0.025481,0.000815,train
synthetic_socket_left_on_0032_1770543600000,1770543600000,synthetic_scenario,socket_left_on,socket_left_on_0032,2026-02-08T12:40:00+03:00,2026-02-08,synthetic_hourly_summary,12,Sunday,False,118,25.753,45.69,570.294,4,96,0,12,0,0.0415,42.238,64.262,0.023173,4.207,6.506,0.002308,46.445,67.223,0.025481,0.000815,0.032,72.0,8.0,27.0,0,1,0,0,0.02085,0.019876,41.474,25.735,False,False,False,True,False,afternoon,0.006936,19.816,27.222,0.018545,26.629,0.02220633333333334,46.75533333333333,0.029873333333333335,49.14766666666666,0.019876,25.735,0.013924843637661905,27.09583289609923,0.003975200000000001,5.147,0.02085,41.474,0.003753,7.465319999999999,1.4099919500905609,4.023703128035749,1.2339461763922195,0.6658790246097962,0.03389830508474576,0.8135593220338984,0.1016949152542373,0.0,0.0,0.0,False,False,False,1,0.0,420.0,0.0,180.0,0.2225876625,0.7780403251300679,0.22195967486993207,weak_rules_v2,True,socket_left_on,turn_off_unused_socket,0.05482,0.001754,train
synthetic_socket_left_on_0032_1770547200000,1770547200000,synthetic_scenario,socket_left_on,socket_left_on_0032,2026-02-08T13:40:00+03:00,2026-02-08,synthetic_hourly_summary,13,Sunday,False,83,26.789,43.651,367.04,6,10,0,4,0,0.0743,51.411,62.842,0.045204,4.667,5.929,0.004103,62.349,78.254,0.05482,0.001754,0.032,65.0,25.0,89.0,0,1,1,0,0.028312,0.03395,45.581,44.253,False,False,False,True,False,afternoon,0.025481,46.445,67.223,0.029339,15.903999999999996,0.029079000000000004,42.87,0.036145833333333335,52.33833333333333,0.03395,44.253,0.024143913663695865,21.490683818808556,0.006790000000000001,8.8506,0.028312,45.581,0.00509616,8.20458,3.0736377025036816,2.044607145278286,5.2015635301874354,2.0437365471480557,0.07228915662650602,0.12048192771084337,0.04819277108433735,0.0,0.0,0.0,False,False,False,1,0.0,480.0,0.0,240.0,0.2885823465,0.31875448428398145,0.6812455157160185,weak_rules_v2,True,socket_left_on,turn_off_unused_socket,0.067289,0.002153,train
synthetic_normal_usage_0010_1770777600000,1770777600000,synthetic_scenario,normal_usage,normal_usage_0010,2026-02-11T05:40:00+03:00,2026-02-11,synthetic_hourly_summary,5,Wednesday,False,69,29.564,68.474,435.732,54,31,0,4,0,0.783,15.926,17.603,0.010129,87.011,124.54,0.055337,105.805,152.942,0.067289,0.002153,0.032,33.0,13.0,18.0,1,1,3,0,0.056117,0.016822,89.481,26.451,True,True,False,False,True,morning,0.05482,62.349,78.254,0.012469000000000001,43.45600000000001,0.049196666666666666,71.533,0.0436625,66.14116666666666,0.016822,26.451,0.021463774699090877,30.727215819204968,0.0033644,5.2902000000000005,0.056117,89.481,0.01010106,16.106579999999997,15.000297229818095,15.00018902877018,1.106022536248671,1.0134988309125845,0.782608695652174,0.4492753623188406,0.057971014492753624,0.0,0.0,0.0,False,False,False,2,60.0,540.0,60.0,0.0,0.114798425,0.6621670563624718,0.3378329436375282,weak_rules_v2,True,unusual_same_hour_usage,review_unusual_usage,0.007334,0.000235,train
synthetic_normal_usage_0010_1770781200000,1770781200000,synthetic_scenario,normal_usage,normal_usage_0010,2026-02-11T06:40:00+03:00,2026-02-11,synthetic_hourly_summary,6,Wednesday,False,137,25.433,65.705,292.875,86,93,0,10,0,0.6335,11.715,17.51,0.006636,0.0,0.0,0.0,12.948,14.891,0.007334,0.000235,0.032,20.0,74.0,50.0,0,1,1,0,0.007195,0.005918,8.795,10.083,False,True,False,False,False,morning,0.067289,105.805,152.942,-0.059955,-92.857,0.04314766666666667,60.367333333333335,0.032677000000000005,53.56133333333332,0.005918,10.083,0.03163594522585556,46.46020732124786,0.002,3.0,0.007195,8.795,0.002,3.0,0.7080000000000003,0.9550000000000001,0.06950000000000012,1.3843333333333334,0.6277372262773723,0.6788321167883211,0.072992700729927,0.0,0.0,0.0,False,False,False,1,0.0,600.0,0.0,0.0,0.023727210000000006,0.5385555555555555,0.4614444444444445,weak_rules_v2,False,normal,keep_monitoring,0.035832,0.001147,train
synthetic_normal_usage_0010_1770784800000,1770784800000,synthetic_scenario,normal_usage,normal_usage_0010,2026-02-11T07:40:00+03:00,2026-02-11,synthetic_hourly_summary,7,Wednesday,False,101,29.43,47.877,124.968,75,16,0,5,0,0.7448,0.766,1.094,0.00047,56.586,79.984,0.034693,58.444,87.863,0.035832,0.001147,0.032,11.0,55.0,88.0,1,0,3,0,0.034673,0.039267,70.051,62.124,False,True,False,False,False,morning,0.007334,12.948,14.891,0.028498000000000002,45.496,0.036818333333333335,59.065666666666665,0.03294866666666667,50.96783333333334,0.039267,62.124,0.029989667326153074,46.43162138385147,0.007853400000000002,12.424800000000001,0.034673,70.051,0.00624114,12.60918,-0.43739017495606997,-0.2961818298886098,0.18570325293135553,-0.9205198117561966,0.7425742574257426,0.15841584158415842,0.04950495049504951,0.0,0.0,0.0,False,False,False,1,60.0,0.0,0.0,0.0,0.074574544,0.6931600627479344,0.30683993725206554,weak_rules_v2,False,normal,keep_monitoring,0.073228,0.002343,train
synthetic_normal_usage_0010_1770788400000,1770788400000,synthetic_scenario,normal_usage,normal_usage_0010,2026-02-11T08:40:00+03:00,2026-02-11,synthetic_hourly_summary,8,Wednesday,False,125,27.288,60.238,369.329,74,56,0,5,0,0.5938,18.05,26.361,0.017321,58.259,75.779,0.055907,76.309,97.877,0.073228,0.002343,0.032,67.0,11.0,32.0,1,1,2,0,0.045754,0.034342,37.295,45.464,False,True,False,True,False,morning,0.035832,58.444,87.863,0.037396,17.864999999999995,0.038798,49.233666666666664,0.04399733333333333,60.38333333333333,0.034342,45.464,0.03304697680575335,32.66920201555791,0.0068684,9.0928,0.045754,37.295,0.00823572,6.7131,5.661580571894474,3.392244413162062,3.335956054844021,5.811622052404998,0.592,0.448,0.04,0.0,0.0,0.0,False,False,False,2,120.0,60.0,0.0,0.0,0.15498357899999998,0.0,1.0,weak_rules_v2,True,unusual_same_hour_usage,review_unusual_usage,0.168641,0.005397,train
synthetic_routine_anomaly_0033_1770950400000,1770950400000,synthetic_scenario,routine_anomaly,routine_anomaly_0033,2026-02-13T05:40:00+03:00,2026-02-13,synthetic_hourly_summary,5,Friday,True,139,29.593,53.992,824.926,13,82,0,0,0,0.0978,28.116,42.059,0.023582,172.952,217.222,0.14506,201.069,252.509,0.168641,0.005397,0.032,49.0,17.0,44.0,1,1,3,0,0.088923,0.066942,95.138,129.182,True,True,False,False,True,morning,0.073228,76.309,97.877,0.09541300000000001,124.75999999999999,0.092567,111.94066666666667,0.06785733333333334,86.154,0.066942,129.182,0.06848397849862405,77.70253797871297,0.013388400000000002,25.836399999999998,0.088923,95.138,0.01600614,17.12484,7.596053299871531,2.782392283754703,4.980463747037076,6.185809619243157,0.09352517985611511,0.5899280575539568,0.0,0.0,0.0,0.0,False,False,False,2,180.0,120.0,60.0,60.0,0.9022,0.0,1.0,weak_rules_v2,True,ac_running_empty_room,turn_off_or_adjust_ac,0.177107,0.005667,train
synthetic_routine_anomaly_0033_1770954000000,1770954000000,synthetic_scenario,routine_anomaly,routine_anomaly_0033,2026-02-13T06:40:00+03:00,2026-02-13,synthetic_hourly_summary,6,Friday,True,108,24.444,42.946,407.734,4,15,0,9,0,0.0459,15.153,18.051,0.01222,196.424,236.429,0.158404,219.616,306.809,0.177107,0.005667,0.032,9.0,19.0,50.0,1,1,0,0,0.074675,0.083625,84.359,106.988,False,True,False,False,False,morning,0.168641,201.069,252.509,0.008465999999999974,18.547000000000025,0.13965866666666668,165.66466666666665,0.0882385,112.36516666666667,0.083625,106.988,0.05768616293647319,77.93795080917467,0.016725,21.3976,0.074675,84.359,0.0134415,15.184619999999999,5.589357249626307,5.263580962350918,7.620578060484319,8.90749982548131,0.037037037037037035,0.1388888888888889,0.08333333333333333,0.0,0.0,0.0,False,False,False,2,240.0,180.0,120.0,120.0,0.9541,0.0,1.0,weak_rules_v2,True,ac_running_empty_room,turn_off_or_adjust_ac,0.16028,0.005129,train
synthetic_routine_anomaly_0033_1770957600000,1770957600000,synthetic_scenario,routine_anomaly,routine_anomaly_0033,2026-02-13T07:40:00+03:00,2026-02-13,synthetic_hourly_summary,7,Friday,True,179,30.555,59.795,431.712,50,107,0,6,26,0.2834,33.192,44.633,0.02656,164.383,188.631,0.131537,200.302,321.116,0.16028,0.005129,0.032,41.0,57.0,23.0,1,1,2,0,0.060089,0.087483,86.31,114.422,False,True,False,False,False,morning,0.177107,219.616,306.809,-0.01682699999999998,-19.31400000000002,0.16867600000000002,206.99566666666666,0.10373700000000001,128.11466666666666,0.087483,114.422,0.008413554599573131,10.936255407283108,0.0174966,22.8844,0.060089,86.31,0.010816019999999999,15.5358,4.160636923745185,3.7527748160318817,9.263204025140487,7.337375609881692,0.27932960893854747,0.5977653631284916,0.0335195530726257,0.0,0.1452513966480447,0.0,False,False,False,2,300.0,240.0,180.0,0.0,0.7166,0.0,1.0,weak_rules_v2,True,unusual_same_hour_usage,review_unusual_usage,0.13377,0.004281,train
synthetic_routine_anomaly_0033_1770961200000,1770961200000,synthetic_scenario,routine_anomaly,routine_anomaly_0033,2026-02-13T08:40:00+03:00,2026-02-13,synthetic_hourly_summary,8,Friday,True,68,28.182,71.722,345.936,27,59,0,5,0,0.4004,51.651,67.681,0.03867,124.304,166.657,0.093065,178.672,260.743,0.13377,0.004281,0.032,10.0,29.0,76.0,1,1,1,0,0.064023,0.042216,81.414,126.074,False,True,False,False,False,morning,0.16028,200.302,321.116,-0.026510000000000006,-21.629999999999995,0.15705233333333332,199.53,0.12480966666666667,155.73533333333333,0.042216,126.074,0.0218480494857855,20.48291414813811,0.0084432,25.2148,0.064023,81.414,0.011524139999999999,14.65452,10.843519044911881,2.0859971128067643,6.052252055250978,6.6367236866168255,0.39705882352941174,0.8676470588235294,0.07352941176470588,0.0,0.0,0.0,False,False,False,2,360.0,300.0,240.0,0.0,0.535658656,0.0,1.0,weak_rules_v2,True,unusual_same_hour_usage,review_unusual_usage,0.001923,6.2e-05,train
synthetic_low_usage_normal_0008_1771144800000,1771144800000,synthetic_scenario,low_usage_normal,low_usage_normal_0008,2026-02-15T11:40:00+03:00,2026-02-15,synthetic_hourly_summary,11,Sunday,False,156,23.436,29.527,560.314,43,22,0,10,0,0.2774,0.942,1.193,0.000609,0.0,0.0,0.0,2.977,4.399,0.001923,6.2e-05,0.032,26.0,69.0,50.0,0,0,2,0,0.002,0.002327,3.561,3.058,False,True,False,True,False,morning,0.13377,178.672,260.743,-0.131847,-175.695,0.09865766666666669,127.317,0.11915816666666666,146.4908333333333,0.002327,3.058,0.08481681334696166,108.22333817157923,0.002,3.0,0.002,3.561,0.002,3.0,-0.20200000000000004,-0.026999999999999986,-0.03850000000000001,-0.19466666666666668,0.27564102564102566,0.14102564102564102,0.0641025641025641,0.0,0.0,0.0,False,False,False,0,0.0,0.0,0.0,0.0,0.010755901,0.9351111111111111,0.0648888888888889,weak_rules_v2,False,low_usage_normal,keep_monitoring,0.010447,0.000334,train
synthetic_low_usage_normal_0008_1771148400000,1771148400000,synthetic_scenario,low_usage_normal,low_usage_normal_0008,2026-02-15T12:40:00+03:00,2026-02-15,synthetic_hourly_summary,12,Sunday,False,60,29.749,58.354,513.203,27,51,0,0,0,0.4523,4.093,5.985,0.003861,4.218,4.706,0.003978,11.078,14.841,0.010447,0.000334,0.032,57.0,17.0,61.0,0,0,2,0,0.007867,0.008782,5.28,9.742,False,False,False,True,False,afternoon,0.001923,2.977,4.399,0.008524,8.100999999999999,0.04871333333333333,64.24233333333333,0.10869466666666666,135.619,0.008782,9.742,0.07378442960634266,99.18174232354124,0.002,3.0,0.007867,5.28,0.002,3.0,0.8324999999999999,0.44533333333333286,1.2899999999999994,1.9326666666666663,0.45,0.85,0.0,0.0,0.0,0.0,False,False,False,0,0.0,0.0,0.0,0.0,0.030337103,0.35577777777777786,0.6442222222222221,weak_rules_v2,False,normal,keep_monitoring,0.003084,9.9e-05,train
synthetic_low_usage_normal_0008_1771152000000,1771152000000,synthetic_scenario,low_usage_normal,low_usage_normal_0008,2026-02-15T13:40:00+03:00,2026-02-15,synthetic_hourly_summary,13,Sunday,False,170,30.955,60.942,382.06,2,101,0,18,25,0.0125,2.267,2.904,0.001537,2.283,2.636,0.001547,4.549,6.455,0.003084,9.9e-05,0.032,18.0,25.0,66.0,0,0,0,0,0.003081,0.003121,4.579,3.675,False,False,False,True,False,afternoon,0.010447,11.078,14.841,-0.007363,-6.528999999999999,0.005151333333333333,6.201333333333333,0.08110183333333333,102.86566666666668,0.003121,3.675,0.004622774527633207,4.295835696733888,0.002,3.0,0.003081,4.579,0.002,3.0,-0.01850000000000007,0.2913333333333335,0.0014999999999999823,-0.009999999999999787,0.011764705882352941,0.5941176470588235,0.10588235294117647,0.0,0.14705882352941177,0.0,False,False,False,0,0.0,0.0,0.0,60.0,0.022460687500000003,0.9966666666666667,0.0033333333333332624,weak_rules_v2,False,high_temperature_comfort,verify_occupancy,0.002585,8.3e-05,train
synthetic_low_usage_normal_0008_1771155600000,1771155600000,synthetic_scenario,low_usage_normal,low_usage_normal_0008,2026-02-15T14:40:00+03:00,2026-02-15,synthetic_hourly_summary,14,Sunday,False,147,29.832,63.0,356.199,18,108,0,17,0,0.1244,0.558,0.679,0.000415,2.123,2.123,0.001579,3.475,3.475,0.002585,8.3e-05,0.032,7.0,64.0,35.0,0,0,2,0,0.002115,0.002,2.188,3.779,False,False,False,True,False,afternoon,0.003084,4.549,6.455,-0.0004989999999999999,-1.0740000000000003,0.005371999999999999,6.367333333333334,0.052014833333333337,66.84216666666667,0.002,3.779,0.004402155040432026,4.114748392469839,0.002,3.0,0.002115,2.188,0.002,3.0,0.2925,-0.10133333333333328,0.23499999999999996,0.429,0.12244897959183673,0.7346938775510204,0.11564625850340136,0.0,0.0,0.0,False,False,False,0,0.0,0.0,0.0,120.0,0.015213550000000003,0.857,0.143,weak_rules_v2,False,low_usage_normal,keep_monitoring,0.170252,0.005448,train
synthetic_routine_anomaly_0013_1771177200000,1771177200000,synthetic_scenario,routine_anomaly,routine_anomaly_0013,2026-02-15T20:40:00+03:00,2026-02-15,synthetic_hourly_summary,20,Sunday,False,85,30.267,41.417,141.943,7,17,0,4,12,0.0917,29.463,42.459,0.01803,244.082,386.211,0.14937,278.205,398.444,0.170252,0.005448,0.032,18.0,29.0,34.0,1,1,1,0,0.101597,0.121608,152.704,109.963,False,False,True,False,False,evening,0.002585,3.475,3.475,0.16766699999999998,274.72999999999996,0.05864033333333333,95.40966666666667,0.05367683333333333,79.82600000000001,0.121608,109.963,0.09665886070264502,158.30631315690894,0.0243216,21.9926,0.101597,152.704,0.018287460000000002,27.486720000000002,2.000032892572857,7.649936796922601,3.7542119025824237,4.565877631088758,0.08235294117647059,0.2,0.047058823529411764,0.0,0.1411764705882353,0.0,False,False,False,2,60.0,60.0,60.0,180.0,0.9083,0.0,1.0,weak_rules_v2,True,ac_running_empty_room,turn_off_or_adjust_ac,0.048455,0.001551,train
synthetic_smoke_gas_0015_1771177200000,1771177200000,synthetic_scenario,smoke_gas,smoke_gas_0015,2026-02-15T20:40:00+03:00,2026-02-15,synthetic_hourly_summary,20,Sunday,False,65,27.563,58.517,378.417,25,53,5,1,0,0.387,21.955,27.832,0.01451,49.278,73.839,0.032568,73.317,112.486,0.048455,0.001551,0.032,51.0,76.0,15.0,1,1,1,0,0.033805,0.042549,80.671,61.313,False,False,True,False,False,evening,0.170252,278.205,398.444,-0.12179699999999999,-204.88799999999998,0.073764,118.33233333333334,0.03945766666666666,62.266833333333324,0.042549,61.313,0.08665139833262935,142.78980496286604,0.0085098,12.2626,0.033805,80.671,0.0060849,14.52078,0.6940233613010883,0.9789114869603501,2.4075991388519116,-0.5064466233907554,0.38461538461538464,0.8153846153846154,0.015384615384615385,0.07692307692307693,0.0,0.0,False,False,False,2,120.0,120.0,0.0,0.0,0.22471660499999996,0.8311844588697482,0.1688155411302518,weak_rules_v2,False,smoke_gas_safety,check_smoke_gas_sensor,0.015592,0.000499,train
synthetic_smoke_gas_0015_1771180800000,1771180800000,synthetic_scenario,smoke_gas,smoke_gas_0015,2026-02-15T21:40:00+03:00,2026-02-15,synthetic_hourly_summary,21,Sunday,False,75,28.44,59.455,331.233,21,22,11,7,0,0.2882,23.208,40.691,0.010436,8.384,10.856,0.00377,34.675,42.697,0.015592,0.000499,0.032,13.0,75.0,42.0,0,1,1,0,0.017302,0.012025,28.52,43.869,False,False,True,False,False,evening,0.048455,73.317,112.486,-0.032862999999999996,-38.641999999999996,0.07809966666666666,128.73233333333334,0.04173583333333333,67.54983333333332,0.012025,43.869,0.08148026507279744,130.88108954823582,0.002405,8.7738,0.017302,28.52,0.00311436,5.1335999999999995,1.4831600831600835,-1.0478925892999615,-0.5490694717373719,1.1989636901979115,0.28,0.29333333333333333,0.09333333333333334,0.14666666666666667,0.0,0.0,False,False,False,1,0.0,180.0,0.0,0.0,0.12340832499999999,0.6003454366006962,0.39965456339930383,weak_rules_v2,False,smoke_gas_safety,check_smoke_gas_sensor,0.12967,0.004149,train
synthetic_routine_anomaly_0013_1771180800000,1771180800000,synthetic_scenario,routine_anomaly,routine_anomaly_0013,2026-02-15T21:40:00+03:00,2026-02-15,synthetic_hourly_summary,21,Sunday,False,64,25.018,57.24,511.169,16,35,0,7,0,0.2656,13.112,17.932,0.010525,146.35,149.953,0.117475,161.542,212.539,0.12967,0.004149,0.032,65.0,78.0,32.0,1,1,1,0,0.04219,0.068695,59.435,79.688,False,False,True,False,False,evening,0.015592,34.675,42.697,0.11407800000000001,126.867,0.06457233333333333,89.84466666666667,0.06160633333333334,92.62716666666665,0.068695,79.688,0.058722004788097415,65.02831495843431,0.013739000000000001,15.937600000000002,0.04219,59.435,0.0075942,10.6983,4.438095931290487,5.1359050296154996,11.519317373785258,9.544226652832693,0.25,0.546875,0.109375,0.0,0.0,0.0,False,False,False,2,60.0,240.0,60.0,0.0,0.593182224,0.0,1.0,weak_rules_v2,True,unusual_same_hour_usage,review_unusual_usage,0.031586,0.001011,train
synthetic_stale_data_0056_1771184400000,1771184400000,synthetic_scenario,stale_data,stale_data_0056,2026-02-15T22:40:00+03:00,2026-02-15,synthetic_hourly_summary,22,Sunday,False,139,29.978,55.921,561.941,36,71,0,15,0,0.2646,7.798,11.017,0.00458,37.85,56.881,0.02223,53.782,65.09,0.031586,0.001011,0.032,1219.0,1169.0,30.0,1,0,3,0,0.021805,0.019694,44.852,35.106,False,False,False,False,False,night,0.12967,161.542,212.539,-0.098084,-107.76,0.05894933333333333,83.33299999999998,0.06635666666666666,100.83266666666667,0.019694,35.106,0.06176577959787551,68.40142632284797,0.0039388,7.0212,0.021805,44.852,0.0039249,8.07336,3.019193663044583,2.6599441690879044,2.4920380137073557,1.1061069988208132,0.2589928057553957,0.5107913669064749,0.1079136690647482,0.0,0.0,0.0,True,True,False,1,120.0,0.0,0.0,0.0,0.197756414,0.631297667059729,0.36870233294027105,weak_rules_v2,False,possible_sensor_stale,check_sensor_connection,0.03177,0.001017,train
synthetic_smoke_gas_0015_1771184400000,1771184400000,synthetic_scenario,smoke_gas,smoke_gas_0015,2026-02-15T22:40:00+03:00,2026-02-15,synthetic_hourly_summary,22,Sunday,False,142,28.122,50.948,308.856,119,129,21,7,0,0.8407,3.462,5.096,0.002449,36.493,56.655,0.025809,44.921,60.522,0.03177,0.001017,0.032,27.0,31.0,41.0,1,0,2,0,0.01361,0.016773,17.664,20.056,False,False,False,False,False,night,0.031586,53.782,65.09,0.00018399999999999667,-8.860999999999997,0.064342,86.74833333333333,0.07122083333333333,107.74033333333334,0.016773,20.056,0.0565757823808032,64.92456207271121,0.0033546,4.0112000000000005,0.01361,17.664,0.0024498,3.17952,4.470577714183509,6.198893099321897,7.412850028573762,8.572677636876005,0.8380281690140845,0.9084507042253521,0.04929577464788732,0.14788732394366197,0.0,0.0,False,False,False,1,180.0,0.0,0.0,0.0,0.0357795765,0.0,1.0,weak_rules_v2,False,smoke_gas_safety,check_smoke_gas_sensor,0.130603,0.004179,train
synthetic_routine_anomaly_0013_1771184400000,1771184400000,synthetic_scenario,routine_anomaly,routine_anomaly_0013,2026-02-15T22:40:00+03:00,2026-02-15,synthetic_hourly_summary,22,Sunday,False,150,29.128,67.168,236.556,24,50,0,11,0,0.1632,26.461,36.384,0.016393,179.967,255.04,0.111492,210.815,258.308,0.130603,0.004179,0.032,10.0,33.0,50.0,1,1,0,0,0.049097,0.055875,72.326,81.72,False,False,False,False,False,night,0.03177,44.921,60.522,0.098833,165.894,0.064653,103.17266666666667,0.06461266666666667,96.50866666666667,0.055875,81.72,0.05711444947646787,93.32621965092838,0.011175000000000001,16.344,0.049097,72.326,0.00883746,13.018679999999998,6.687069351230424,7.8986172295643655,9.222785732552113,10.637714422660364,0.16,0.3333333333333333,0.07333333333333333,0.0,0.0,0.0,False,False,False,2,240.0,60.0,60.0,60.0,0.8368,0.0,1.0,weak_rules_v2,True,ac_running_empty_room,turn_off_or_adjust_ac,0.081732,0.002615,train
synthetic_routine_anomaly_0013_1771188000000,1771188000000,synthetic_scenario,routine_anomaly,routine_anomaly_0013,2026-02-15T23:40:00+03:00,2026-02-15,synthetic_hourly_summary,23,Sunday,False,178,25.681,68.201,445.466,52,23,0,0,0,0.2951,24.651,30.038,0.020913,63.68,74.903,0.054023,96.342,131.093,0.081732,0.002615,0.032,20.0,39.0,43.0,1,1,0,0,0.032653,0.033522,57.699,55.515,True,False,False,False,True,night,0.130603,210.815,258.308,-0.048871,-114.473,0.08136833333333333,117.35933333333334,0.07015883333333332,100.34616666666666,0.033522,55.515,0.04941750360280591,84.92055719514168,0.006704400000000001,11.103000000000002,0.032653,57.699,0.00587754,10.385819999999999,7.190800071594772,3.6771142934342063,8.350262184519373,3.7207461712219163,0.29213483146067415,0.12921348314606743,0.0,0.0,0.0,0.0,False,False,False,2,300.0,120.0,0.0,0.0,0.339557379,0.0,1.0,weak_rules_v2,True,unusual_same_hour_usage,review_unusual_usage,0.051525,0.001649,train
synthetic_stale_data_0056_1771188000000,1771188000000,synthetic_scenario,stale_data,stale_data_0056,2026-02-15T23:40:00+03:00,2026-02-15,synthetic_hourly_summary,23,Sunday,False,97,28.809,62.55,405.297,80,52,0,11,0,0.8274,18.436,27.614,0.015511,36.371,52.526,0.0306,61.242,93.742,0.051525,0.001649,0.032,1388.0,1365.0,30.0,1,1,1,0,0.022469,0.04624,26.925,30.774,True,False,False,False,True,night,0.081732,96.342,131.093,-0.030206999999999998,-35.1,0.08795333333333333,122.79966666666667,0.07614766666666666,104.774,0.04624,30.774,0.039904401540849295,78.21781559423229,0.009248000000000001,6.154800000000001,0.022469,26.925,0.00404442,4.8465,0.5714749134948094,4.950282706180541,7.184219245281153,7.080779944289692,0.8247422680412371,0.5360824742268041,0.1134020618556701,0.0,0.0,0.0,True,True,False,2,360.0,180.0,0.0,0.0,0.05285184599999999,0.0,1.0,weak_rules_v2,False,possible_sensor_stale,check_sensor_connection,0.013211,0.000423,train
synthetic_smoke_gas_0015_1771188000000,1771188000000,synthetic_scenario,smoke_gas,smoke_gas_0015,2026-02-15T23:40:00+03:00,2026-02-15,synthetic_hourly_summary,23,Sunday,False,175,22.027,50.092,350.696,119,28,25,2,0,0.6825,19.776,26.213,0.008956,4.763,5.511,0.002157,29.173,37.32,0.013211,0.000423,0.032,76.0,29.0,49.0,0,1,0,0,0.010993,0.011041,17.385,23.206,True,False,False,False,True,night,0.051525,61.242,93.742,-0.038314,-32.069,0.04882266666666666,62.25233333333333,0.05673783333333333,82.71249999999999,0.011041,23.206,0.034340338005519624,33.59589588526155,0.0022082,4.6412,0.010993,17.385,0.002,3.1293,0.9827008423150078,1.2856588813237952,1.1090000000000007,3.7669766401431617,0.68,0.16,0.011428571428571429,0.14285714285714285,0.0,0.0,False,False,False,1,0.0,240.0,0.0,0.0,0.046312137499999996,0.0,1.0,weak_rules_v2,False,smoke_gas_safety,check_smoke_gas_sensor,0.005862,0.000188,train
synthetic_stale_data_0056_1771191600000,1771191600000,synthetic_scenario,stale_data,stale_data_0056,2026-02-16T00:40:00+03:00,2026-02-16,synthetic_hourly_summary,0,Monday,False,99,28.169,42.153,361.104,54,83,0,11,0,0.5476,15.925,18.232,0.005856,0.0,0.0,0.0,15.942,18.349,0.005862,0.000188,0.032,823.0,1313.0,30.0,0,1,1,0,0.004578,0.004138,10.202,19.051,True,False,False,False,True,night,0.013211,29.173,37.32,-0.0073490000000000005,-13.230999999999998,0.02353266666666667,35.452333333333335,0.052450500000000004,76.40583333333333,0.004138,19.051,0.02451897213044086,23.293669104143635,0.002,3.8102,0.004578,10.202,0.002,3.0,0.8619999999999999,-0.8159676657393308,0.6420000000000002,1.9133333333333333,0.5454545454545454,0.8383838383838383,0.1111111111111111,0.0,0.0,0.0,True,True,False,1,0.0,300.0,0.0,0.0,0.036060804,0.3622222222222222,0.6377777777777778,weak_rules_v2,False,possible_sensor_stale,check_sensor_connection,0.041011,0.001312,train
synthetic_stale_data_0056_1771195200000,1771195200000,synthetic_scenario,stale_data,stale_data_0056,2026-02-16T01:40:00+03:00,2026-02-16,synthetic_hourly_summary,1,Monday,False,113,27.657,55.793,209.92,48,71,0,2,0,0.4256,24.166,31.129,0.013696,41.811,63.882,0.023696,72.363,114.934,0.041011,0.001312,0.032,309.0,791.0,43.0,1,1,0,0,0.030327,0.03789,61.46,46.799,True,False,False,False,True,night,0.005862,15.942,18.349,0.035149,56.421,0.020028,39.159333333333336,0.053990666666666666,80.9795,0.03789,46.799,0.018539597271785658,29.506396769740213,0.0075780000000000005,9.3598,0.030327,61.46,0.005458859999999999,11.0628,0.4118500923726575,2.7312549413449005,1.9571851998402596,0.9855551939834399,0.4247787610619469,0.6283185840707964,0.017699115044247787,0.0,0.0,0.0,True,True,False,2,60.0,360.0,0.0,0.0,0.207826536,0.6714816020055201,0.32851839799447996,weak_rules_v2,False,possible_sensor_stale,check_sensor_connection,0.067953,0.002174,train
synthetic_socket_left_on_0062_1771234800000,1771234800000,synthetic_scenario,socket_left_on,socket_left_on_0062,2026-02-16T12:40:00+03:00,2026-02-16,synthetic_hourly_summary,12,Monday,False,73,26.236,53.325,292.319,7,61,0,4,0,0.1055,87.693,106.391,0.064078,2.952,3.71,0.002157,92.995,124.503,0.067953,0.002174,0.032,48.0,26.0,70.0,0,1,0,0,0.073226,0.046219,63.276,45.801,False,False,False,True,False,afternoon,0.041011,72.363,114.934,0.026942,20.632000000000005,0.038275333333333335,60.43333333333334,0.043549000000000004,61.34283333333334,0.046219,45.801,0.031135766801756077,39.887703773635984,0.009243800000000002,9.160200000000001,0.073226,63.276,0.01318068,11.38968,2.3511975594452488,5.152070915482194,-0.4000552323552351,2.6092919204051386,0.0958904109589041,0.8356164383561644,0.0547945205479452,0.0,0.0,0.0,False,False,False,1,0.0,420.0,0.0,60.0,0.4159201375,0.13023602653162047,0.8697639734683795,weak_rules_v2,True,socket_left_on,turn_off_unused_socket,0.066184,0.002118,train
synthetic_socket_left_on_0062_1771238400000,1771238400000,synthetic_scenario,socket_left_on,socket_left_on_0062,2026-02-16T13:40:00+03:00,2026-02-16,synthetic_hourly_summary,13,Monday,False,63,28.179,42.879,248.964,4,36,0,5,0,0.0696,82.908,115.061,0.06416,2.616,3.354,0.002024,85.524,99.01,0.066184,0.002118,0.032,13.0,79.0,59.0,0,1,0,0,0.041861,0.034494,79.132,87.539,False,False,False,True,False,afternoon,0.067953,92.995,124.503,-0.0017689999999999928,-7.471000000000004,0.058382666666666666,83.62733333333334,0.04095766666666667,59.53983333333333,0.034494,87.539,0.01507028341914432,10.445949661631147,0.0068988,17.5078,0.041861,79.132,0.00753498,14.24376,4.593552501884387,-0.11509155919076072,3.22801122232574,0.44875791223665634,0.06349206349206349,0.5714285714285714,0.07936507936507936,0.0,0.0,0.0,False,False,False,1,0.0,480.0,0.0,120.0,0.397857648,0.8504140292544479,0.1495859707455521,weak_rules_v2,True,socket_left_on,turn_off_unused_socket,0.024773,0.000793,train
synthetic_socket_left_on_0062_1771242000000,1771242000000,synthetic_scenario,socket_left_on,socket_left_on_0062,2026-02-16T14:40:00+03:00,2026-02-16,synthetic_hourly_summary,14,Monday,False,109,25.763,41.89,720.59,3,86,0,8,0,0.0365,49.892,81.977,0.022987,3.025,5.461,0.001394,53.769,68.382,0.024773,0.000793,0.032,67.0,8.0,49.0,0,1,1,0,0.019485,0.018806,14.916,48.475,False,False,False,True,False,afternoon,0.066184,85.524,99.01,-0.041411,-31.755000000000003,0.052969999999999996,77.42933333333333,0.036499000000000004,58.294333333333334,0.018806,48.475,0.02443533193963206,20.82816579378349,0.0037612,9.695,0.019485,14.916,0.0035072999999999997,3.0,1.586461767521004,0.546054667354306,1.5077124853876205,12.950999999999999,0.027522935779816515,0.7889908256880734,0.07339449541284404,0.0,0.0,0.0,False,False,False,1,0.0,540.0,0.0,180.0,0.2590321575,0.0,1.0,weak_rules_v2,True,socket_left_on,turn_off_unused_socket,0.027243,0.000872,train
synthetic_socket_left_on_0062_1771245600000,1771245600000,synthetic_scenario,socket_left_on,socket_left_on_0062,2026-02-16T15:40:00+03:00,2026-02-16,synthetic_hourly_summary,15,Monday,False,63,24.559,54.086,416.417,0,30,0,0,0,0.0,31.518,49.292,0.024784,1.161,1.56,0.000913,34.645,53.763,0.027243,0.000872,0.032,56.0,21.0,62.0,0,1,3,0,0.030234,0.025787,34.317,37.736,False,False,False,True,False,afternoon,0.024773,53.769,68.382,0.00247,-19.123999999999995,0.0394,57.97933333333333,0.038837666666666666,59.20633333333334,0.025787,37.736,0.02322847857695382,25.69948132420837,0.0051574,7.5472,0.030234,34.317,0.00544212,6.17706,0.28231279326792547,-0.40955586177655207,-0.5496019933408305,0.053099694676756085,0.0,0.47619047619047616,0.0,0.0,0.0,60.0,False,False,False,1,0.0,600.0,0.0,240.0,0.17322500000000002,0.9823001017744146,0.01769989822558536,weak_rules_v2,True,socket_left_on,turn_off_unused_socket,0.016157,0.000517,train
synthetic_hub_offline_0017_1771299600000,1771299600000,synthetic_scenario,hub_offline,hub_offline_0017,2026-02-17T06:40:00+03:00,2026-02-17,synthetic_hourly_summary,6,Tuesday,False,167,28.21,44.969,358.514,27,63,0,14,0,0.1676,17.542,25.243,0.013708,0.0,0.0,0.0,20.676,33.142,0.016157,0.000517,0.032,1576.0,1032.0,2776.0,0,1,1,0,0.013414,0.013697,23.663,12.126,False,True,False,False,False,morning,0.027243,34.645,53.763,-0.011085999999999999,-13.969000000000005,0.022724333333333332,36.36333333333334,0.0405535,59.99533333333334,0.013697,12.126,0.005820019358501746,16.613282768114715,0.0027394000000000003,3.0,0.013414,23.663,0.00241452,4.25934,0.8980068628166752,2.8499999999999996,1.1360436028693077,-0.7012823582996431,0.16167664670658682,0.3772455089820359,0.08383233532934131,0.0,0.0,0.0,True,True,True,1,0.0,660.0,0.0,300.0,0.08605351199999998,0.766239213900119,0.23376078609988105,weak_rules_v2,False,hub_offline_or_stale,wait_for_fresh_data,0.047894,0.001533,train
synthetic_hub_offline_0017_1771303200000,1771303200000,synthetic_scenario,hub_offline,hub_offline_0017,2026-02-17T07:40:00+03:00,2026-02-17,synthetic_hourly_summary,7,Tuesday,False,132,23.872,48.876,624.462,23,45,0,3,0,0.1805,6.93,10.112,0.007276,35.088,52.18,0.036842,45.614,72.302,0.047894,0.001533,0.032,626.0,398.0,1230.0,1,0,0,0,0.014644,0.041419,25.541,41.758,False,True,False,False,False,morning,0.016157,20.676,33.142,0.031737,24.938,0.030431333333333335,33.645,0.041700666666666664,55.53716666666667,0.041419,41.758,0.01610693621808118,12.499038403013422,0.0082838,8.351600000000001,0.014644,25.541,0.00263592,4.59738,0.7816461044448203,0.4617079362038405,12.614191629487998,4.366182477846077,0.17424242424242425,0.3409090909090909,0.022727272727272728,0.0,0.0,0.0,True,True,True,1,60.0,0.0,0.0,360.0,0.186903365,0.0,1.0,weak_rules_v2,False,hub_offline_or_stale,wait_for_fresh_data,0.003621,0.000116,train
synthetic_hub_offline_0017_1771306800000,1771306800000,synthetic_scenario,hub_offline,hub_offline_0017,2026-02-17T08:40:00+03:00,2026-02-17,synthetic_hourly_summary,8,Tuesday,False,98,29.491,28.557,666.281,0,56,0,0,0,0.0,0.241,0.381,0.000169,0.0,0.0,0.0,5.162,7.025,0.003621,0.000116,0.032,1444.0,437.0,807.0,0,0,0,0,0.002532,0.002,4.521,1.637,False,True,False,True,False,morning,0.047894,45.614,72.302,-0.044273,-40.452,0.022557333333333332,23.817333333333334,0.030978666666666668,40.89833333333333,0.002,1.637,0.022819899919441694,20.408137037303003,0.002,3.0,0.002532,4.521,0.002,3.0,0.8105,1.175,0.5445000000000001,0.21366666666666667,0.0,0.5714285714285714,0.0,0.0,0.0,60.0,True,True,True,0,0.0,0.0,0.0,420.0,0.02581,0.9287777777777778,0.07122222222222223,weak_rules_v2,False,hub_offline_or_stale,wait_for_fresh_data,0.02173,0.000695,train
synthetic_hub_offline_0017_1771310400000,1771310400000,synthetic_scenario,hub_offline,hub_offline_0017,2026-02-17T09:40:00+03:00,2026-02-17,synthetic_hourly_summary,9,Tuesday,False,172,26.738,63.695,347.842,0,137,0,20,0,0.0,14.29,24.126,0.010334,11.503,14.087,0.008318,30.049,41.912,0.02173,0.000695,0.032,725.0,1468.0,1019.0,1,1,3,0,0.029264,0.012603,21.765,34.846,False,True,False,True,False,morning,0.003621,5.162,7.025,0.018109,24.887,0.024415000000000003,26.941666666666674,0.023569666666666666,31.652499999999993,0.012603,34.846,0.02225829173589029,20.404232804331027,0.0025206,6.9692,0.029264,21.765,0.0052675199999999995,3.9177,3.6209632627152266,-0.6883142971933647,-1.4302745884211165,2.1145059601296676,0.0,0.7965116279069767,0.11627906976744186,0.0,0.0,60.0,True,True,True,2,60.0,60.0,0.0,480.0,0.150245,0.2951646799567774,0.7048353200432226,weak_rules_v2,False,hub_offline_or_stale,wait_for_fresh_data,0.140104,0.004483,train
synthetic_ac_left_on_0041_1771317600000,1771317600000,synthetic_scenario,ac_left_on,ac_left_on_0041,2026-02-17T11:40:00+03:00,2026-02-17,synthetic_hourly_summary,11,Tuesday,False,144,25.841,49.545,586.774,12,22,0,14,0,0.0893,6.736,8.463,0.004405,206.494,358.436,0.135037,214.242,281.607,0.140104,0.004483,0.032,16.0,43.0,7.0,1,0,1,0,0.134999,0.118556,173.284,123.18,False,True,False,True,False,morning,0.02173,30.049,41.912,0.11837400000000001,184.19299999999998,0.055151666666666675,83.151,0.0427915,58.398,0.118556,123.18,0.0741259615407,114.20804876627565,0.0237112,24.636000000000003,0.134999,173.284,0.02429982,31.191119999999998,0.9087688518506026,3.696298100340963,0.21008386070349486,1.3131301472983337,0.08333333333333333,0.1527777777777778,0.09722222222222222,0.0,0.0,0.0,False,False,False,1,120.0,0.0,60.0,540.0,0.9107,0.5622899509005554,0.43771004909944455,weak_rules_v2,True,ac_running_empty_room,turn_off_or_adjust_ac,0.22727,0.007273,train
synthetic_ac_left_on_0041_1771321200000,1771321200000,synthetic_scenario,ac_left_on,ac_left_on_0041,2026-02-17T12:40:00+03:00,2026-02-17,synthetic_hourly_summary,12,Tuesday,False,53,30.148,54.818,484.068,6,14,0,0,7,0.114,0.0,0.0,0.0,214.73,276.42,0.225466,216.448,296.167,0.22727,0.007273,0.032,22.0,43.0,64.0,1,0,0,0,0.219678,0.144958,194.322,141.037,False,False,False,True,False,afternoon,0.140104,214.242,281.607,0.087166,2.2060000000000173,0.12970133333333334,153.57966666666667,0.07612933333333334,88.69850000000001,0.144958,141.037,0.10316411442615758,106.98638144330953,0.028991600000000003,28.207400000000003,0.219678,194.322,0.03954204,34.977959999999996,2.839167207053077,2.6734473932372356,0.19199818724577658,0.6325697667902875,0.11320754716981132,0.2641509433962264,0.0,0.0,0.1320754716981132,0.0,False,False,False,1,180.0,0.0,120.0,600.0,0.886,0.7891434110699042,0.21085658893009585,weak_rules_v2,True,ac_running_empty_room,turn_off_or_adjust_ac,0.203442,0.00651,train
synthetic_ac_left_on_0041_1771324800000,1771324800000,synthetic_scenario,ac_left_on,ac_left_on_0041,2026-02-17T13:40:00+03:00,2026-02-17,synthetic_hourly_summary,13,Tuesday,False,88,24.472,52.103,306.529,0,18,0,4,0,0.0,17.985,21.479,0.014412,232.955,331.336,0.186671,253.886,285.714,0.203442,0.00651,0.032,13.0,10.0,8.0,1,1,2,0,0.153474,0.120991,159.305,141.571,False,False,False,True,False,afternoon,0.22727,216.448,296.167,-0.023827999999999988,37.43799999999999,0.190272,228.192,0.1073435,127.56683333333332,0.120991,141.571,0.04505068882936203,22.278977445115984,0.024198200000000003,28.3142,0.153474,159.305,0.02762532,28.6749,3.407319552694002,3.96673753805511,1.8087754277597514,3.298389881045792,0.0,0.20454545454545456,0.045454545454545456,0.0,0.0,60.0,False,False,False,2,240.0,60.0,180.0,660.0,1.0,0.0,1.0,weak_rules_v2,True,ac_running_empty_room,turn_off_or_adjust_ac,0.08877,0.002841,train
synthetic_ac_left_on_0041_1771328400000,1771328400000,synthetic_scenario,ac_left_on,ac_left_on_0041,2026-02-17T14:40:00+03:00,2026-02-17,synthetic_hourly_summary,14,Tuesday,False,54,24.136,54.964,292.037,1,41,0,1,0,0.0235,3.645,4.288,0.001624,195.584,327.088,0.087146,199.229,243.598,0.08877,0.002841,0.032,53.0,15.0,63.0,1,0,1,0,0.017754,0.052262,180.676,95.69,False,False,False,True,False,afternoon,0.203442,253.886,285.714,-0.11467200000000001,-54.65699999999998,0.17316066666666666,223.18766666666667,0.11415616666666667,153.16933333333336,0.052262,95.69,0.07404918541978256,27.944842857552807,0.0104524,19.138,0.017754,180.676,0.0031957199999999996,32.521679999999996,3.492786345719643,5.410126449994775,22.222222222222225,0.5704809837622173,0.018518518518518517,0.7592592592592593,0.018518518518518517,0.0,0.0,0.0,False,False,False,1,300.0,0.0,240.0,720.0,0.9727355925000001,0.8098396720792609,0.19016032792073911,weak_rules_v2,True,ac_running_empty_room,turn_off_or_adjust_ac,0.027724,0.000887,train
synthetic_hub_offline_0087_1771332000000,1771332000000,synthetic_scenario,hub_offline,hub_offline_0087,2026-02-17T15:40:00+03:00,2026-02-17,synthetic_hourly_summary,15,Tuesday,False,59,29.744,50.412,162.51,31,38,0,3,0,0.5336,0.0,0.0,0.0,49.935,74.201,0.027475,50.388,70.568,0.027724,0.000887,0.032,1751.0,1518.0,738.0,1,0,1,0,0.025833,0.019583,44.619,29.109,False,False,False,True,False,afternoon,0.08877,199.229,243.598,-0.061046,-148.841,0.10664533333333336,167.83433333333335,0.11817333333333334,160.70700000000002,0.019583,29.109,0.08921238443923206,105.31893382641758,0.0039166,5.8218000000000005,0.025833,44.619,0.004649939999999999,8.031419999999999,2.0785885717203696,3.6550551375863125,0.4066719140462029,0.7183038615836301,0.5254237288135594,0.6440677966101694,0.05084745762711865,0.0,0.0,0.0,True,True,True,1,360.0,0.0,0.0,0.0,0.11750481600000001,0.7605653794721233,0.2394346205278767,weak_rules_v2,False,hub_offline_or_stale,wait_for_fresh_data,0.216109,0.006915,train
synthetic_high_energy_0074_1771335600000,1771335600000,synthetic_scenario,high_energy,high_energy_0074,2026-02-17T16:40:00+03:00,2026-02-17,synthetic_hourly_summary,16,Tuesday,False,97,29.187,41.488,312.593,24,40,0,5,0,0.2491,41.196,64.928,0.038902,187.655,233.308,0.177207,228.851,340.304,0.216109,0.006915,0.032,50.0,27.0,38.0,1,1,2,0,0.108621,0.102146,98.594,78.076,False,False,False,True,False,afternoon,0.027724,50.388,70.568,0.188385,178.463,0.11086766666666666,159.48933333333335,0.15056983333333332,193.8406666666667,0.102146,78.076,0.09611689347005203,95.63833657238779,0.0204292,15.6152,0.108621,98.594,0.019551779999999998,17.74692,5.5784367474007786,9.655656027460424,5.497606867507716,7.339696127553402,0.24742268041237114,0.41237113402061853,0.05154639175257732,0.0,0.0,0.0,False,False,False,2,420.0,60.0,60.0,0.0,0.7509,0.0,1.0,weak_rules_v2,True,unusual_same_hour_usage,review_unusual_usage,0.061748,0.001976,train
synthetic_hub_offline_0087_1771335600000,1771335600000,synthetic_scenario,hub_offline,hub_offline_0087,2026-02-17T16:40:00+03:00,2026-02-17,synthetic_hourly_summary,16,Tuesday,False,166,29.029,46.674,236.881,4,145,0,15,0,0.0262,20.564,36.028,0.016781,55.103,80.034,0.044967,75.667,118.171,0.061748,0.001976,0.032,324.0,1216.0,1029.0,1,1,1,0,0.056335,0.036437,69.54,67.409,False,False,False,True,False,afternoon,0.216109,228.851,340.304,-0.154361,-153.184,0.10186033333333333,118.30200000000002,0.1375105,170.74483333333333,0.036437,67.409,0.10039410600395489,96.56898058382929,0.0072873999999999994,13.481800000000002,0.056335,69.54,0.0101403,12.5172,3.47325520761863,0.612529484193505,0.53381063676617,0.48948646662192785,0.024096385542168676,0.8734939759036144,0.09036144578313253,0.0,0.0,0.0,True,True,True,2,480.0,120.0,0.0,60.0,0.368422623,0.8368378444593574,0.16316215554064262,weak_rules_v2,False,hub_offline_or_stale,wait_for_fresh_data,0.04041,0.001293,train
synthetic_hub_offline_0087_1771339200000,1771339200000,synthetic_scenario,hub_offline,hub_offline_0087,2026-02-17T17:40:00+03:00,2026-02-17,synthetic_hourly_summary,17,Tuesday,False,90,29.156,39.129,358.086,39,34,0,6,0,0.4374,13.551,23.944,0.009013,47.203,53.901,0.031397,60.754,90.602,0.04041,0.001293,0.032,1488.0,1378.0,2740.0,1,1,3,0,0.012696,0.032614,42.553,41.623,False,False,True,True,False,evening,0.061748,75.667,118.171,-0.021337999999999996,-14.913000000000004,0.106089,121.75733333333334,0.10636716666666667,144.79583333333332,0.032614,41.623,0.09587558532285473,93.0450937574536,0.0065228,8.3246,0.012696,42.553,0.00228528,7.659539999999999,1.195192248727541,2.2981284386036567,12.127179164041168,2.376252359802286,0.43333333333333335,0.37777777777777777,0.06666666666666667,0.0,0.0,0.0,True,True,True,2,540.0,180.0,0.0,0.0,0.170901002,0.20791588006590456,0.7920841199340954,weak_rules_v2,False,hub_offline_or_stale,wait_for_fresh_data,0.206475,0.006607,train
synthetic_high_energy_0074_1771339200000,1771339200000,synthetic_scenario,high_energy,high_energy_0074,2026-02-17T17:40:00+03:00,2026-02-17,synthetic_hourly_summary,17,Tuesday,False,97,23.415,43.575,337.358,78,89,0,8,0,0.8115,55.618,72.573,0.03663,257.887,322.721,0.169844,313.505,411.16,0.206475,0.006607,0.032,10.0,22.0,71.0,1,1,0,0,0.084406,0.09489,108.991,171.795,False,False,True,True,False,evening,0.04041,60.754,90.602,0.166065,252.751,0.10287766666666669,149.97533333333334,0.10687266666666666,154.73233333333334,0.09489,171.795,0.09035005902783534,141.8170063932155,0.018978000000000002,34.359,0.084406,108.991,0.015193079999999998,19.61838,5.879702813784381,4.1243924444832505,8.034513080955278,10.424612021991624,0.8041237113402062,0.9175257731958762,0.08247422680412371,0.0,0.0,0.0,False,False,False,2,600.0,240.0,60.0,0.0,0.1885,0.0,1.0,weak_rules_v2,True,unusual_same_hour_usage,review_unusual_usage,0.434313,0.013898,train
synthetic_high_energy_0074_1771342800000,1771342800000,synthetic_scenario,high_energy,high_energy_0074,2026-02-17T18:40:00+03:00,2026-02-17,synthetic_hourly_summary,18,Tuesday,False,124,25.172,31.769,279.033,91,97,0,5,0,0.7417,140.526,197.566,0.116236,379.693,543.722,0.314062,525.072,861.936,0.434313,0.013898,0.032,21.0,26.0,87.0,1,1,3,0,0.205654,0.214628,350.048,195.25,False,False,True,False,False,evening,0.206475,313.505,411.16,0.227838,211.567,0.227066,299.777,0.16446316666666666,209.0395,0.214628,195.25,0.19775713719863566,232.46321164648822,0.04292560000000001,39.050000000000004,0.205654,350.048,0.03701772,63.00864,5.1178084872430425,8.446145966709347,6.177014683778472,2.7777777777777777,0.7338709677419355,0.782258064516129,0.04032258064516129,0.0,0.0,0.0,False,False,False,2,660.0,300.0,120.0,0.0,0.2583,0.07407407407407407,0.9259259259259259,weak_rules_v2,True,unusual_same_hour_usage,review_unusual_usage,0.003023,9.7e-05,train
synthetic_hub_offline_0087_1771342800000,1771342800000,synthetic_scenario,hub_offline,hub_offline_0087,2026-02-17T18:40:00+03:00,2026-02-17,synthetic_hourly_summary,18,Tuesday,False,72,31.811,62.773,374.323,2,30,0,2,10,0.0406,4.504,6.907,0.003023,0.0,0.0,0.0,4.504,5.968,0.003023,9.7e-05,0.032,1058.0,1113.0,2441.0,0,0,1,0,0.00212,0.003529,3.64,2.15,False,False,True,False,False,evening,0.434313,525.072,861.936,-0.43129,-520.568,0.21460366666666664,281.027,0.16034633333333334,201.39216666666667,0.003529,2.15,0.2157598721758366,261.7993048481985,0.002,3.0,0.00212,3.64,0.002,3.0,-0.25299999999999995,0.7846666666666665,0.45150000000000007,0.2879999999999998,0.027777777777777776,0.4166666666666667,0.027777777777777776,0.0,0.1388888888888889,0.0,True,True,True,0,0.0,0.0,0.0,60.0,0.021605687999999998,0.904,0.09599999999999993,weak_rules_v2,False,hub_offline_or_stale,wait_for_fresh_data,0.169391,0.005421,train
synthetic_high_energy_0074_1771346400000,1771346400000,synthetic_scenario,high_energy,high_energy_0074,2026-02-17T19:40:00+03:00,2026-02-17,synthetic_hourly_summary,19,Tuesday,False,78,30.178,39.583,811.528,6,20,0,3,11,0.0832,100.965,133.012,0.041907,299.232,338.627,0.124202,408.105,507.861,0.169391,0.005421,0.032,20.0,46.0,11.0,1,1,2,0,0.08621,0.074905,219.995,177.737,False,False,True,False,False,evening,0.003023,4.504,5.968,0.16636800000000002,403.601,0.20224233333333333,312.56033333333335,0.15256,231.26783333333333,0.074905,177.737,0.21751361704806743,273.11965903671836,0.014981000000000001,35.5474,0.08621,219.995,0.015517799999999998,39.5991,6.307055603764769,6.480586484524888,5.360360360360362,4.750360487990889,0.07692307692307693,0.2564102564102564,0.038461538461538464,0.0,0.14102564102564102,0.0,False,False,False,2,60.0,60.0,60.0,120.0,0.9168000000000001,0.0,1.0,weak_rules_v2,True,ac_running_empty_room,turn_off_or_adjust_ac,0.039897,0.001277,train
synthetic_stale_data_0076_1771382400000,1771382400000,synthetic_scenario,stale_data,stale_data_0076,2026-02-18T05:40:00+03:00,2026-02-18,synthetic_hourly_summary,5,Wednesday,False,147,28.927,60.681,364.273,38,113,0,10,0,0.2633,16.703,28.359,0.015419,23.525,26.129,0.021717,43.219,63.271,0.039897,0.001277,0.032,655.0,1581.0,62.0,1,1,1,0,0.016867,0.031558,30.57,37.857,True,True,False,False,True,morning,0.169391,408.105,507.861,-0.129494,-364.886,0.07077033333333334,151.94266666666667,0.14891816666666666,225.85983333333334,0.031558,37.857,0.08737533913715774,222.68603137676448,0.0063116000000000005,7.571400000000001,0.016867,30.57,0.0030360599999999997,5.5026,1.3212180746561883,0.7081913516654782,7.58548908783094,2.2987315087413225,0.2585034013605442,0.7687074829931972,0.06802721088435375,0.0,0.0,0.0,True,True,False,2,120.0,120.0,0.0,0.0,0.1591971865,0.23375616375289254,0.7662438362471075,weak_rules_v2,False,possible_sensor_stale,check_sensor_connection,0.011867,0.00038,train
synthetic_stale_data_0076_1771386000000,1771386000000,synthetic_scenario,stale_data,stale_data_0076,2026-02-18T06:40:00+03:00,2026-02-18,synthetic_hourly_summary,6,Wednesday,False,51,26.59,50.626,455.321,1,17,0,5,0,0.0265,14.49,21.492,0.01065,0.0,0.0,0.0,16.146,22.932,0.011867,0.00038,0.032,559.0,656.0,20.0,0,1,1,0,0.005505,0.008639,6.421,14.878,False,True,False,False,False,morning,0.039897,43.219,63.271,-0.02803,-27.073,0.07371833333333334,155.82333333333335,0.144161,218.42516666666666,0.008639,14.878,0.0840319259884797,218.90127074627347,0.002,3.0,0.005505,6.421,0.002,3.0,1.6139999999999999,0.4226666666666669,3.181,3.241666666666667,0.0196078431372549,0.3333333333333333,0.09803921568627451,0.0,0.0,0.0,True,True,False,1,0.0,180.0,0.0,60.0,0.07859065500000001,0.0,1.0,weak_rules_v2,False,possible_sensor_stale,check_sensor_connection,0.02418,0.000774,train
synthetic_stale_data_0076_1771389600000,1771389600000,synthetic_scenario,stale_data,stale_data_0076,2026-02-18T07:40:00+03:00,2026-02-18,synthetic_hourly_summary,7,Wednesday,False,60,28.136,48.085,235.734,60,11,0,0,0,1.0,10.151,12.871,0.006086,30.179,45.679,0.018094,40.329,52.743,0.02418,0.000774,0.032,432.0,867.0,52.0,1,1,1,0,0.038046,0.02138,16.333,39.06,False,True,False,False,False,morning,0.011867,16.146,22.932,0.012313,24.183,0.02531466666666667,33.23133333333333,0.11377849999999999,172.89583333333337,0.02138,39.06,0.014049406618548945,14.866724129186291,0.004276,7.812000000000001,0.038046,16.333,0.00684828,3.0,0.6548175865294669,0.16244239631336382,-2.0247419790078682,7.998666666666668,1.0,0.18333333333333332,0.0,0.0,0.0,0.0,True,True,False,2,60.0,240.0,0.0,0.0,0.0,0.0,1.0,weak_rules_v2,False,possible_sensor_stale,check_sensor_connection,0.061576,0.00197,train
synthetic_stale_data_0076_1771393200000,1771393200000,synthetic_scenario,stale_data,stale_data_0076,2026-02-18T08:40:00+03:00,2026-02-18,synthetic_hourly_summary,8,Wednesday,False,176,30.54,57.664,555.138,79,73,0,9,26,0.453,14.891,22.597,0.010791,67.323,91.144,0.048789,84.968,127.854,0.061576,0.00197,0.032,686.0,1266.0,41.0,1,1,1,0,0.026921,0.048152,68.424,60.903,False,True,False,True,False,morning,0.02418,40.329,52.743,0.037396,44.639,0.032541,47.14766666666667,0.051655666666666676,99.5451666666667,0.048152,60.903,0.02588775600549406,34.91400266846138,0.0096304,12.1806,0.026921,68.424,0.00484578,12.316320000000001,1.3939192556903137,1.9756826428911551,7.151583439611373,1.3432583758785088,0.44886363636363635,0.4147727272727273,0.05113636363636364,0.0,0.14772727272727273,0.0,True,True,False,2,120.0,300.0,0.0,0.0,0.23238747999999998,0.552247208040497,0.44775279195950296,weak_rules_v2,False,possible_sensor_stale,check_sensor_connection,0.260017,0.008321,train
synthetic_high_energy_0094_1771400400000,1771400400000,synthetic_scenario,high_energy,high_energy_0094,2026-02-18T10:40:00+03:00,2026-02-18,synthetic_hourly_summary,10,Wednesday,False,131,22.987,51.977,734.688,49,68,0,8,0,0.3775,86.367,121.724,0.049804,359.265,388.232,0.207172,450.905,457.27,0.260017,0.008321,0.032,36.0,28.0,66.0,1,1,3,0,0.118307,0.123857,212.394,189.153,False,True,False,True,False,morning,0.061576,84.968,127.854,0.198441,365.93699999999995,0.11525766666666666,192.06733333333332,0.094488,173.94533333333334,0.123857,189.153,0.12675197688530673,225.2684250940049,0.0247714,37.8306,0.118307,212.394,0.02129526,38.23092,5.496661472504583,6.919054944938752,6.654532510990709,6.23869370656003,0.37404580152671757,0.5190839694656488,0.061068702290076333,0.0,0.0,0.0,False,False,False,2,180.0,360.0,60.0,0.0,0.6225,0.0,1.0,weak_rules_v2,True,unusual_same_hour_usage,review_unusual_usage,0.325159,0.010405,train
synthetic_high_energy_0094_1771404000000,1771404000000,synthetic_scenario,high_energy,high_energy_0094,2026-02-18T11:40:00+03:00,2026-02-18,synthetic_hourly_summary,11,Wednesday,False,177,28.36,40.485,434.015,116,29,0,8,0,0.6563,135.594,208.995,0.08638,374.82,482.445,0.238779,510.414,767.368,0.325159,0.010405,0.032,64.0,32.0,8.0,1,1,1,0,0.131833,0.122597,183.303,207.214,False,True,False,True,False,morning,0.260017,450.905,457.27,0.06514199999999998,59.509000000000015,0.215584,348.76233333333334,0.12044933333333334,190.99683333333337,0.122597,207.214,0.1372942755143127,230.38211300865626,0.0245194,41.442800000000005,0.131833,183.303,0.02372994,32.99454,8.261295137727675,7.316107984981708,8.146923253914673,9.914094877516098,0.655367231638418,0.1638418079096045,0.04519774011299435,0.0,0.0,0.0,False,False,False,2,240.0,420.0,120.0,0.0,0.3437,0.0,1.0,weak_rules_v2,True,unusual_same_hour_usage,review_unusual_usage,0.246284,0.007881,train
synthetic_high_energy_0094_1771407600000,1771407600000,synthetic_scenario,high_energy,high_energy_0094,2026-02-18T12:40:00+03:00,2026-02-18,synthetic_hourly_summary,12,Wednesday,False,160,26.581,48.488,583.996,160,32,0,16,0,1.0,100.942,161.738,0.0625,289.547,331.692,0.179278,397.765,553.225,0.246284,0.007881,0.032,70.0,66.0,49.0,1,1,1,0,0.091245,0.108591,181.696,202.959,False,False,False,True,False,afternoon,0.325159,510.414,767.368,-0.07887499999999997,-112.649,0.2771533333333333,453.02799999999996,0.15484716666666667,250.08783333333335,0.108591,202.959,0.04213735689780909,56.35449979371592,0.0217182,40.591800000000006,0.091245,181.696,0.0164241,32.70528,6.339982134799385,4.799146625673164,9.439725768839692,6.606547933544674,1.0,0.2,0.1,0.0,0.0,0.0,False,False,False,2,300.0,480.0,180.0,0.0,0.0,0.0,1.0,weak_rules_v2,True,unusual_same_hour_usage,review_unusual_usage,0.131169,0.004197,train
synthetic_high_energy_0094_1771411200000,1771411200000,synthetic_scenario,high_energy,high_energy_0094,2026-02-18T13:40:00+03:00,2026-02-18,synthetic_hourly_summary,13,Wednesday,False,89,23.079,58.849,78.669,39,27,0,1,0,0.4466,100.774,170.99,0.051745,154.678,221.704,0.079423,255.452,284.088,0.131169,0.004197,0.032,5.0,9.0,45.0,1,1,1,0,0.056086,0.093692,103.997,98.698,False,False,False,True,False,afternoon,0.246284,397.765,553.225,-0.115115,-142.313,0.234204,387.87699999999995,0.1747308333333333,289.9721666666667,0.093692,98.698,0.0975575462227295,127.76828545848124,0.0187384,19.7396,0.056086,103.997,0.010095479999999999,18.719459999999998,2.0000106732698635,7.941093031267099,7.4372887668540795,8.090778259629284,0.43820224719101125,0.30337078651685395,0.011235955056179775,0.0,0.0,0.0,False,False,False,2,360.0,540.0,240.0,0.0,0.5534,0.0,1.0,weak_rules_v2,True,unusual_same_hour_usage,review_unusual_usage,0.186276,0.005961,train
synthetic_ac_left_on_0081_1771447200000,1771447200000,synthetic_scenario,ac_left_on,ac_left_on_0081,2026-02-18T23:40:00+03:00,2026-02-18,synthetic_hourly_summary,23,Wednesday,False,121,33.857,55.25,145.582,12,51,0,3,18,0.1037,6.647,10.64,0.005217,226.437,312.322,0.177706,237.357,309.969,0.186276,0.005961,0.032,68.0,37.0,17.0,1,0,1,0,0.152545,0.17454,185.965,221.702,True,False,False,False,True,night,0.131169,255.452,284.088,0.05510699999999999,-18.095,0.18790966666666667,296.858,0.20174683333333335,322.8101666666667,0.17454,221.702,0.057574885638907995,87.85513213808277,0.034908,44.3404,0.152545,185.965,0.027458099999999996,33.4737,0.33619800618769324,0.35306402287755634,1.2284535346582617,1.5352948732885816,0.09917355371900827,0.4214876033057851,0.024793388429752067,0.0,0.1487603305785124,0.0,False,False,False,1,420.0,0.0,300.0,60.0,0.8963,0.4882350422371394,0.5117649577628606,weak_rules_v2,True,ac_running_empty_room,turn_off_or_adjust_ac,0.237253,0.007592,train
synthetic_ac_left_on_0081_1771450800000,1771450800000,synthetic_scenario,ac_left_on,ac_left_on_0081,2026-02-19T00:40:00+03:00,2026-02-19,synthetic_hourly_summary,0,Thursday,False,139,25.949,55.913,454.504,7,83,0,13,0,0.0506,11.326,16.192,0.009236,279.627,376.368,0.228017,290.953,471.019,0.237253,0.007592,0.032,49.0,68.0,83.0,1,1,1,0,0.144834,0.211302,217.187,221.55,True,False,False,False,True,night,0.186276,237.357,309.969,0.050976999999999995,53.595999999999975,0.18489933333333333,261.25399999999996,0.23102633333333333,357.141,0.211302,221.55,0.05305539720267235,27.264999669906405,0.042260400000000004,44.31,0.144834,217.187,0.02607012,39.09366,0.6140736954690443,1.5663055743624454,3.5450162868448634,1.8869044238886807,0.050359712230215826,0.5971223021582733,0.09352517985611511,0.0,0.0,0.0,False,False,False,2,480.0,60.0,360.0,120.0,0.9494,0.3710318587037731,0.6289681412962269,weak_rules_v2,True,ac_running_empty_room,turn_off_or_adjust_ac,0.046426,0.001486,train
synthetic_stale_data_0066_1771454400000,1771454400000,synthetic_scenario,stale_data,stale_data_0066,2026-02-19T01:40:00+03:00,2026-02-19,synthetic_hourly_summary,1,Thursday,False,55,30.88,72.938,81.044,44,48,0,0,8,0.8036,17.907,19.35,0.014694,35.031,45.315,0.028745,56.578,62.785,0.046426,0.001486,0.032,342.0,1069.0,5.0,1,1,2,0,0.009285,0.036521,71.9,60.269,True,False,False,False,True,night,0.237253,290.953,471.019,-0.190827,-234.37499999999997,0.15665166666666666,194.96266666666665,0.19542783333333336,291.4198333333333,0.036521,60.269,0.09880251427131463,122.80419284508716,0.0073042,12.0538,0.009285,71.9,0.002,12.942,1.3560691109224834,-0.30621048963812203,18.5705,-1.1838973883480144,0.8,0.8727272727272727,0.0,0.0,0.14545454545454545,0.0,True,True,False,2,540.0,120.0,0.0,0.0,0.05555959600000001,0.6053675372173286,0.39463246278267144,weak_rules_v2,False,possible_sensor_stale,check_sensor_connection,0.109015,0.003488,train
synthetic_ac_left_on_0081_1771454400000,1771454400000,synthetic_scenario,ac_left_on,ac_left_on_0081,2026-02-19T01:40:00+03:00,2026-02-19,synthetic_hourly_summary,1,Thursday,False,61,29.388,61.399,500.068,7,22,0,0,0,0.1191,14.877,20.395,0.009289,157.366,238.654,0.098256,174.598,244.583,0.109015,0.003488,0.032,70.0,37.0,43.0,1,1,0,0,0.08054,0.058844,130.348,101.869,True,False,False,False,True,night,0.046426,56.578,62.785,0.062589,118.02000000000001,0.130898,174.043,0.15940383333333333,235.4505,0.058844,101.869,0.0972773624693844,117.18848567585482,0.011768800000000001,20.373800000000003,0.08054,130.348,0.0144972,23.46264,4.263051458092583,3.569731714260472,1.964172391910162,1.8859770256032569,0.11475409836065574,0.36065573770491804,0.0,0.0,0.0,0.0,False,False,False,2,600.0,180.0,60.0,60.0,0.769016891,0.3713409914655811,0.6286590085344189,weak_rules_v2,True,ac_running_empty_room,turn_off_or_adjust_ac,0.16165,0.005173,train
synthetic_ac_left_on_0081_1771458000000,1771458000000,synthetic_scenario,ac_left_on,ac_left_on_0081,2026-02-19T02:40:00+03:00,2026-02-19,synthetic_hourly_summary,2,Thursday,False,178,28.873,51.929,282.407,4,144,0,9,0,0.0238,4.851,7.759,0.002803,274.898,357.921,0.158847,279.749,368.378,0.16165,0.005173,0.032,71.0,70.0,8.0,1,0,1,0,0.174855,0.156222,191.977,300.632,True,False,False,False,True,night,0.109015,174.598,244.583,0.05263499999999999,105.15100000000001,0.105697,170.30833333333337,0.14529816666666664,215.78116666666668,0.156222,300.632,0.05768361454520681,111.64732303254463,0.031244400000000002,60.126400000000004,0.174855,191.977,0.0314739,34.55586,0.17372713190203645,-0.34731831608078945,-0.41955397964662855,2.540003345308148,0.02247191011235955,0.8089887640449438,0.05056179775280899,0.0,0.0,0.0,False,False,False,1,660.0,0.0,120.0,120.0,0.9762,0.15333221823061738,0.8466677817693826,weak_rules_v2,True,ac_running_empty_room,turn_off_or_adjust_ac,0.048107,0.001539,train
synthetic_stale_data_0066_1771458000000,1771458000000,synthetic_scenario,stale_data,stale_data_0066,2026-02-19T02:40:00+03:00,2026-02-19,synthetic_hourly_summary,2,Thursday,False,146,27.537,44.322,386.148,5,73,0,8,0,0.0371,10.292,12.193,0.007326,54.599,71.537,0.038867,67.578,85.071,0.048107,0.001539,0.032,1150.0,1353.0,44.0,1,1,0,0,0.056699,0.036271,47.784,65.617,True,False,False,False,True,night,0.16165,279.749,368.378,-0.11354299999999999,-212.17100000000002,0.10625733333333331,173.97500000000002,0.13145449999999997,184.46883333333335,0.036271,65.617,0.056821710255265355,106.08687198235245,0.0072542,13.123400000000002,0.056699,47.784,0.010205819999999999,8.60112,1.6316065176035952,0.1494277397625614,-0.8418725785875122,2.301328199118255,0.03424657534246575,0.5,0.0547945205479452,0.0,0.0,0.0,True,True,False,2,720.0,60.0,0.0,180.0,0.325354281,0.23289060029391495,0.767109399706085,weak_rules_v2,False,possible_sensor_stale,check_sensor_connection,0.029575,0.000946,train
synthetic_stale_data_0066_1771461600000,1771461600000,synthetic_scenario,stale_data,stale_data_0066,2026-02-19T03:40:00+03:00,2026-02-19,synthetic_hourly_summary,3,Thursday,False,58,28.866,57.542,245.237,43,14,0,3,0,0.7527,3.349,4.996,0.002963,30.081,44.73,0.026612,33.43,43.201,0.029575,0.000946,0.032,1713.0,1595.0,41.0,1,0,0,0,0.017587,0.01996,35.211,33.389,True,False,False,False,True,night,0.048107,67.578,85.071,-0.018531999999999996,-34.148,0.07977733333333333,126.919,0.10533766666666665,150.48100000000002,0.01996,33.389,0.07150670539420288,133.45140745230103,0.003992,6.677800000000001,0.017587,35.211,0.0031656599999999994,6.337979999999999,2.4085671342685377,0.00613974662313888,3.786888042303976,-0.2810043578553418,0.7413793103448276,0.2413793103448276,0.05172413793103448,0.0,0.0,0.0,True,True,False,1,780.0,0.0,0.0,0.0,0.04133619499999999,0.9063318807148861,0.09366811928511393,weak_rules_v2,False,possible_sensor_stale,check_sensor_connection,0.041809,0.001338,train
synthetic_stale_data_0066_1771465200000,1771465200000,synthetic_scenario,stale_data,stale_data_0066,2026-02-19T04:40:00+03:00,2026-02-19,synthetic_hourly_summary,4,Thursday,False,136,25.544,61.041,255.186,84,27,0,14,0,0.6235,10.164,14.42,0.006884,51.555,67.394,0.034917,61.731,81.225,0.041809,0.001338,0.032,463.0,440.0,49.0,1,1,1,0,0.031464,0.040677,44.757,71.71,True,False,False,False,True,night,0.029575,33.43,43.201,0.012233999999999998,28.301000000000002,0.039830333333333336,54.24633333333333,0.07276366666666666,112.27733333333337,0.040677,71.71,0.009423115054657852,18.26298585482208,0.0081354,14.341999999999999,0.031464,44.757,0.00566352,8.05626,0.1391449713597366,-0.6957885929438009,1.8266025369381587,2.106932993721653,0.6176470588235294,0.19852941176470587,0.10294117647058823,0.0,0.0,0.0,True,True,False,2,840.0,60.0,0.0,0.0,0.11620860749999999,0.2976890020927824,0.7023109979072176,weak_rules_v2,False,possible_sensor_stale,check_sensor_connection,0.021309,0.000682,train
synthetic_normal_usage_0060_1771465200000,1771465200000,synthetic_scenario,normal_usage,normal_usage_0060,2026-02-19T04:40:00+03:00,2026-02-19,synthetic_hourly_summary,4,Thursday,False,144,25.759,59.831,346.268,100,143,0,14,0,0.698,10.494,15.032,0.006717,19.932,22.384,0.012757,33.293,43.506,0.021309,0.000682,0.032,35.0,72.0,31.0,1,1,1,0,0.024984,0.022767,30.237,29.155,True,False,False,False,True,night,0.041809,61.731,81.225,-0.020499999999999997,-28.438000000000002,0.030897666666666667,42.818000000000005,0.06857749999999999,108.39650000000005,0.022767,29.155,0.010313805569881481,16.379281699760337,0.0045534,5.831,0.024984,30.237,0.004497119999999999,5.442659999999999,-0.32020028989326604,0.7096552906877033,-0.817189668054221,0.5614901537116045,0.6944444444444444,0.9930555555555556,0.09722222222222222,0.0,0.0,0.0,False,False,False,2,900.0,120.0,0.0,0.0,0.05027243000000001,0.8128366154294652,0.18716338457053483,weak_rules_v2,False,normal,keep_monitoring,0.06123,0.001959,train
synthetic_normal_usage_0060_1771468800000,1771468800000,synthetic_scenario,normal_usage,normal_usage_0060,2026-02-19T05:40:00+03:00,2026-02-19,synthetic_hourly_summary,5,Thursday,False,162,27.505,56.695,545.839,102,10,0,3,0,0.6346,12.253,18.752,0.008995,61.544,61.544,0.045183,83.401,123.835,0.06123,0.001959,0.032,22.0,7.0,69.0,1,1,1,0,0.056065,0.028331,52.441,87.218,True,True,False,False,True,morning,0.021309,33.293,43.506,0.039921,50.108,0.04144933333333333,59.474999999999994,0.06061333333333332,93.19700000000002,0.028331,87.218,0.01996293015399592,25.130063032155235,0.0056662,17.4436,0.056065,52.441,0.010091699999999999,9.43938,5.806184038685538,-0.2188195097342296,0.5118067322651292,3.2798764325623075,0.6296296296296297,0.06172839506172839,0.018518518518518517,0.0,0.0,0.0,False,False,False,2,960.0,180.0,0.0,0.0,0.15237362699999996,0.0,1.0,weak_rules_v2,True,unusual_same_hour_usage,review_unusual_usage,0.012973,0.000415,train
synthetic_normal_usage_0060_1771472400000,1771472400000,synthetic_scenario,normal_usage,normal_usage_0060,2026-02-19T06:40:00+03:00,2026-02-19,synthetic_hourly_summary,6,Thursday,False,173,22.609,67.194,40.0,127,142,0,16,0,0.7377,8.707,9.851,0.008837,0.0,0.0,0.0,12.782,18.262,0.012973,0.000415,0.032,29.0,21.0,36.0,0,0,0,0,0.013394,0.005221,4.746,8.063,False,True,False,False,False,morning,0.06123,83.401,123.835,-0.048257,-70.619,0.031837333333333336,43.15866666666667,0.03583383333333332,48.702500000000015,0.005221,8.063,0.025793775689753495,36.32849190832778,0.002,3.0,0.013394,4.746,0.00241092,3.0,3.876,1.5729999999999997,-0.17462213594810258,2.6786666666666665,0.7341040462427746,0.8208092485549133,0.09248554913294797,0.0,0.0,0.0,False,False,False,0,0.0,0.0,0.0,0.0,0.016763592999999997,0.10711111111111116,0.8928888888888888,weak_rules_v2,False,unusual_same_hour_usage,review_unusual_usage,0.047734,0.001527,train
synthetic_normal_usage_0060_1771476000000,1771476000000,synthetic_scenario,normal_usage,normal_usage_0060,2026-02-19T07:40:00+03:00,2026-02-19,synthetic_hourly_summary,7,Thursday,False,151,28.71,58.011,281.331,103,57,0,2,0,0.6866,9.885,13.236,0.00675,55.017,78.097,0.037566,69.908,94.771,0.047734,0.001527,0.032,54.0,43.0,56.0,1,0,3,0,0.039591,0.03641,41.128,63.237,False,True,False,False,False,morning,0.012973,12.782,18.262,0.034761,57.126000000000005,0.04064566666666666,55.36366666666666,0.03577166666666665,49.09083333333334,0.03641,63.237,0.024897145706552784,37.48885186736759,0.007282,12.647400000000001,0.039591,41.128,0.00712638,7.40304,1.555067289206262,0.5274601894460521,1.1426558785807097,3.8875921243164973,0.6821192052980133,0.37748344370860926,0.013245033112582781,0.0,0.0,0.0,False,False,False,1,60.0,0.0,0.0,0.0,0.10954583600000001,0.0,1.0,weak_rules_v2,False,sudden_power_spike,reduce_peak_load,0.145194,0.004646,train
synthetic_routine_anomaly_0053_1771558800000,1771558800000,synthetic_scenario,routine_anomaly,routine_anomaly_0053,2026-02-20T06:40:00+03:00,2026-02-20,synthetic_hourly_summary,6,Friday,True,68,27.412,38.849,125.27,5,44,0,1,0,0.086,33.045,46.849,0.019156,216.571,366.025,0.125549,250.458,407.499,0.145194,0.004646,0.032,65.0,21.0,80.0,1,1,1,0,0.056978,0.076767,114.144,147.568,False,True,False,False,False,morning,0.047734,69.908,94.771,0.09745999999999999,180.55,0.06863366666666666,111.04933333333334,0.055041499999999986,85.26216666666669,0.076767,147.568,0.06854338232341123,124.0642060601421,0.015353400000000001,29.513600000000004,0.056978,114.144,0.01025604,20.54592,4.456797842823087,3.486189417759947,8.601370509475391,6.6346019063638915,0.07352941176470588,0.6470588235294118,0.014705882352941176,0.0,0.0,0.0,False,False,False,2,120.0,60.0,60.0,60.0,0.914,0.0,1.0,weak_rules_v2,True,ac_running_empty_room,turn_off_or_adjust_ac,0.139712,0.004471,train
synthetic_routine_anomaly_0053_1771562400000,1771562400000,synthetic_scenario,routine_anomaly,routine_anomaly_0053,2026-02-20T07:40:00+03:00,2026-02-20,synthetic_hourly_summary,7,Friday,True,97,26.944,60.442,583.395,0,29,0,5,0,0.0,11.439,16.179,0.009297,160.445,175.778,0.130407,171.893,266.058,0.139712,0.004471,0.032,34.0,41.0,45.0,1,1,0,0,0.062477,0.084352,79.324,80.48,False,True,False,False,False,morning,0.145194,250.458,407.499,-0.005481999999999987,-78.565,0.11087999999999999,164.08633333333333,0.07135866666666667,103.62250000000002,0.084352,80.48,0.05475468991785082,90.52780599535909,0.0168704,16.096,0.062477,79.324,0.01124586,14.278319999999999,3.281487101669196,5.679237077534791,6.867860706073168,6.483185696916725,0.0,0.29896907216494845,0.05154639175257732,0.0,0.0,60.0,False,False,False,2,180.0,120.0,120.0,120.0,0.859465,0.0,1.0,weak_rules_v2,True,ac_running_empty_room,turn_off_or_adjust_ac,0.069357,0.002219,train
synthetic_routine_anomaly_0053_1771566000000,1771566000000,synthetic_scenario,routine_anomaly,routine_anomaly_0053,2026-02-20T08:40:00+03:00,2026-02-20,synthetic_hourly_summary,8,Friday,True,60,26.018,45.798,406.672,35,40,0,5,0,0.5921,31.292,43.226,0.023457,58.061,86.542,0.043524,92.524,125.827,0.069357,0.002219,0.032,55.0,6.0,79.0,1,1,2,0,0.031896,0.037919,37.436,38.06,False,True,False,False,False,morning,0.139712,171.893,266.058,-0.070355,-79.369,0.11808766666666666,171.625,0.07936666666666665,113.49433333333336,0.037919,38.06,0.042290914938475005,78.9673410784486,0.007583800000000001,7.612000000000001,0.031896,37.436,0.00574128,6.73848,4.1454152271948095,7.155018392012611,6.524851601036703,8.175137419714831,0.5833333333333334,0.6666666666666666,0.08333333333333333,0.0,0.0,0.0,False,False,False,2,240.0,180.0,0.0,0.0,0.18870269800000003,0.0,1.0,weak_rules_v2,True,unusual_same_hour_usage,review_unusual_usage,0.175227,0.005607,train
synthetic_routine_anomaly_0053_1771569600000,1771569600000,synthetic_scenario,routine_anomaly,routine_anomaly_0053,2026-02-20T09:40:00+03:00,2026-02-20,synthetic_hourly_summary,9,Friday,True,139,26.433,49.005,254.601,42,112,0,9,0,0.3044,5.936,8.131,0.005944,169.047,196.465,0.169283,174.982,221.307,0.175227,0.005607,0.032,63.0,73.0,48.0,1,0,3,0,0.091085,0.071423,87.962,71.79,False,True,False,False,False,morning,0.069357,92.524,125.827,0.10586999999999999,82.458,0.12809866666666667,146.46633333333332,0.09836616666666664,128.75783333333337,0.071423,71.79,0.05388196691225487,46.740956069954144,0.014284600000000001,14.358000000000002,0.091085,87.962,0.016395299999999998,15.83316,7.266846814051495,7.187073408552721,5.132080535275354,5.496060167395517,0.302158273381295,0.8057553956834532,0.06474820143884892,0.0,0.0,0.0,False,False,False,1,300.0,0.0,60.0,0.0,0.608587396,0.0,1.0,weak_rules_v2,True,unusual_same_hour_usage,review_unusual_usage,0.027578,0.000882,train
synthetic_socket_left_on_0022_1771641600000,1771641600000,synthetic_scenario,socket_left_on,socket_left_on_0022,2026-02-21T05:40:00+03:00,2026-02-21,synthetic_hourly_summary,5,Saturday,True,113,28.452,71.164,242.581,9,77,0,5,0,0.0883,19.955,24.573,0.015285,5.477,5.967,0.004195,36.004,61.009,0.027578,0.000882,0.032,8.0,72.0,41.0,0,1,1,0,0.024704,0.019344,10.709,24.463,True,True,False,False,True,morning,0.175227,174.982,221.307,-0.147649,-138.978,0.09072066666666667,101.17,0.10080033333333333,132.6281666666667,0.019344,24.463,0.07610756526346989,69.89124485942482,0.0038688000000000004,4.892600000000001,0.024704,10.709,0.0044467199999999995,3.0,2.128308519437551,2.3588684952785828,0.6463190846286697,8.431666666666667,0.07964601769911504,0.6814159292035398,0.04424778761061947,0.0,0.0,0.0,False,False,False,1,0.0,60.0,0.0,60.0,0.16412423399999998,0.0,1.0,weak_rules_v2,True,socket_left_on,turn_off_unused_socket,0.027378,0.000876,train
synthetic_socket_left_on_0022_1771645200000,1771645200000,synthetic_scenario,socket_left_on,socket_left_on_0022,2026-02-21T06:40:00+03:00,2026-02-21,synthetic_hourly_summary,6,Saturday,True,116,27.835,48.91,348.883,0,57,0,8,0,0.0,37.292,56.96,0.025873,2.169,2.478,0.001505,39.461,54.523,0.027378,0.000876,0.032,24.0,7.0,85.0,0,1,0,0,0.020901,0.010097,20.568,34.783,False,True,False,False,False,morning,0.027578,36.004,61.009,-0.0001999999999999988,3.4570000000000007,0.07672766666666667,83.48233333333333,0.09740766666666666,127.55366666666669,0.010097,34.783,0.08530298353711509,79.25988558112748,0.0020194,6.956600000000001,0.020901,20.568,0.00376218,3.70224,8.557492324452806,0.6724549348819822,1.7216082165127666,5.103126755693849,0.0,0.49137931034482757,0.06896551724137931,0.0,0.0,60.0,False,False,False,1,0.0,120.0,0.0,120.0,0.19730499999999998,0.0,1.0,weak_rules_v2,True,socket_left_on,turn_off_unused_socket,0.138906,0.004445,train
synthetic_ac_left_on_0011_1771648800000,1771648800000,synthetic_scenario,ac_left_on,ac_left_on_0011,2026-02-21T07:40:00+03:00,2026-02-21,synthetic_hourly_summary,7,Saturday,True,83,27.695,56.098,490.904,7,49,0,7,0,0.0875,4.998,7.924,0.003024,221.153,260.548,0.133792,229.606,354.69,0.138906,0.004445,0.032,28.0,51.0,10.0,1,0,1,0,0.104131,0.138521,140.188,220.682,False,True,False,False,False,morning,0.027378,39.461,54.523,0.111528,190.14499999999998,0.06462066666666667,101.69033333333334,0.09635966666666666,124.07833333333336,0.138521,220.682,0.06433306351584174,110.79170116183526,0.027704200000000002,44.1364,0.104131,140.188,0.01874358,25.233839999999997,0.013896809869983484,0.2021913885137892,1.8553019220447748,3.543574818576959,0.08433734939759036,0.5903614457831325,0.08433734939759036,0.0,0.0,0.0,False,False,False,1,60.0,0.0,60.0,180.0,0.9125,0.0,1.0,weak_rules_v2,True,ac_running_empty_room,turn_off_or_adjust_ac,0.022748,0.000728,train
synthetic_socket_left_on_0022_1771648800000,1771648800000,synthetic_scenario,socket_left_on,socket_left_on_0022,2026-02-21T07:40:00+03:00,2026-02-21,synthetic_hourly_summary,7,Saturday,True,126,28.71,51.047,295.764,6,118,0,4,0,0.0547,56.124,90.045,0.02102,4.612,5.995,0.001728,60.737,75.775,0.022748,0.000728,0.032,40.0,72.0,19.0,0,1,1,0,0.025839,0.019366,19.52,39.918,False,True,False,False,False,morning,0.138906,229.606,354.69,-0.116158,-168.869,0.06301066666666667,109.93466666666666,0.07686566666666667,105.55233333333335,0.019366,39.918,0.06576804270565856,104.1829547494858,0.0038732000000000003,7.9836,0.025839,19.52,0.00465102,3.5136,0.8731797996488689,2.6077208276967787,-0.6645854027718652,11.730703551912569,0.047619047619047616,0.9365079365079365,0.031746031746031744,0.0,0.0,0.0,False,False,False,1,0.0,60.0,0.0,240.0,0.2870734305,0.0,1.0,weak_rules_v2,True,socket_left_on,turn_off_unused_socket,0.040715,0.001303,train
synthetic_socket_left_on_0022_1771652400000,1771652400000,synthetic_scenario,socket_left_on,socket_left_on_0022,2026-02-21T08:40:00+03:00,2026-02-21,synthetic_hourly_summary,8,Saturday,True,154,24.696,44.018,418.05,8,150,0,7,0,0.0531,43.936,65.404,0.035145,2.645,4.622,0.002116,50.899,63.381,0.040715,0.001303,0.032,77.0,34.0,77.0,0,1,1,0,0.030986,0.025983,39.035,40.434,False,True,False,False,False,morning,0.022748,60.737,75.775,0.017967,-9.838000000000001,0.06745633333333334,113.74733333333334,0.072092,98.61483333333335,0.025983,40.434,0.06252594999145017,100.45705322342181,0.0051966,8.0868,0.030986,39.035,0.00557748,7.026299999999999,2.834930531501367,1.2940841865756545,1.7443361518104954,1.6885131577074712,0.05194805194805195,0.974025974025974,0.045454545454545456,0.0,0.0,0.0,False,False,False,1,0.0,120.0,0.0,300.0,0.24098131550000002,0.4371622807641763,0.5628377192358237,weak_rules_v2,True,socket_left_on,turn_off_unused_socket,0.255093,0.008163,train
synthetic_ac_left_on_0011_1771652400000,1771652400000,synthetic_scenario,ac_left_on,ac_left_on_0011,2026-02-21T08:40:00+03:00,2026-02-21,synthetic_hourly_summary,8,Saturday,True,140,27.224,44.377,225.343,6,62,0,15,0,0.0444,0.0,0.0,0.0,344.482,436.747,0.250429,350.898,553.172,0.255093,0.008163,0.032,6.0,60.0,89.0,1,0,3,0,0.217542,0.210112,302.187,269.933,False,True,False,False,False,morning,0.040715,50.899,63.381,0.214378,299.999,0.10618533333333335,154.178,0.085403,127.93416666666668,0.210112,269.933,0.12927034913828203,170.43551672406795,0.0420224,53.9866,0.217542,302.187,0.03915756,54.39366,1.0704053076454467,1.499724005586572,0.9589719073404982,0.8955271625406346,0.04285714285714286,0.44285714285714284,0.10714285714285714,0.0,0.0,0.0,False,False,False,1,60.0,0.0,60.0,360.0,0.9556,0.7014909458197884,0.2985090541802115,weak_rules_v2,True,ac_running_empty_room,turn_off_or_adjust_ac,0.147899,0.004733,train
synthetic_ac_left_on_0011_1771656000000,1771656000000,synthetic_scenario,ac_left_on,ac_left_on_0011,2026-02-21T09:40:00+03:00,2026-02-21,synthetic_hourly_summary,9,Saturday,True,122,26.867,41.28,461.904,0,25,0,12,0,0.0035,15.914,23.272,0.00946,222.473,304.76,0.132241,248.815,315.58,0.147899,0.004733,0.032,13.0,34.0,43.0,1,1,3,0,0.163994,0.12553,177.203,220.579,False,True,False,False,False,morning,0.255093,350.898,553.172,-0.10719400000000001,-102.08300000000003,0.14790233333333336,216.87066666666666,0.1054565,163.4026666666667,0.12553,220.579,0.10718900003887218,152.5292769416198,0.025106000000000003,44.11580000000001,0.163994,177.203,0.02951892,31.896539999999998,0.8909822353222336,0.6400427964584114,-0.5452435251696199,2.245133798211342,0.0,0.20491803278688525,0.09836065573770492,0.0,0.0,60.0,False,False,False,2,120.0,60.0,120.0,420.0,0.9965,0.25162206726288605,0.748377932737114,weak_rules_v2,True,ac_running_empty_room,turn_off_or_adjust_ac,0.288835,0.009243,train
synthetic_ac_left_on_0011_1771659600000,1771659600000,synthetic_scenario,ac_left_on,ac_left_on_0011,2026-02-21T10:40:00+03:00,2026-02-21,synthetic_hourly_summary,10,Saturday,True,106,23.604,58.532,330.194,3,58,0,7,0,0.0373,10.967,13.496,0.010129,296.855,438.197,0.274161,312.744,337.399,0.288835,0.009243,0.032,5.0,79.0,7.0,1,1,3,0,0.298229,0.266543,281.34,282.699,False,True,False,False,False,morning,0.147899,248.815,315.58,0.140936,63.92900000000003,0.23060900000000004,304.15233333333333,0.14903266666666667,208.94983333333334,0.266543,282.699,0.07358898501813987,51.58097783421026,0.0533086,56.53980000000001,0.298229,281.34,0.05368122,50.64119999999999,0.41816892583935866,0.5313955832882326,-0.1749960228176635,0.6201274851306853,0.02830188679245283,0.5471698113207547,0.0660377358490566,0.0,0.0,0.0,False,False,False,2,180.0,120.0,180.0,480.0,0.9627,0.7932908382897715,0.20670916171022843,weak_rules_v2,True,ac_running_empty_room,turn_off_or_adjust_ac,0.030668,0.000981,train
synthetic_stale_data_0026_1771666800000,1771666800000,synthetic_scenario,stale_data,stale_data_0026,2026-02-21T12:40:00+03:00,2026-02-21,synthetic_hourly_summary,12,Saturday,True,173,29.261,41.817,398.445,93,146,0,16,0,0.5428,2.135,3.424,0.001779,34.675,51.923,0.028889,36.81,45.754,0.030668,0.000981,0.032,1693.0,1618.0,87.0,1,0,3,0,0.029283,0.040504,24.146,26.075,False,False,False,False,False,afternoon,0.288835,312.744,337.399,-0.25816700000000004,-275.934,0.1558006666666667,199.4563333333333,0.130993,176.8171666666667,0.040504,26.075,0.12926475631173928,144.4371890142333,0.0081008,5.215,0.029283,24.146,0.00527094,4.34628,-1.214201066561327,2.058485139022052,0.2627614808743793,2.913756131680426,0.5375722543352601,0.8439306358381503,0.09248554913294797,0.0,0.0,0.0,True,True,False,1,240.0,0.0,0.0,0.0,0.08414766000000001,0.028747956106524697,0.9712520438934753,weak_rules_v2,False,possible_sensor_stale,check_sensor_connection,0.002961,9.5e-05,train
synthetic_stale_data_0026_1771670400000,1771670400000,synthetic_scenario,stale_data,stale_data_0026,2026-02-21T13:40:00+03:00,2026-02-21,synthetic_hourly_summary,13,Saturday,True,159,28.19,43.724,306.104,57,126,0,12,0,0.3613,5.163,7.503,0.002961,0.0,0.0,0.0,5.163,6.523,0.002961,9.5e-05,0.032,734.0,1545.0,64.0,0,0,0,0,0.002,0.002108,5.58,4.814,False,False,False,False,False,afternoon,0.030668,36.81,45.754,-0.027707000000000002,-31.647000000000002,0.10748800000000003,118.23899999999999,0.12769516666666667,167.55483333333336,0.002108,4.814,0.15766093450503205,169.18785246287652,0.002,3.0,0.002,5.58,0.002,3.0,0.4265,0.1163333333333334,0.48050000000000004,-0.13899999999999993,0.3584905660377358,0.7924528301886793,0.07547169811320754,0.0,0.0,0.0,True,True,False,0,0.0,0.0,0.0,0.0,0.016488040500000002,0.9536666666666667,0.04633333333333331,weak_rules_v2,False,possible_sensor_stale,check_sensor_connection,0.022417,0.000717,train
synthetic_stale_data_0026_1771674000000,1771674000000,synthetic_scenario,stale_data,stale_data_0026,2026-02-21T14:40:00+03:00,2026-02-21,synthetic_hourly_summary,14,Saturday,True,175,28.285,42.924,386.567,68,98,0,13,0,0.391,16.097,25.966,0.010937,15.198,18.597,0.010326,32.994,49.596,0.022417,0.000717,0.032,512.0,1459.0,82.0,1,1,2,0,0.017413,0.021735,36.11,26.38,False,False,False,False,False,afternoon,0.002961,5.163,6.523,0.019456,27.831,0.018682000000000018,24.98899999999998,0.1246455,164.5706666666667,0.021735,26.38,0.014226107373417039,17.275507836243825,0.004347,5.276,0.017413,36.11,0.00313434,6.4998,0.15688980906372177,1.2536012130401821,1.5965083558261062,-0.4793993661343426,0.38857142857142857,0.56,0.07428571428571429,0.0,0.0,0.0,True,True,False,2,60.0,60.0,0.0,0.0,0.10046673,0.8402002112885525,0.15979978871144754,weak_rules_v2,False,possible_sensor_stale,check_sensor_connection,0.067171,0.002149,train
synthetic_stale_data_0026_1771677600000,1771677600000,synthetic_scenario,stale_data,stale_data_0026,2026-02-21T15:40:00+03:00,2026-02-21,synthetic_hourly_summary,15,Saturday,True,172,29.399,74.106,358.025,121,132,0,19,0,0.7044,19.855,35.567,0.019337,44.358,61.609,0.0432,68.971,104.213,0.067171,0.002149,0.032,1601.0,288.0,26.0,1,1,1,0,0.056404,0.065898,46.433,46.88,False,False,False,False,False,afternoon,0.022417,32.994,49.596,0.044753999999999995,35.977000000000004,0.03084966666666668,35.70933333333331,0.09332516666666667,117.58283333333337,0.065898,46.88,0.03292511845587385,31.99054535848755,0.0131796,9.376000000000001,0.056404,46.433,0.01015272,8.35794,0.09658866733436496,2.356122013651877,1.0605039831690415,2.6965974869405627,0.7034883720930233,0.7674418604651163,0.11046511627906977,0.0,0.0,0.0,True,True,False,2,120.0,120.0,0.0,0.0,0.101939138,0.10113417101981248,0.8988658289801875,weak_rules_v2,False,possible_sensor_stale,check_sensor_connection,0.15892,0.005085,train
synthetic_power_spike_0099_1771688400000,1771688400000,synthetic_scenario,power_spike,power_spike_0099,2026-02-21T18:40:00+03:00,2026-02-21,synthetic_hourly_summary,18,Saturday,True,110,24.926,63.462,40.0,110,105,0,10,0,1.0,177.988,217.147,0.108454,80.372,102.424,0.048973,260.81,374.652,0.15892,0.005085,0.032,32.0,67.0,27.0,1,1,1,0,0.068903,0.088696,143.778,155.886,False,False,True,False,False,evening,0.067171,68.971,104.213,0.09174900000000001,191.839,0.08283600000000002,120.925,0.09516199999999998,119.58200000000004,0.088696,155.886,0.0695867187112598,122.47222563095711,0.0177392,31.1772,0.068903,143.778,0.01240254,25.880039999999997,3.9586903580770274,3.3654080546040057,7.25794877500899,4.5220950199458745,1.0,0.9545454545454546,0.09090909090909091,0.0,0.0,0.0,False,False,False,2,180.0,180.0,60.0,0.0,0.0,0.0,1.0,weak_rules_v2,True,unusual_same_hour_usage,review_unusual_usage,0.125752,0.004024,train
synthetic_power_spike_0099_1771692000000,1771692000000,synthetic_scenario,power_spike,power_spike_0099,2026-02-21T19:40:00+03:00,2026-02-21,synthetic_hourly_summary,19,Saturday,True,137,31.344,29.895,464.481,89,51,0,4,20,0.6534,154.957,196.016,0.094885,48.479,54.444,0.029685,205.366,274.645,0.125752,0.004024,0.032,9.0,15.0,55.0,1,1,0,0,0.043544,0.067108,80.475,90.496,False,False,True,False,False,evening,0.15892,260.81,374.652,-0.033168,-55.44399999999999,0.11728100000000002,178.38233333333332,0.06798149999999999,101.68566666666669,0.067108,90.496,0.04645737972593805,98.72506865195574,0.0134216,18.0992,0.043544,80.475,0.00783792,14.485499999999998,4.369374739226322,6.346689356435645,10.488496948169923,8.621794208001107,0.6496350364963503,0.3722627737226277,0.029197080291970802,0.0,0.145985401459854,0.0,False,False,False,2,240.0,240.0,120.0,0.0,0.3466,0.0,1.0,weak_rules_v2,True,unusual_same_hour_usage,review_unusual_usage,0.146661,0.004693,train
synthetic_power_spike_0099_1771695600000,1771695600000,synthetic_scenario,power_spike,power_spike_0099,2026-02-21T20:40:00+03:00,2026-02-21,synthetic_hourly_summary,20,Saturday,True,152,23.454,44.791,483.077,73,136,0,14,0,0.4853,118.256,141.453,0.078612,100.588,111.351,0.066867,220.623,321.114,0.146661,0.004693,0.032,46.0,31.0,85.0,1,1,3,0,0.063003,0.08556,135.775,114.244,False,False,True,False,False,evening,0.125752,205.366,274.645,0.02090900000000001,15.256999999999977,0.1437776666666667,228.93299999999996,0.08731366666666666,132.32116666666667,0.08556,114.244,0.016770935106109473,28.640903599572642,0.017112,22.8488,0.063003,135.775,0.01134054,24.4395,3.570652173913045,4.655780609922621,7.3768973964202775,3.4717567871683133,0.48026315789473684,0.8947368421052632,0.09210526315789473,0.0,0.0,0.0,False,False,False,2,300.0,300.0,180.0,0.0,0.5146999999999999,0.0,1.0,weak_rules_v2,True,unusual_same_hour_usage,review_unusual_usage,0.212699,0.006806,train
synthetic_power_spike_0099_1771699200000,1771699200000,synthetic_scenario,power_spike,power_spike_0099,2026-02-21T21:40:00+03:00,2026-02-21,synthetic_hourly_summary,21,Saturday,True,101,30.107,53.597,372.108,9,29,0,2,15,0.0912,135.729,193.29,0.120638,101.587,134.332,0.090292,239.306,303.316,0.212699,0.006806,0.032,56.0,18.0,44.0,1,1,2,0,0.083277,0.102575,116.828,118.656,False,False,True,False,False,evening,0.146661,220.623,321.114,0.06603799999999999,18.68300000000002,0.16170400000000004,221.765,0.12226999999999999,171.34500000000003,0.102575,118.656,0.04538352221897286,16.998794751393913,0.020515000000000002,23.7312,0.083277,116.828,0.01498986,21.02904,5.36797465269315,5.084024406688242,8.633969896983693,5.824231633969027,0.0891089108910891,0.2871287128712871,0.019801980198019802,0.0,0.1485148514851485,0.0,False,False,False,2,360.0,360.0,240.0,60.0,0.9088,0.0,1.0,weak_rules_v2,True,ac_running_empty_room,turn_off_or_adjust_ac,0.006449,0.000206,train
synthetic_low_usage_normal_0098_1771713600000,1771713600000,synthetic_scenario,low_usage_normal,low_usage_normal_0098,2026-02-22T01:40:00+03:00,2026-02-22,synthetic_hourly_summary,1,Sunday,False,164,20.0,51.299,232.122,19,67,0,13,0,0.1164,1.451,2.052,0.00104,2.69,3.445,0.001928,8.999,11.963,0.006449,0.000206,0.032,5.0,48.0,59.0,0,0,1,0,0.003525,0.004569,8.183,5.361,True,False,False,False,True,night,0.212699,239.306,303.316,-0.20625,-230.30700000000002,0.12193633333333337,156.30933333333334,0.11960866666666665,167.34583333333336,0.004569,5.361,0.10532448661794339,127.91604415527159,0.002,3.0,0.003525,8.183,0.002,3.0,0.9399999999999998,1.212666666666667,1.462,0.27200000000000024,0.11585365853658537,0.40853658536585363,0.07926829268292683,0.0,0.0,0.0,False,False,False,0,0.0,0.0,0.0,120.0,0.039757582,0.9093333333333332,0.09066666666666674,weak_rules_v2,False,normal,keep_monitoring,0.002537,8.1e-05,train
synthetic_low_usage_normal_0098_1771717200000,1771717200000,synthetic_scenario,low_usage_normal,low_usage_normal_0098,2026-02-22T02:40:00+03:00,2026-02-22,synthetic_hourly_summary,2,Sunday,False,139,22.926,57.207,553.544,29,110,0,16,0,0.2121,1.872,3.343,0.000945,1.692,2.094,0.000854,5.023,8.068,0.002537,8.1e-05,0.032,60.0,25.0,18.0,0,0,1,0,0.002171,0.002269,4.019,4.13,True,False,False,False,True,night,0.006449,8.999,11.963,-0.003912,-3.976000000000001,0.07389500000000003,84.44266666666665,0.10883633333333333,156.68783333333337,0.002269,4.13,0.12022370293748233,134.13031406931634,0.002,3.0,0.002171,4.019,0.002,3.0,0.134,0.2976666666666666,0.183,0.3346666666666665,0.20863309352517986,0.7913669064748201,0.11510791366906475,0.0,0.0,0.0,False,False,False,0,0.0,0.0,0.0,0.0,0.0197881085,0.8884444444444445,0.1115555555555555,weak_rules_v2,False,normal,keep_monitoring,0.003859,0.000123,train
synthetic_low_usage_normal_0098_1771720800000,1771720800000,synthetic_scenario,low_usage_normal,low_usage_normal_0098,2026-02-22T03:40:00+03:00,2026-02-22,synthetic_hourly_summary,3,Sunday,False,118,29.44,64.334,327.251,4,25,0,4,0,0.0413,1.291,2.132,0.001356,1.907,2.002,0.002002,3.675,4.628,0.003859,0.000123,0.032,77.0,41.0,44.0,0,0,3,0,0.00312,0.00304,3.851,2.672,True,False,False,False,True,night,0.002537,5.023,8.068,0.0013219999999999998,-1.3479999999999999,0.004281666666666695,5.8989999999999805,0.08299283333333334,113.83200000000004,0.00304,2.672,0.0019899551083684274,2.7679913294943854,0.002,3.0,0.00312,3.851,0.002,3.0,0.4094999999999999,0.3343333333333332,0.36950000000000005,-0.05866666666666672,0.03389830508474576,0.211864406779661,0.03389830508474576,0.0,0.0,0.0,False,False,False,0,0.0,0.0,0.0,60.0,0.0176161125,0.9804444444444445,0.019555555555555573,weak_rules_v2,False,low_usage_normal,keep_monitoring,0.001179,3.8e-05,train
synthetic_low_usage_normal_0098_1771724400000,1771724400000,synthetic_scenario,low_usage_normal,low_usage_normal_0098,2026-02-22T04:40:00+03:00,2026-02-22,synthetic_hourly_summary,4,Sunday,False,92,30.454,44.267,219.832,0,25,0,7,13,0.0048,1.515,1.906,0.000681,0.0,0.0,0.0,2.623,4.488,0.001179,3.8e-05,0.032,63.0,58.0,30.0,0,0,2,0,0.002,0.002,1.274,2.233,True,False,False,False,True,night,0.003859,3.675,4.628,-0.00268,-1.0519999999999996,0.0025250000000000277,3.7736666666666476,0.062230666666666656,80.04150000000001,0.002,2.233,0.0013400402978970718,1.2030383757348777,0.002,3.0,0.002,1.274,0.002,3.0,-0.41050000000000003,0.13000000000000003,-0.41050000000000003,0.4496666666666667,0.0,0.2717391304347826,0.07608695652173914,0.0,0.14130434782608695,60.0,False,False,False,0,0.0,0.0,0.0,120.0,0.013052048000000002,0.850111111111111,0.1498888888888889,weak_rules_v2,False,high_temperature_comfort,verify_occupancy,0.085663,0.002741,train
synthetic_routine_anomaly_0003_1771753200000,1771753200000,synthetic_scenario,routine_anomaly,routine_anomaly_0003,2026-02-22T12:40:00+03:00,2026-02-22,synthetic_hourly_summary,12,Sunday,False,178,27.0,44.784,436.969,8,92,0,3,0,0.0498,28.941,40.506,0.011171,189.557,261.108,0.073164,221.939,364.934,0.085663,0.002741,0.032,76.0,36.0,28.0,1,1,0,0,0.03419,0.040388,101.661,113.315,False,False,False,True,False,afternoon,0.001179,2.623,4.488,0.084484,219.316,0.030233666666666697,76.07899999999998,0.052064333333333324,80.26083333333334,0.040388,113.315,0.04802191005502931,126.31956054388453,0.0080776,22.663,0.03419,101.661,0.006154199999999999,18.29898,5.605006437555709,4.793010634073158,8.363881576809336,6.572934666303804,0.0449438202247191,0.5168539325842697,0.016853932584269662,0.0,0.0,0.0,False,False,False,2,60.0,60.0,60.0,180.0,0.9502,0.0,1.0,weak_rules_v2,True,ac_running_empty_room,turn_off_or_adjust_ac,0.128087,0.004099,train
synthetic_routine_anomaly_0003_1771756800000,1771756800000,synthetic_scenario,routine_anomaly,routine_anomaly_0003,2026-02-22T13:40:00+03:00,2026-02-22,synthetic_hourly_summary,13,Sunday,False,158,26.479,53.765,433.279,30,19,0,2,0,0.1909,9.207,13.472,0.008599,126.934,155.426,0.118557,137.137,212.277,0.128087,0.004099,0.032,30.0,32.0,47.0,1,0,1,0,0.041351,0.056287,52.12,72.892,False,False,False,True,False,afternoon,0.085663,221.939,364.934,0.042424,-84.80199999999999,0.07164300000000003,120.56633333333332,0.03796233333333333,63.23266666666668,0.056287,72.892,0.0646051887699432,110.59302513871938,0.0112574,14.5784,0.041351,52.12,0.00744318,9.381599999999999,6.378026897862739,4.406862207100916,11.653083762585348,9.062100281401893,0.189873417721519,0.12025316455696203,0.012658227848101266,0.0,0.0,0.0,False,False,False,1,120.0,0.0,120.0,240.0,0.5547877335,0.0,1.0,weak_rules_v2,True,ac_running_empty_room,turn_off_or_adjust_ac,0.124272,0.003977,train
synthetic_routine_anomaly_0003_1771760400000,1771760400000,synthetic_scenario,routine_anomaly,routine_anomaly_0003,2026-02-22T14:40:00+03:00,2026-02-22,synthetic_hourly_summary,14,Sunday,False,49,28.721,50.093,590.824,7,34,0,0,0,0.1567,34.563,50.614,0.017887,205.561,292.822,0.106384,240.124,401.786,0.124272,0.003977,0.032,59.0,15.0,86.0,1,1,3,0,0.043419,0.053028,160.083,113.173,False,False,False,True,False,afternoon,0.128087,137.137,212.277,-0.003815000000000013,102.987,0.11267400000000004,199.73333333333332,0.05759949999999999,101.75350000000002,0.053028,113.173,0.023469856135051176,54.967256310765336,0.0106056,22.634600000000002,0.043419,160.083,0.00781542,28.81494,6.717583163611677,5.608714092583919,10.34531733419317,2.7777604256680735,0.14285714285714285,0.6938775510204082,0.0,0.0,0.0,0.0,False,False,False,2,180.0,60.0,180.0,300.0,0.8432999999999999,0.07407985811064222,0.9259201418893578,weak_rules_v2,True,ac_running_empty_room,turn_off_or_adjust_ac,0.115008,0.00368,train
synthetic_routine_anomaly_0003_1771764000000,1771764000000,synthetic_scenario,routine_anomaly,routine_anomaly_0003,2026-02-22T15:40:00+03:00,2026-02-22,synthetic_hourly_summary,15,Sunday,False,77,25.7,57.909,95.313,22,58,0,0,0,0.2919,29.055,43.306,0.019567,141.72,212.862,0.095441,170.775,230.937,0.115008,0.00368,0.032,20.0,55.0,67.0,1,1,1,0,0.04894,0.042713,85.278,102.193,False,False,False,True,False,afternoon,0.124272,240.124,401.786,-0.009263999999999994,-69.34899999999999,0.1224556666666667,182.67866666666666,0.07634466666666666,129.37883333333335,0.042713,102.193,0.006726021136848565,52.51526923032368,0.008542600000000001,20.4386,0.04894,85.278,0.0088092,15.35004,8.462880153583217,3.3555135870362944,7.499886482313945,5.5698226193547375,0.2857142857142857,0.7532467532467533,0.0,0.0,0.0,0.0,False,False,False,2,240.0,120.0,240.0,0.0,0.6046288875,0.0,1.0,weak_rules_v2,True,unusual_same_hour_usage,review_unusual_usage,0.259061,0.00829,train
synthetic_high_energy_0034_1771976400000,1771976400000,synthetic_scenario,high_energy,high_energy_0034,2026-02-25T02:40:00+03:00,2026-02-25,synthetic_hourly_summary,2,Wednesday,False,78,25.581,55.404,222.309,43,58,0,8,0,0.5598,35.0,43.882,0.025616,314.377,383.482,0.230086,353.966,452.559,0.259061,0.00829,0.032,27.0,30.0,28.0,1,1,3,0,0.122477,0.111378,137.407,243.64,True,False,False,False,True,night,0.115008,170.775,230.937,0.144053,183.191,0.1661136666666667,254.95499999999996,0.11887833333333331,187.76066666666668,0.111378,243.64,0.08062791392770458,92.49164579030912,0.022275600000000003,48.728,0.122477,137.407,0.02204586,24.73326,6.629810195909424,2.2641191922508623,6.195448941433901,8.755780677516833,0.5512820512820513,0.7435897435897436,0.10256410256410256,0.0,0.0,0.0,False,False,False,2,300.0,180.0,300.0,0.0,0.44020000000000004,0.0,1.0,weak_rules_v2,True,unusual_same_hour_usage,review_unusual_usage,0.306341,0.009803,train
synthetic_high_energy_0034_1771980000000,1771980000000,synthetic_scenario,high_energy,high_energy_0034,2026-02-25T03:40:00+03:00,2026-02-25,synthetic_hourly_summary,3,Wednesday,False,159,23.871,43.782,395.526,70,61,0,18,0,0.4454,119.905,190.748,0.107772,219.843,256.22,0.197597,340.829,529.443,0.306341,0.009803,0.032,17.0,53.0,63.0,1,1,2,0,0.109082,0.16289,147.132,172.537,True,False,False,False,True,night,0.259061,353.966,452.559,0.04727999999999999,-13.137,0.22680333333333333,288.5233333333333,0.16973866666666668,244.12833333333333,0.16289,172.537,0.09966191356949425,102.18438087268191,0.032578,34.507400000000004,0.109082,147.132,0.019634759999999998,26.48376,4.4033089815212705,4.876982908013932,10.04641767966606,7.313802873912164,0.44025157232704404,0.3836477987421384,0.11320754716981132,0.0,0.0,0.0,False,False,False,2,360.0,240.0,360.0,0.0,0.5546,0.0,1.0,weak_rules_v2,True,unusual_same_hour_usage,review_unusual_usage,0.124072,0.00397,train
synthetic_high_energy_0034_1771983600000,1771983600000,synthetic_scenario,high_energy,high_energy_0034,2026-02-25T04:40:00+03:00,2026-02-25,synthetic_hourly_summary,4,Wednesday,False,107,24.103,64.083,782.137,43,33,0,6,0,0.402,83.118,135.634,0.036447,195.98,223.949,0.085938,282.944,444.995,0.124072,0.00397,0.032,69.0,40.0,16.0,1,1,0,0,0.05624,0.053518,103.305,123.206,True,False,False,False,True,night,0.306341,340.829,529.443,-0.18226899999999996,-57.88499999999999,0.22982466666666668,325.91299999999995,0.17614016666666665,254.29583333333335,0.053518,123.206,0.09458630704458941,37.78751662917221,0.0107036,24.6412,0.05624,103.305,0.010123199999999999,18.5949,6.591614036398969,6.482557667646056,6.7006480164374915,9.660659643235512,0.40186915887850466,0.308411214953271,0.056074766355140186,0.0,0.0,0.0,False,False,False,2,420.0,300.0,420.0,0.0,0.598,0.0,1.0,weak_rules_v2,True,unusual_same_hour_usage,review_unusual_usage,0.21058,0.006739,train
synthetic_high_energy_0034_1771987200000,1771987200000,synthetic_scenario,high_energy,high_energy_0034,2026-02-25T05:40:00+03:00,2026-02-25,synthetic_hourly_summary,5,Wednesday,False,58,27.571,54.582,467.322,31,48,0,4,0,0.5388,113.984,154.096,0.086806,161.638,229.709,0.123098,276.511,276.511,0.21058,0.006739,0.032,74.0,35.0,12.0,1,1,3,0,0.086198,0.126617,113.687,104.55,True,True,False,False,True,morning,0.124072,282.944,444.995,0.08650799999999999,-6.432999999999993,0.21366433333333334,300.0946666666666,0.18988899999999997,277.52483333333333,0.126617,104.55,0.09117363612543564,35.4233017424028,0.025323400000000003,20.91,0.086198,113.687,0.015515639999999999,20.463659999999997,3.3156290229590013,8.22386417981827,8.01655619748847,7.95673892158099,0.5344827586206896,0.8275862068965517,0.06896551724137931,0.0,0.0,0.0,False,False,False,2,480.0,360.0,480.0,0.0,0.46120000000000005,0.0,1.0,weak_rules_v2,True,unusual_same_hour_usage,review_unusual_usage,0.024122,0.000772,train
synthetic_socket_left_on_0052_1772008800000,1772008800000,synthetic_scenario,socket_left_on,socket_left_on_0052,2026-02-25T11:40:00+03:00,2026-02-25,synthetic_hourly_summary,11,Wednesday,False,164,25.214,35.855,247.853,0,90,0,4,0,0.0,21.495,30.303,0.018538,1.87,3.211,0.001613,27.97,27.97,0.024122,0.000772,0.032,57.0,16.0,10.0,0,1,1,0,0.021895,0.015739,21.149,20.578,False,True,False,True,False,morning,0.21058,276.511,276.511,-0.18645799999999998,-248.54100000000003,0.11959133333333334,195.8083333333333,0.17319733333333331,242.16583333333335,0.015739,20.578,0.09330971932941033,145.3878450020269,0.0031478,4.1156,0.021895,21.149,0.0039411,3.80682,2.6631298049431353,1.7960929147633395,0.565070665550227,1.7917842188493278,0.0,0.5487804878048781,0.024390243902439025,0.0,0.0,60.0,False,False,False,1,0.0,420.0,0.0,60.0,0.13985,0.4027385937168907,0.5972614062831093,weak_rules_v2,True,socket_left_on,turn_off_unused_socket,0.046787,0.001497,train
synthetic_socket_left_on_0052_1772012400000,1772012400000,synthetic_scenario,socket_left_on,socket_left_on_0052,2026-02-25T12:40:00+03:00,2026-02-25,synthetic_hourly_summary,12,Wednesday,False,100,29.666,37.341,264.125,0,37,0,10,0,0.0065,43.557,52.713,0.045735,0.0,0.0,0.0,44.559,56.196,0.046787,0.001497,0.032,64.0,17.0,25.0,0,1,1,0,0.03621,0.026318,35.428,23.6,False,False,False,True,False,afternoon,0.024122,27.97,27.97,0.022665,16.589,0.09382966666666669,116.34666666666664,0.16182716666666666,221.12983333333338,0.026318,23.6,0.10174185867347486,138.9541614502187,0.0052636,4.720000000000001,0.03621,35.428,0.0065178,6.377039999999999,3.8887833421992553,4.440466101694914,1.622786829911934,1.4318555317200459,0.0,0.37,0.1,0.0,0.0,60.0,False,False,False,1,0.0,480.0,0.0,120.0,0.2213468325,0.5227148227599847,0.4772851772400153,weak_rules_v2,True,socket_left_on,turn_off_unused_socket,0.062207,0.001991,train
synthetic_socket_left_on_0052_1772016000000,1772016000000,synthetic_scenario,socket_left_on,socket_left_on_0052,2026-02-25T13:40:00+03:00,2026-02-25,synthetic_hourly_summary,13,Wednesday,False,175,28.272,57.23,182.194,10,95,0,13,0,0.0613,70.669,101.194,0.056584,1.484,2.168,0.001189,77.692,124.387,0.062207,0.001991,0.032,54.0,37.0,60.0,0,1,3,0,0.023837,0.036053,42.078,48.871,False,False,False,True,False,afternoon,0.046787,44.559,56.196,0.015419999999999996,33.132999999999996,0.04437200000000002,50.07366666666663,0.12901816666666666,175.08416666666668,0.036053,48.871,0.019157008508637063,25.315567983623925,0.007210600000000001,9.7742,0.023837,42.078,0.00429066,7.57404,3.6271600144232092,2.9486812219925915,8.942680147110234,4.70211406330043,0.05714285714285714,0.5428571428571428,0.07428571428571429,0.0,0.0,0.0,False,False,False,1,0.0,540.0,0.0,180.0,0.36464740199999995,0.0,1.0,weak_rules_v2,True,socket_left_on,turn_off_unused_socket,0.033469,0.001071,train
synthetic_socket_left_on_0052_1772019600000,1772019600000,synthetic_scenario,socket_left_on,socket_left_on_0052,2026-02-25T14:40:00+03:00,2026-02-25,synthetic_hourly_summary,14,Wednesday,False,175,26.02,31.178,392.706,4,87,0,13,0,0.0244,40.293,58.011,0.030794,0.0,0.0,0.0,43.794,67.643,0.033469,0.001071,0.032,37.0,29.0,67.0,0,1,2,0,0.015996,0.034787,33.966,19.891,False,False,False,True,False,afternoon,0.062207,77.692,124.387,-0.028738,-33.897999999999996,0.047487666666666685,55.348333333333294,0.08353949999999999,125.57833333333338,0.034787,19.891,0.014381806608814015,19.353963065312524,0.0069574,3.9781999999999997,0.015996,33.966,0.0028792799999999997,6.11388,-0.1894385833788484,6.008496304861495,6.068531021644301,1.6074898427839597,0.022857142857142857,0.49714285714285716,0.07428571428571429,0.0,0.0,0.0,False,False,False,1,0.0,600.0,0.0,240.0,0.213627132,0.4641700524053468,0.5358299475946532,weak_rules_v2,True,socket_left_on,turn_off_unused_socket,0.057335,0.001835,train
synthetic_routine_anomaly_0093_1772044800000,1772044800000,synthetic_scenario,routine_anomaly,routine_anomaly_0093,2026-02-25T21:40:00+03:00,2026-02-25,synthetic_hourly_summary,21,Wednesday,False,79,28.224,47.436,331.607,3,30,0,7,0,0.0467,34.533,50.323,0.021885,51.885,77.056,0.032881,90.471,123.601,0.057335,0.001835,0.032,47.0,21.0,72.0,1,1,1,0,0.035834,0.028613,36.085,49.281,False,False,True,False,False,evening,0.033469,43.794,67.643,0.023866,46.67700000000001,0.05100366666666669,70.65233333333329,0.07241666666666666,93.49950000000001,0.028613,49.281,0.01537961304237941,24.121634735926825,0.0057226,9.856200000000001,0.035834,36.085,0.006450119999999999,6.4953,5.01904728619858,4.179095391733123,3.3334263548585144,8.373131341123582,0.0379746835443038,0.379746835443038,0.08860759493670886,0.0,0.0,0.0,False,False,False,2,60.0,660.0,0.0,300.0,0.4312300215,0.0,1.0,weak_rules_v2,True,ac_running_empty_room,turn_off_or_adjust_ac,0.173057,0.005538,train
synthetic_routine_anomaly_0093_1772048400000,1772048400000,synthetic_scenario,routine_anomaly,routine_anomaly_0093,2026-02-25T22:40:00+03:00,2026-02-25,synthetic_hourly_summary,22,Wednesday,False,64,29.479,50.814,344.352,24,17,0,3,0,0.3753,24.606,39.672,0.018254,199.834,292.844,0.148245,233.281,369.357,0.173057,0.005538,0.032,67.0,63.0,50.0,1,1,0,0,0.085625,0.087367,104.349,128.123,False,False,False,False,False,night,0.057335,90.471,123.601,0.11572199999999999,142.81,0.08795366666666667,122.51533333333329,0.06616283333333332,86.29450000000001,0.087367,128.123,0.07466143246237196,98.7241625253587,0.0174734,25.6246,0.085625,104.349,0.0154125,18.78282,4.9040255474034815,4.103790888443137,5.672798053527979,6.864357961158123,0.375,0.265625,0.046875,0.0,0.0,0.0,False,False,False,2,120.0,720.0,60.0,0.0,0.6247,0.0,1.0,weak_rules_v2,True,unusual_same_hour_usage,review_unusual_usage,0.073512,0.002352,train
synthetic_routine_anomaly_0093_1772052000000,1772052000000,synthetic_scenario,routine_anomaly,routine_anomaly_0093,2026-02-25T23:40:00+03:00,2026-02-25,synthetic_hourly_summary,23,Wednesday,False,169,29.646,38.36,130.091,59,145,0,7,0,0.3531,16.999,19.553,0.01015,106.119,186.993,0.063362,123.117,175.745,0.073512,0.002352,0.032,63.0,37.0,87.0,1,1,1,0,0.033941,0.027553,43.026,60.877,True,False,False,False,True,night,0.173057,233.281,369.357,-0.099545,-110.164,0.10130133333333334,148.9563333333333,0.07439449999999999,102.15233333333335,0.027553,60.877,0.06266642327700961,74.82932169499749,0.005510600000000001,12.175400000000002,0.033941,43.026,0.006109379999999999,7.744680000000001,8.340108155191809,5.111947040754307,6.477089328213338,10.34142146609027,0.34911242603550297,0.8579881656804734,0.04142011834319527,0.0,0.0,0.0,False,False,False,2,180.0,780.0,120.0,0.0,0.39822193650000004,0.0,1.0,weak_rules_v2,True,unusual_same_hour_usage,review_unusual_usage,0.121219,0.003879,train
synthetic_routine_anomaly_0093_1772055600000,1772055600000,synthetic_scenario,routine_anomaly,routine_anomaly_0093,2026-02-26T00:40:00+03:00,2026-02-26,synthetic_hourly_summary,0,Thursday,False,47,29.103,59.023,615.969,14,44,0,1,0,0.3006,21.235,21.707,0.017886,122.683,196.715,0.103333,143.918,204.873,0.121219,0.003879,0.032,54.0,15.0,16.0,1,1,0,0,0.05044,0.08139,80.882,85.279,True,False,False,False,True,night,0.073512,123.117,175.745,0.047707,20.801000000000002,0.122596,166.77199999999996,0.08679983333333331,118.71216666666669,0.08139,85.279,0.04978678391902816,58.52995567228868,0.016278,17.0558,0.05044,80.882,0.009079199999999999,14.55876,2.4467993611008714,3.438067988602118,7.795730901401004,4.32976434806261,0.2978723404255319,0.9361702127659575,0.02127659574468085,0.0,0.0,0.0,False,False,False,2,240.0,840.0,180.0,0.0,0.503281246,0.0,1.0,weak_rules_v2,True,unusual_same_hour_usage,review_unusual_usage,0.323127,0.01034,train
synthetic_high_energy_0014_1772149200000,1772149200000,synthetic_scenario,high_energy,high_energy_0014,2026-02-27T02:40:00+03:00,2026-02-27,synthetic_hourly_summary,2,Friday,True,60,28.351,59.539,334.802,45,41,0,6,0,0.7511,97.119,145.266,0.100083,212.742,324.249,0.219235,313.557,441.672,0.323127,0.01034,0.032,14.0,36.0,15.0,1,1,0,0,0.154179,0.17227,136.859,228.067,True,False,False,False,True,night,0.121219,143.918,204.873,0.201908,169.639,0.17261933333333335,193.53066666666663,0.13028649999999997,158.02300000000002,0.17227,228.067,0.13250814222655655,104.46487888440495,0.034454000000000005,45.613400000000006,0.154179,136.859,0.02775222,24.63462,4.378504672897195,1.874229941201489,6.087729197880385,7.172751193239432,0.75,0.6833333333333333,0.1,0.0,0.0,0.0,False,False,False,2,300.0,900.0,240.0,0.0,0.2489,0.0,1.0,weak_rules_v2,True,unusual_same_hour_usage,review_unusual_usage,0.41052,0.013137,train
synthetic_high_energy_0014_1772152800000,1772152800000,synthetic_scenario,high_energy,high_energy_0014,2026-02-27T03:40:00+03:00,2026-02-27,synthetic_hourly_summary,3,Friday,True,171,26.728,59.42,41.962,122,39,0,2,0,0.7145,78.586,109.975,0.061061,449.752,652.684,0.349459,528.338,576.746,0.41052,0.013137,0.032,36.0,78.0,25.0,1,1,0,0,0.162214,0.227173,198.149,270.064,True,False,False,False,True,night,0.323127,313.557,441.672,0.087393,214.78099999999995,0.2849553333333333,328.6043333333333,0.19312833333333332,238.78033333333337,0.227173,270.064,0.14837983101598867,192.6512413153191,0.045434600000000006,54.012800000000006,0.162214,198.149,0.02919852,35.66682,4.03540473559798,4.781718407488594,8.504061164743966,9.257595715009074,0.7134502923976608,0.22807017543859648,0.011695906432748537,0.0,0.0,0.0,False,False,False,2,360.0,960.0,300.0,0.0,0.2855,0.0,1.0,weak_rules_v2,True,unusual_same_hour_usage,review_unusual_usage,0.197405,0.006317,train
synthetic_high_energy_0014_1772156400000,1772156400000,synthetic_scenario,high_energy,high_energy_0014,2026-02-27T04:40:00+03:00,2026-02-27,synthetic_hourly_summary,4,Friday,True,168,28.588,71.13,463.912,19,124,0,11,0,0.1167,73.609,112.1,0.036594,320.34,464.523,0.159255,397.08,550.136,0.197405,0.006317,0.032,64.0,38.0,89.0,1,1,0,0,0.072266,0.087273,239.509,199.51,True,False,False,False,True,night,0.41052,528.338,576.746,-0.213115,-131.25799999999998,0.31035066666666666,412.9916666666666,0.21647333333333332,289.88183333333336,0.087273,199.51,0.10713041970576498,108.27098107218423,0.0174546,39.902,0.072266,239.509,0.01300788,43.111619999999995,6.309626115751721,4.9513808831637505,9.620245574221165,3.6549542791479426,0.1130952380952381,0.7380952380952381,0.06547619047619048,0.0,0.0,0.0,False,False,False,2,420.0,1020.0,360.0,60.0,0.8833,0.0,1.0,weak_rules_v2,True,ac_running_empty_room,turn_off_or_adjust_ac,0.160925,0.00515,train
synthetic_high_energy_0014_1772160000000,1772160000000,synthetic_scenario,high_energy,high_energy_0014,2026-02-27T05:40:00+03:00,2026-02-27,synthetic_hourly_summary,5,Friday,True,176,30.242,64.26,40.0,111,85,0,10,26,0.6341,64.843,89.82,0.039057,195.892,257.259,0.117994,267.167,334.405,0.160925,0.00515,0.032,13.0,11.0,66.0,1,1,0,0,0.069156,0.06906,153.892,108.033,True,True,False,False,True,morning,0.197405,397.08,550.136,-0.036479999999999985,-129.913,0.25628333333333336,397.52833333333325,0.21445133333333333,295.52950000000004,0.06906,108.033,0.13481249796785663,130.58607721473712,0.013812,21.6066,0.069156,153.892,0.012448079999999999,27.70056,6.651100492325515,7.365064378476945,7.372140924544189,4.089267509393311,0.6306818181818182,0.48295454545454547,0.056818181818181816,0.0,0.14772727272727273,0.0,False,False,False,2,480.0,1080.0,420.0,0.0,0.3659,0.0,1.0,weak_rules_v2,True,unusual_same_hour_usage,review_unusual_usage,0.162107,0.005187,train
synthetic_ac_left_on_0091_1772210400000,1772210400000,synthetic_scenario,ac_left_on,ac_left_on_0091,2026-02-27T19:40:00+03:00,2026-02-27,synthetic_hourly_summary,19,Friday,True,95,28.234,56.052,287.811,0,79,0,8,0,0.0,6.642,9.166,0.004882,211.635,260.215,0.155544,220.564,220.564,0.162107,0.005187,0.032,51.0,63.0,31.0,1,0,3,0,0.16778,0.132435,235.853,171.261,False,False,True,False,False,evening,0.160925,267.167,334.405,0.0011819999999999886,-46.60299999999998,0.17347900000000002,294.93699999999995,0.22921716666666667,311.7706666666667,0.132435,171.261,0.02072895047994489,91.47597629432542,0.026487,34.2522,0.16778,235.853,0.030200400000000002,42.45354,1.1202476686676484,1.4394111911059726,-0.18784519410338973,-0.36013486743390577,0.0,0.8315789473684211,0.08421052631578947,0.0,0.0,60.0,False,False,False,1,540.0,0.0,480.0,60.0,1.0,0.8799550441886981,0.12004495581130192,weak_rules_v2,True,ac_running_empty_room,turn_off_or_adjust_ac,0.111871,0.00358,train
synthetic_ac_left_on_0091_1772214000000,1772214000000,synthetic_scenario,ac_left_on,ac_left_on_0091,2026-02-27T20:40:00+03:00,2026-02-27,synthetic_hourly_summary,20,Friday,True,74,31.519,56.582,503.615,3,37,0,2,11,0.0414,3.479,4.823,0.00173,221.535,252.303,0.110142,225.013,287.109,0.111871,0.00358,0.032,30.0,40.0,16.0,1,0,1,0,0.085296,0.082964,86.099,178.331,False,False,True,False,False,evening,0.162107,220.564,220.564,-0.050236,4.449000000000012,0.1449676666666667,237.5813333333333,0.22765916666666666,325.2865,0.082964,178.331,0.028668646451015745,25.718323318858538,0.0165928,35.666199999999996,0.085296,86.099,0.015353279999999999,15.49782,1.7421411696639506,1.308858246743416,1.7309004981346008,8.963454214850861,0.04054054054054054,0.5,0.02702702702702703,0.0,0.14864864864864866,0.0,False,False,False,1,600.0,0.0,540.0,120.0,0.9586,0.0,1.0,weak_rules_v2,True,ac_running_empty_room,turn_off_or_adjust_ac,0.140879,0.004508,train
synthetic_ac_left_on_0091_1772217600000,1772217600000,synthetic_scenario,ac_left_on,ac_left_on_0091,2026-02-27T21:40:00+03:00,2026-02-27,synthetic_hourly_summary,21,Friday,True,57,25.643,61.267,40.0,2,49,0,5,0,0.0397,17.306,27.626,0.011949,185.713,260.39,0.128221,204.047,283.374,0.140879,0.004508,0.032,70.0,79.0,62.0,1,1,1,0,0.192843,0.107216,181.406,189.613,False,False,True,False,False,evening,0.111871,225.013,287.109,0.029008000000000006,-20.966000000000008,0.13828566666666667,216.5413333333333,0.1972845,307.0348333333333,0.107216,189.613,0.025218206861974478,11.046704229468313,0.021443200000000003,37.9226,0.192843,181.406,0.03471174,32.65308,1.5698683032383223,0.3806173627335678,-1.497015130903838,0.6933802263063695,0.03508771929824561,0.8596491228070176,0.08771929824561403,0.0,0.0,0.0,False,False,False,2,660.0,60.0,600.0,180.0,0.9603,0.7688732578978769,0.23112674210212317,weak_rules_v2,True,ac_running_empty_room,turn_off_or_adjust_ac,0.130012,0.00416,train
synthetic_ac_left_on_0091_1772221200000,1772221200000,synthetic_scenario,ac_left_on,ac_left_on_0091,2026-02-27T22:40:00+03:00,2026-02-27,synthetic_hourly_summary,22,Friday,True,99,25.733,55.255,745.156,9,86,0,6,0,0.0995,5.098,8.354,0.003657,167.602,267.225,0.120226,181.245,207.163,0.130012,0.00416,0.032,5.0,63.0,72.0,1,0,2,0,0.156774,0.109388,147.088,133.922,False,False,False,False,False,night,0.140879,204.047,283.374,-0.010867000000000016,-22.801999999999992,0.12758733333333336,203.43499999999997,0.15053316666666666,249.186,0.109388,133.922,0.014655213145271405,21.890417172818466,0.0218776,26.7844,0.156774,147.088,0.02821932,26.475839999999998,0.9426993820163084,1.7668120249100225,-0.9483573665134386,1.2901195958277438,0.09090909090909091,0.8686868686868687,0.06060606060606061,0.0,0.0,0.0,False,False,False,1,720.0,0.0,660.0,240.0,0.8160556125,0.5699601347240855,0.4300398652759146,weak_rules_v2,True,ac_running_empty_room,turn_off_or_adjust_ac,0.011308,0.000362,train
synthetic_stale_data_0036_1772242800000,1772242800000,synthetic_scenario,stale_data,stale_data_0036,2026-02-28T04:40:00+03:00,2026-02-28,synthetic_hourly_summary,4,Saturday,True,105,26.877,29.408,418.791,35,82,0,2,0,0.3362,0.0,0.0,0.0,26.05,30.643,0.011308,26.05,33.719,0.011308,0.000362,0.032,1330.0,1420.0,6.0,1,0,2,0,0.006831,0.009028,15.576,24.098,True,False,False,False,True,night,0.130012,181.245,207.163,-0.11870399999999999,-155.195,0.09406633333333332,137.11399999999995,0.119517,187.3476666666667,0.009028,24.098,0.07187648589304664,96.85758552121797,0.002,4.8196,0.006831,15.576,0.002,3.0,1.1400000000000003,0.40501286413810306,2.2385,3.4913333333333334,0.3333333333333333,0.780952380952381,0.01904761904761905,0.0,0.0,0.0,True,True,False,1,780.0,0.0,0.0,0.0,0.08645995,0.0,1.0,weak_rules_v2,False,possible_sensor_stale,check_sensor_connection,0.008845,0.000283,train
synthetic_stale_data_0036_1772246400000,1772246400000,synthetic_scenario,stale_data,stale_data_0036,2026-02-28T05:40:00+03:00,2026-02-28,synthetic_hourly_summary,5,Saturday,True,49,27.715,70.784,259.596,0,23,0,0,0,0.0,9.813,10.581,0.005019,7.478,9.43,0.003825,17.291,24.723,0.008845,0.000283,0.032,993.0,724.0,38.0,0,0,1,0,0.007924,0.008139,9.061,12.933,True,True,False,False,True,morning,0.011308,26.05,33.719,-0.002463,-8.759,0.050054999999999995,74.86199999999997,0.09417033333333331,145.70166666666668,0.008139,12.933,0.06925574329252407,92.23441351794936,0.002,3.0,0.007924,9.061,0.002,3.0,0.353,1.4526666666666668,0.46049999999999996,2.7433333333333336,0.0,0.46938775510204084,0.0,0.0,0.0,60.0,True,True,False,0,0.0,0.0,0.0,60.0,0.086455,0.0855555555555555,0.9144444444444445,weak_rules_v2,False,possible_sensor_stale,check_sensor_connection,0.047476,0.001519,train
synthetic_stale_data_0036_1772250000000,1772250000000,synthetic_scenario,stale_data,stale_data_0036,2026-02-28T06:40:00+03:00,2026-02-28,synthetic_hourly_summary,6,Saturday,True,84,25.431,62.519,107.175,0,76,0,5,0,0.0,23.369,38.299,0.016903,42.27,58.104,0.030574,65.639,104.739,0.047476,0.001519,0.032,1788.0,243.0,29.0,1,1,2,0,0.031357,0.027481,50.305,54.023,False,True,False,False,False,morning,0.008845,17.291,24.723,0.038631,48.348,0.022542999999999997,36.326666666666625,0.07506516666666664,119.88083333333334,0.027481,54.023,0.021627701195457434,25.76023455509345,0.0054962,10.8046,0.031357,50.305,0.00564426,9.0549,3.6379680506531784,1.0750976435962454,2.8558216666135143,1.693447746523981,0.0,0.9047619047619048,0.05952380952380952,0.0,0.0,60.0,True,True,False,2,60.0,60.0,0.0,120.0,0.32819499999999996,0.4355174178253397,0.5644825821746603,weak_rules_v2,False,possible_sensor_stale,check_sensor_connection,0.041289,0.001321,train
synthetic_stale_data_0036_1772253600000,1772253600000,synthetic_scenario,stale_data,stale_data_0036,2026-02-28T07:40:00+03:00,2026-02-28,synthetic_hourly_summary,7,Saturday,True,97,26.746,62.643,203.881,72,74,0,5,0,0.7509,13.047,18.176,0.009384,43.378,73.591,0.031202,57.402,100.25,0.041289,0.001321,0.032,433.0,1781.0,56.0,1,1,2,0,0.017762,0.037376,33.704,47.072,False,True,False,False,False,morning,0.047476,65.639,104.739,-0.006186999999999998,-8.236999999999995,0.032536666666666665,46.777333333333296,0.0633015,91.94566666666668,0.037376,47.072,0.02074948298954279,25.865902890357926,0.0074752,9.4144,0.017762,33.704,0.0031971599999999997,6.06672,0.5234642551369862,1.0972552685248127,7.358718362546761,3.9062293957855316,0.7422680412371134,0.7628865979381443,0.05154639175257732,0.0,0.0,0.0,True,True,False,2,120.0,120.0,0.0,0.0,0.071494191,0.0,1.0,weak_rules_v2,False,possible_sensor_stale,check_sensor_connection,0.084871,0.002716,train
synthetic_power_spike_0079_1772268000000,1772268000000,synthetic_scenario,power_spike,power_spike_0079,2026-02-28T11:40:00+03:00,2026-02-28,synthetic_hourly_summary,11,Saturday,True,122,26.567,52.524,480.123,57,88,0,1,0,0.4738,122.571,176.725,0.062981,40.0,54.57,0.020553,165.173,208.427,0.084871,0.002716,0.032,24.0,30.0,67.0,1,1,3,0,0.03903,0.043806,78.097,66.223,False,True,False,False,False,morning,0.041289,57.402,100.25,0.043582,107.771,0.05787866666666667,96.0713333333333,0.05396683333333332,85.46666666666668,0.043806,66.223,0.02357984915840915,59.98535066441979,0.0087612,13.2446,0.03903,78.097,0.0070254,14.057459999999999,4.68714331370132,7.470969300696133,6.525037720272155,6.194291145057501,0.4672131147540984,0.7213114754098361,0.00819672131147541,0.0,0.0,0.0,False,False,False,2,180.0,180.0,60.0,0.0,0.43457016299999995,0.0,1.0,weak_rules_v2,True,unusual_same_hour_usage,review_unusual_usage,0.109216,0.003495,train
synthetic_power_spike_0079_1772271600000,1772271600000,synthetic_scenario,power_spike,power_spike_0079,2026-02-28T12:40:00+03:00,2026-02-28,synthetic_hourly_summary,12,Saturday,True,135,29.968,58.479,503.636,4,12,0,4,0,0.032,108.456,130.459,0.060437,85.743,114.084,0.04778,195.991,235.38,0.109216,0.003495,0.032,71.0,73.0,11.0,1,1,1,0,0.040775,0.05007,112.692,99.805,False,False,False,False,False,afternoon,0.084871,165.173,208.427,0.02434499999999999,30.818000000000012,0.07845866666666666,139.52199999999996,0.05050083333333332,87.92433333333334,0.05007,99.805,0.03441450052424604,72.76818041561887,0.010014000000000002,19.961000000000002,0.040775,112.692,0.0073395,20.28456,5.906331136409025,4.818696458093282,9.325022140472784,4.1065223993027224,0.02962962962962963,0.08888888888888889,0.02962962962962963,0.0,0.0,0.0,False,False,False,2,240.0,240.0,120.0,60.0,0.94859644,0.0,1.0,weak_rules_v2,True,ac_running_empty_room,turn_off_or_adjust_ac,0.288062,0.009218,train
synthetic_power_spike_0079_1772275200000,1772275200000,synthetic_scenario,power_spike,power_spike_0079,2026-02-28T13:40:00+03:00,2026-02-28,synthetic_hourly_summary,13,Saturday,True,142,24.047,52.147,483.035,38,128,0,13,0,0.2722,107.711,151.266,0.064103,376.312,457.061,0.223959,484.023,624.983,0.288062,0.009218,0.032,50.0,79.0,67.0,1,1,2,0,0.130244,0.11665,302.531,328.96,False,False,False,False,False,afternoon,0.109216,195.991,235.38,0.178846,288.03200000000004,0.16071633333333332,281.729,0.09662649999999999,164.2531666666667,0.11665,328.96,0.11095430983217072,175.86808723585983,0.023330000000000004,65.792,0.130244,302.531,0.02344392,54.45558,7.347278182597512,2.3568670963035028,6.731724046149278,3.332844861812142,0.2676056338028169,0.9014084507042254,0.09154929577464789,0.0,0.0,0.0,False,False,False,2,300.0,300.0,180.0,0.0,0.7278,0.0,1.0,weak_rules_v2,True,unusual_same_hour_usage,review_unusual_usage,0.264667,0.008469,train
synthetic_power_spike_0079_1772278800000,1772278800000,synthetic_scenario,power_spike,power_spike_0079,2026-02-28T14:40:00+03:00,2026-02-28,synthetic_hourly_summary,14,Saturday,True,47,27.471,50.508,478.854,35,38,0,4,0,0.7621,180.803,281.145,0.151061,129.64,149.027,0.108314,316.776,420.712,0.264667,0.008469,0.032,33.0,36.0,28.0,1,1,1,0,0.125917,0.103006,162.003,173.07,False,False,False,False,False,afternoon,0.288062,484.023,624.983,-0.023395,-167.247,0.22064833333333334,332.2633333333333,0.13926349999999998,214.16733333333335,0.103006,173.07,0.09720959412698596,144.6392110609475,0.0206012,34.614,0.125917,162.003,0.02266506,29.160539999999997,7.847164242859639,4.15167273357601,6.121757453984237,5.307617760164937,0.7446808510638298,0.8085106382978723,0.0851063829787234,0.0,0.0,0.0,False,False,False,2,360.0,360.0,240.0,0.0,0.2379,0.0,1.0,weak_rules_v2,True,unusual_same_hour_usage,review_unusual_usage,0.112346,0.003595,train
synthetic_routine_anomaly_0143_1772314800000,1772314800000,synthetic_scenario,routine_anomaly,routine_anomaly_0143,2026-03-01T00:40:00+03:00,2026-03-01,synthetic_hourly_summary,0,Sunday,False,85,28.646,41.717,421.786,3,49,0,4,0,0.0385,27.641,29.72,0.020191,126.161,185.585,0.092156,153.802,187.386,0.112346,0.003595,0.032,69.0,12.0,43.0,1,1,3,0,0.035418,0.051345,56.661,78.757,True,False,False,False,True,night,0.264667,316.776,420.712,-0.15232099999999998,-162.97400000000002,0.2216916666666667,318.20033333333333,0.15007516666666665,228.8611666666667,0.051345,78.757,0.09541586671163942,165.11510758962464,0.010269,15.751400000000002,0.035418,56.661,0.006375239999999999,10.19898,5.940305774661603,4.764338408014524,12.066682979778017,9.524579908971289,0.03529411764705882,0.5764705882352941,0.047058823529411764,0.0,0.0,0.0,False,False,False,2,420.0,420.0,300.0,60.0,0.739403115,0.0,1.0,weak_rules_v2,True,ac_running_empty_room,turn_off_or_adjust_ac,0.087926,0.002814,train
synthetic_routine_anomaly_0143_1772318400000,1772318400000,synthetic_scenario,routine_anomaly,routine_anomaly_0143,2026-03-01T01:40:00+03:00,2026-03-01,synthetic_hourly_summary,1,Sunday,False,112,24.683,52.728,571.732,40,70,0,2,0,0.3637,17.662,23.011,0.01358,95.346,109.024,0.073308,114.358,115.151,0.087926,0.002814,0.032,34.0,14.0,84.0,1,1,2,0,0.036792,0.049304,76.239,48.028,True,False,False,False,True,night,0.112346,153.802,187.386,-0.024419999999999997,-39.44399999999999,0.15497966666666665,194.97866666666664,0.157848,238.35383333333334,0.049304,48.028,0.09577352149907269,107.30750248390535,0.009860800000000001,9.6056,0.036792,76.239,0.0066225599999999996,13.72302,3.916720752880091,6.905346880986092,7.721183349037232,2.777741342649067,0.35714285714285715,0.625,0.017857142857142856,0.0,0.0,0.0,False,False,False,2,480.0,480.0,360.0,0.0,0.363829977,0.07408621911697766,0.9259137808830223,weak_rules_v2,True,unusual_same_hour_usage,review_unusual_usage,0.164778,0.005273,train
synthetic_routine_anomaly_0143_1772322000000,1772322000000,synthetic_scenario,routine_anomaly,routine_anomaly_0143,2026-03-01T02:40:00+03:00,2026-03-01,synthetic_hourly_summary,2,Sunday,False,128,24.885,49.612,162.426,8,34,0,2,0,0.0645,36.544,60.768,0.034688,134.763,165.951,0.127917,173.596,325.64,0.164778,0.005273,0.032,77.0,17.0,88.0,1,1,2,0,0.062984,0.06354,113.212,74.883,True,False,False,False,True,night,0.087926,114.358,115.151,0.076852,59.238,0.12168333333333332,147.25199999999998,0.17116583333333332,239.75766666666667,0.06354,74.883,0.03926763070689827,30.157288273318546,0.012708,14.9766,0.062984,113.212,0.01133712,20.37816,7.966477809254013,6.59114885888653,8.978823546015215,2.963172337443616,0.0625,0.265625,0.015625,0.0,0.0,0.0,False,False,False,2,540.0,540.0,420.0,60.0,0.8119952899999999,0.012275887518794715,0.9877241124812053,weak_rules_v2,True,ac_running_empty_room,turn_off_or_adjust_ac,0.124631,0.003988,train
synthetic_routine_anomaly_0143_1772325600000,1772325600000,synthetic_scenario,routine_anomaly,routine_anomaly_0143,2026-03-01T03:40:00+03:00,2026-03-01,synthetic_hourly_summary,3,Sunday,False,126,22.176,55.813,250.425,28,74,0,6,0,0.2226,19.536,27.459,0.013804,155.846,203.143,0.110122,176.379,191.692,0.124631,0.003988,0.032,67.0,50.0,35.0,1,1,3,0,0.062229,0.089022,107.507,81.26,True,False,False,False,True,night,0.164778,173.596,325.64,-0.040147,2.782999999999987,0.12577833333333335,154.77766666666665,0.17373499999999997,236.48900000000003,0.089022,81.26,0.03843884436781808,35.032104737417185,0.0178044,16.252000000000002,0.062229,107.507,0.01120122,19.35126,2.0000112331783155,5.852756583805069,5.5710003017528456,3.5590447340379896,0.2222222222222222,0.5873015873015873,0.047619047619047616,0.0,0.0,0.0,False,False,False,2,600.0,600.0,480.0,0.0,0.685585173,0.0,1.0,weak_rules_v2,True,unusual_same_hour_usage,review_unusual_usage,0.141564,0.00453,train
synthetic_ac_left_on_0131_1772386800000,1772386800000,synthetic_scenario,ac_left_on,ac_left_on_0131,2026-03-01T20:40:00+03:00,2026-03-01,synthetic_hourly_summary,20,Sunday,False,148,31.931,49.824,479.074,0,101,0,7,22,0.0,15.729,19.694,0.010525,194.551,266.778,0.130186,211.555,252.272,0.141564,0.00453,0.032,78.0,24.0,58.0,1,1,1,0,0.076683,0.086846,62.099,142.621,False,False,True,False,False,evening,0.124631,176.379,191.692,0.01693299999999999,35.176000000000016,0.14365766666666666,187.17666666666665,0.14931866666666663,191.0776666666667,0.086846,142.621,0.020155222209971804,21.15806286816823,0.0173692,28.524200000000004,0.076683,62.099,0.01380294,11.177819999999999,3.1502890173410396,2.4166847799412423,4.700520323930989,13.370764603473669,0.0,0.6824324324324325,0.0472972972972973,0.0,0.14864864864864866,60.0,False,False,False,2,660.0,660.0,540.0,60.0,1.0,0.0,1.0,weak_rules_v2,True,ac_running_empty_room,turn_off_or_adjust_ac,0.117402,0.003757,train
synthetic_ac_left_on_0131_1772390400000,1772390400000,synthetic_scenario,ac_left_on,ac_left_on_0131,2026-03-01T21:40:00+03:00,2026-03-01,synthetic_hourly_summary,21,Sunday,False,92,26.005,51.518,284.866,0,30,0,7,0,0.0,5.598,7.537,0.003161,202.333,255.209,0.114242,207.931,314.372,0.117402,0.003757,0.032,15.0,57.0,45.0,1,0,2,0,0.076011,0.117225,212.716,127.747,False,False,True,False,False,evening,0.141564,211.555,252.272,-0.02416199999999999,-3.6239999999999952,0.12786566666666666,198.62166666666664,0.12477449999999997,172.93683333333334,0.117225,127.747,0.01240152661301583,19.347752048580624,0.023445,25.549400000000002,0.076011,212.716,0.013681979999999998,38.28888,0.007549584133077862,3.1383907254182097,3.025220033942457,-0.12497100985978166,0.0,0.32608695652173914,0.07608695652173914,0.0,0.0,60.0,False,False,False,1,720.0,0.0,600.0,120.0,1.0,0.9583429967134061,0.041657003286593886,weak_rules_v2,True,ac_running_empty_room,turn_off_or_adjust_ac,0.099306,0.003178,train
synthetic_ac_left_on_0131_1772394000000,1772394000000,synthetic_scenario,ac_left_on,ac_left_on_0131,2026-03-01T22:40:00+03:00,2026-03-01,synthetic_hourly_summary,22,Sunday,False,105,27.204,57.363,272.646,8,64,0,7,0,0.078,3.406,4.565,0.001848,175.606,248.099,0.095299,182.991,316.128,0.099306,0.003178,0.032,45.0,76.0,24.0,1,0,1,0,0.094901,0.086429,97.278,143.778,False,False,False,False,False,night,0.117402,207.931,314.372,-0.018096,-24.939999999999998,0.11942399999999999,200.82566666666665,0.12260116666666665,177.8016666666667,0.086429,143.778,0.021201438724765972,15.551200768215764,0.0172858,28.7556,0.094901,97.278,0.01708218,17.51004,0.7449467192724664,1.3636648165922471,0.2578710679784434,4.895077338486948,0.0761904761904762,0.6095238095238096,0.06666666666666667,0.0,0.0,0.0,False,False,False,1,780.0,0.0,660.0,180.0,0.8435885100000001,0.0,1.0,weak_rules_v2,True,ac_running_empty_room,turn_off_or_adjust_ac,0.19836,0.006348,train
synthetic_ac_left_on_0131_1772397600000,1772397600000,synthetic_scenario,ac_left_on,ac_left_on_0131,2026-03-01T23:40:00+03:00,2026-03-01,synthetic_hourly_summary,23,Sunday,False,136,28.174,52.244,384.33,5,82,0,8,0,0.044,16.04,27.474,0.014903,197.455,332.537,0.183457,213.495,278.772,0.19836,0.006348,0.032,28.0,27.0,64.0,1,1,2,0,0.105121,0.16708,128.734,131.385,True,False,False,False,True,night,0.099306,182.991,316.128,0.099054,30.50399999999999,0.138356,201.4723333333333,0.14100683333333333,194.32450000000003,0.16708,131.385,0.05274681332554611,16.245285018532428,0.033416,26.277,0.105121,128.734,0.01892178,23.17212,0.9360785252573618,3.1247859344674054,4.92760194865388,3.65788715059304,0.03676470588235294,0.6029411764705882,0.058823529411764705,0.0,0.0,0.0,False,False,False,2,840.0,60.0,720.0,240.0,0.956,0.0,1.0,weak_rules_v2,True,ac_running_empty_room,turn_off_or_adjust_ac,0.092138,0.002948,train
synthetic_ac_left_on_0161_1772401200000,1772401200000,synthetic_scenario,ac_left_on,ac_left_on_0161,2026-03-02T00:40:00+03:00,2026-03-02,synthetic_hourly_summary,0,Monday,False,113,26.275,45.821,627.058,8,90,0,6,0,0.0712,10.516,16.825,0.005058,179.073,255.935,0.086128,191.57,274.437,0.092138,0.002948,0.032,23.0,72.0,67.0,1,1,3,0,0.046308,0.061688,188.147,190.09,True,False,False,False,True,night,0.19836,213.495,278.772,-0.10622200000000001,-21.92500000000001,0.12993466666666667,196.01866666666663,0.12890016666666665,197.32016666666667,0.061688,190.09,0.05936636031738295,15.731067361541502,0.0123376,38.018,0.046308,188.147,0.00833544,33.86646,2.4680651018026194,0.038928928402335465,5.498210052498728,0.10107345143247928,0.07079646017699115,0.7964601769911505,0.05309734513274336,0.0,0.0,0.0,False,False,False,2,900.0,120.0,780.0,300.0,0.8896510799999999,0.966308849522507,0.0336911504774931,weak_rules_v2,True,ac_running_empty_room,turn_off_or_adjust_ac,0.208828,0.006683,train
synthetic_ac_left_on_0161_1772404800000,1772404800000,synthetic_scenario,ac_left_on,ac_left_on_0161,2026-03-02T01:40:00+03:00,2026-03-02,synthetic_hourly_summary,1,Monday,False,59,27.897,56.754,127.204,2,43,0,4,0,0.0435,11.039,17.458,0.008144,265.7,355.552,0.196021,283.06,348.418,0.208828,0.006683,0.032,17.0,14.0,60.0,1,1,1,0,0.085439,0.162649,248.785,214.222,True,False,False,False,True,night,0.092138,191.57,274.437,0.11669000000000002,91.49000000000001,0.166442,229.375,0.142933,215.1003333333334,0.162649,214.222,0.06456166097615527,47.76751851415363,0.0325298,42.84440000000001,0.085439,248.785,0.01537902,44.781299999999995,1.419590652263464,1.6066977247901706,8.023203038945265,0.7653864447883382,0.03389830508474576,0.7288135593220338,0.06779661016949153,0.0,0.0,0.0,False,False,False,2,960.0,180.0,840.0,360.0,0.9565,0.7448711850705539,0.25512881492944606,weak_rules_v2,True,ac_running_empty_room,turn_off_or_adjust_ac,0.137543,0.004401,train
synthetic_ac_left_on_0161_1772408400000,1772408400000,synthetic_scenario,ac_left_on,ac_left_on_0161,2026-03-02T02:40:00+03:00,2026-03-02,synthetic_hourly_summary,2,Monday,False,125,26.138,54.046,40.0,19,91,0,2,0,0.154,8.801,11.76,0.003991,289.945,401.519,0.131477,303.321,419.136,0.137543,0.004401,0.032,55.0,58.0,10.0,1,0,3,0,0.049054,0.110824,257.717,309.048,True,False,False,False,True,night,0.208828,283.06,348.418,-0.07128500000000002,20.261000000000024,0.14616966666666667,259.317,0.14226283333333334,230.3946666666667,0.110824,309.048,0.058821369912076545,59.538802784402684,0.022164800000000002,61.8096,0.049054,257.717,0.00882972,46.38905999999999,1.2054699343102573,-0.0926555098237163,10.021722093112807,0.9830766133221938,0.152,0.728,0.016,0.0,0.0,0.0,False,False,False,1,1020.0,0.0,900.0,420.0,0.846,0.6723077955592687,0.32769220444073127,weak_rules_v2,True,ac_running_empty_room,turn_off_or_adjust_ac,0.15664,0.005012,train
synthetic_ac_left_on_0161_1772412000000,1772412000000,synthetic_scenario,ac_left_on,ac_left_on_0161,2026-03-02T03:40:00+03:00,2026-03-02,synthetic_hourly_summary,3,Monday,False,153,26.841,43.453,430.347,6,13,0,15,0,0.044,8.579,11.71,0.007978,159.871,265.947,0.148663,168.451,221.845,0.15664,0.005012,0.032,59.0,65.0,56.0,1,0,0,0,0.148156,0.161433,170.629,125.644,True,False,False,False,True,night,0.137543,303.321,419.136,0.019097000000000003,-134.87000000000003,0.16767033333333334,251.61066666666667,0.14880249999999998,223.81466666666668,0.161433,125.644,0.036900392902154106,72.72739958456741,0.0322866,25.128800000000002,0.148156,170.629,0.02666808,30.713219999999996,-0.1484516796441865,1.7035035497118838,0.31813313894363565,-0.07091408846092977,0.0392156862745098,0.08496732026143791,0.09803921568627451,0.0,0.0,0.0,False,False,False,1,1080.0,0.0,960.0,480.0,0.8051957799999999,0.9763619705130234,0.02363802948697659,weak_rules_v2,True,ac_running_empty_room,turn_off_or_adjust_ac,0.119793,0.003833,train
synthetic_routine_anomaly_0023_1772451600000,1772451600000,synthetic_scenario,routine_anomaly,routine_anomaly_0023,2026-03-02T14:40:00+03:00,2026-03-02,synthetic_hourly_summary,14,Monday,False,110,27.216,75.378,311.953,52,59,0,12,0,0.4766,20.017,25.635,0.015433,125.252,144.841,0.096564,155.381,216.735,0.119793,0.003833,0.032,46.0,17.0,24.0,1,1,3,0,0.053141,0.055693,68.312,67.775,False,False,False,True,False,afternoon,0.15664,168.451,221.845,-0.036847000000000005,-13.069999999999993,0.13799199999999998,209.05100000000002,0.152217,219.21300000000005,0.055693,67.775,0.018427603018298624,81.90134858474568,0.0111386,13.555000000000001,0.053141,68.312,0.00956538,12.296159999999999,5.754762717038047,6.463002582073035,6.968045179595582,7.08099113869696,0.4727272727272727,0.5363636363636364,0.10909090909090909,0.0,0.0,0.0,False,False,False,2,1140.0,60.0,1020.0,0.0,0.406632077,0.0,1.0,weak_rules_v2,True,unusual_same_hour_usage,review_unusual_usage,0.159426,0.005102,train
synthetic_routine_anomaly_0023_1772455200000,1772455200000,synthetic_scenario,routine_anomaly,routine_anomaly_0023,2026-03-02T15:40:00+03:00,2026-03-02,synthetic_hourly_summary,15,Monday,False,80,27.732,43.905,501.947,37,44,0,4,0,0.4745,0.0,0.0,0.0,270.632,347.164,0.159426,270.632,480.164,0.159426,0.005102,0.032,24.0,41.0,70.0,1,0,3,0,0.062915,0.075177,108.583,122.842,False,False,False,True,False,afternoon,0.119793,155.381,216.735,0.039633000000000015,115.251,0.14528633333333332,198.15466666666666,0.145728,228.73583333333337,0.075177,122.842,0.022121776202044505,63.106490239383135,0.015035399999999999,24.5684,0.062915,108.583,0.0113247,19.54494,5.603376032563152,6.015450741603035,8.52216835766069,8.291097337725263,0.4625,0.55,0.05,0.0,0.0,0.0,False,False,False,1,1200.0,0.0,1080.0,0.0,0.5255000000000001,0.0,1.0,weak_rules_v2,True,unusual_same_hour_usage,review_unusual_usage,0.039555,0.001266,train
synthetic_routine_anomaly_0023_1772458800000,1772458800000,synthetic_scenario,routine_anomaly,routine_anomaly_0023,2026-03-02T16:40:00+03:00,2026-03-02,synthetic_hourly_summary,16,Monday,False,125,22.903,41.976,66.709,10,56,0,13,0,0.0824,25.552,42.574,0.009349,80.043,103.817,0.029285,108.114,136.09,0.039555,0.001266,0.032,70.0,45.0,44.0,1,1,1,0,0.01811,0.019492,46.275,48.224,False,False,False,True,False,afternoon,0.159426,270.632,480.164,-0.119871,-162.518,0.106258,178.04233333333332,0.13696416666666664,214.8265,0.019492,48.224,0.0610709532347417,83.59531746655053,0.0038983999999999998,9.6448,0.01811,46.275,0.0032598,8.3295,5.146470346808948,6.209563702720637,6.578624455488066,7.4240950837385205,0.08,0.448,0.104,0.0,0.0,0.0,False,False,False,2,1260.0,60.0,1140.0,60.0,0.496027032,0.0,1.0,weak_rules_v2,True,ac_running_empty_room,turn_off_or_adjust_ac,0.057592,0.001843,train
synthetic_routine_anomaly_0023_1772462400000,1772462400000,synthetic_scenario,routine_anomaly,routine_anomaly_0023,2026-03-02T17:40:00+03:00,2026-03-02,synthetic_hourly_summary,17,Monday,False,169,28.344,47.658,522.271,39,95,0,20,0,0.2323,2.717,4.203,0.001526,97.537,112.756,0.054786,102.531,112.028,0.057592,0.001843,0.032,7.0,14.0,64.0,1,0,3,0,0.023408,0.024699,32.3,48.572,False,False,True,True,False,evening,0.039555,108.114,136.09,0.018036999999999997,-5.582999999999998,0.08552433333333333,160.42566666666664,0.11175816666666666,184.73833333333334,0.024699,48.572,0.06463300700364591,95.4822988953103,0.0049398,9.714400000000001,0.023408,32.3,0.004213440000000001,5.813999999999999,6.658771610186647,5.554537593675368,8.113085744664689,12.0796353629171,0.23076923076923078,0.5621301775147929,0.11834319526627218,0.0,0.0,0.0,False,False,False,1,1320.0,0.0,1200.0,0.0,0.3935652435000001,0.0,1.0,weak_rules_v2,True,unusual_same_hour_usage,review_unusual_usage,0.02181,0.000698,train
synthetic_hub_offline_0037_1772484000000,1772484000000,synthetic_scenario,hub_offline,hub_offline_0037,2026-03-02T23:40:00+03:00,2026-03-02,synthetic_hourly_summary,23,Monday,False,153,26.178,63.06,320.794,109,64,0,15,0,0.7154,5.694,6.647,0.004228,23.679,26.361,0.017582,29.372,31.539,0.02181,0.000698,0.032,1322.0,663.0,2416.0,1,0,0,0,0.011215,0.016454,27.7,24.096,True,False,False,False,True,night,0.057592,102.531,112.028,-0.035781999999999994,-73.159,0.03965233333333333,80.00566666666664,0.09246933333333333,139.08016666666668,0.016454,24.096,0.01789119857173735,43.93880542679113,0.0032908,4.8192,0.011215,27.7,0.0020187,4.986,1.627567764677282,1.0947875166002654,5.248427205627384,0.3353389490573607,0.7124183006535948,0.41830065359477125,0.09803921568627451,0.0,0.0,0.0,True,True,True,1,1380.0,0.0,0.0,0.0,0.04179635599999999,0.8882203503142131,0.11177964968578691,weak_rules_v2,False,hub_offline_or_stale,wait_for_fresh_data,0.009494,0.000304,train
synthetic_hub_offline_0037_1772487600000,1772487600000,synthetic_scenario,hub_offline,hub_offline_0037,2026-03-03T00:40:00+03:00,2026-03-03,synthetic_hourly_summary,0,Tuesday,False,153,28.081,72.639,625.242,76,131,0,8,0,0.5027,0.0,0.0,0.0,14.388,22.817,0.009494,14.388,21.94,0.009494,0.000304,0.032,1701.0,987.0,2961.0,1,0,0,0,0.009822,0.007631,8.996,14.07,True,False,False,False,True,night,0.02181,29.372,31.539,-0.012315999999999999,-14.984,0.029632000000000002,48.763666666666644,0.06794499999999999,113.40300000000002,0.007631,14.07,0.0249848386826892,47.162746573258666,0.002,3.0,0.009822,8.996,0.002,3.0,0.9315000000000004,0.10599999999999987,-0.1639999999999992,1.7973333333333332,0.49673202614379086,0.8562091503267973,0.05228758169934641,0.0,0.0,0.0,True,True,True,1,1440.0,0.0,0.0,0.0,0.035775762,0.40088888888888896,0.599111111111111,weak_rules_v2,False,hub_offline_or_stale,wait_for_fresh_data,0.015167,0.000485,train
synthetic_hub_offline_0037_1772491200000,1772491200000,synthetic_scenario,hub_offline,hub_offline_0037,2026-03-03T01:40:00+03:00,2026-03-03,synthetic_hourly_summary,1,Tuesday,False,47,28.612,54.655,396.112,29,46,0,0,0,0.6198,2.358,3.495,0.001903,15.129,24.913,0.01221,18.793,24.689,0.015167,0.000485,0.032,595.0,1360.0,1762.0,1,0,3,0,0.010452,0.016144,17.082,10.56,True,False,False,False,True,night,0.009494,14.388,21.94,0.005672999999999999,4.404999999999999,0.015490333333333333,20.85099999999998,0.05050733333333333,90.63833333333336,0.016144,10.56,0.006164363092269548,7.701077002608169,0.0032288,3.0,0.010452,17.082,0.002,3.07476,-0.30258919722497485,2.744333333333333,2.3575000000000004,0.5564661957356016,0.6170212765957447,0.9787234042553191,0.0,0.0,0.0,0.0,True,True,True,1,1500.0,0.0,0.0,0.0,0.035725493,0.8145112680881328,0.1854887319118672,weak_rules_v2,False,hub_offline_or_stale,wait_for_fresh_data,0.03418,0.001094,train
synthetic_hub_offline_0037_1772494800000,1772494800000,synthetic_scenario,hub_offline,hub_offline_0037,2026-03-03T02:40:00+03:00,2026-03-03,synthetic_hourly_summary,2,Tuesday,False,146,27.985,57.459,193.408,51,119,0,8,0,0.3531,18.606,32.814,0.010588,37.486,53.203,0.021333,60.063,65.185,0.03418,0.001094,0.032,608.0,390.0,1332.0,1,1,2,0,0.02598,0.025209,21.238,36.993,True,False,False,False,True,night,0.015167,18.793,24.689,0.019013000000000002,41.27,0.019613666666666668,31.081333333333315,0.029632999999999993,55.54350000000002,0.025209,36.993,0.01292978276435205,25.195312229330074,0.0050418,7.398600000000001,0.02598,21.238,0.0046764,3.82284,1.779324844301639,3.1181574892547235,1.7534855872038326,10.156061985330279,0.3493150684931507,0.815068493150685,0.0547945205479452,0.0,0.0,0.0,True,True,True,2,1560.0,60.0,0.0,0.0,0.1942737735,0.0,1.0,weak_rules_v2,False,hub_offline_or_stale,wait_for_fresh_data,0.001563,5e-05,train
synthetic_low_usage_normal_0108_1772556000000,1772556000000,synthetic_scenario,low_usage_normal,low_usage_normal_0108,2026-03-03T19:40:00+03:00,2026-03-03,synthetic_hourly_summary,19,Tuesday,False,89,26.775,50.09,167.458,23,51,0,1,0,0.2589,2.015,2.984,0.001563,0.0,0.0,0.0,2.015,3.023,0.001563,5e-05,0.032,69.0,31.0,74.0,0,0,0,0,0.002,0.002,1.131,1.214,False,False,True,False,False,evening,0.03418,60.063,65.185,-0.032617,-58.048,0.016970000000000002,26.95699999999998,0.02330099999999999,37.86033333333335,0.002,1.214,0.016383079045161255,29.872742559063738,0.002,3.0,0.002,1.131,0.002,3.0,-0.21850000000000006,0.26700000000000007,-0.21850000000000006,0.2946666666666667,0.25842696629213485,0.5730337078651685,0.011235955056179775,0.0,0.0,0.0,False,False,False,0,0.0,0.0,0.0,0.0,0.0074665825,0.9017777777777778,0.09822222222222222,weak_rules_v2,False,low_usage_normal,keep_monitoring,0.0024,7.7e-05,train
synthetic_low_usage_normal_0108_1772559600000,1772559600000,synthetic_scenario,low_usage_normal,low_usage_normal_0108,2026-03-03T20:40:00+03:00,2026-03-03,synthetic_hourly_summary,20,Tuesday,False,69,27.789,34.489,177.979,11,41,0,7,0,0.1671,4.189,5.003,0.001607,1.763,2.338,0.000676,6.257,8.707,0.0024,7.7e-05,0.032,15.0,43.0,38.0,0,0,3,0,0.002628,0.002,1.945,3.849,False,False,True,False,False,evening,0.001563,2.015,3.023,0.0008369999999999999,4.241999999999999,0.012714333333333334,22.778333333333318,0.014102333333333323,21.814666666666685,0.002,3.849,0.01859452275088917,32.35905464214665,0.002,3.0,0.002628,1.945,0.002,3.0,0.19999999999999987,0.8026666666666665,-0.11400000000000017,1.4373333333333331,0.15942028985507245,0.5942028985507246,0.10144927536231885,0.0,0.0,0.0,False,False,False,0,0.0,0.0,0.0,60.0,0.0260572765,0.520888888888889,0.47911111111111104,weak_rules_v2,False,normal,keep_monitoring,0.002022,6.5e-05,train
synthetic_low_usage_normal_0108_1772563200000,1772563200000,synthetic_scenario,low_usage_normal,low_usage_normal_0108,2026-03-03T21:40:00+03:00,2026-03-03,synthetic_hourly_summary,21,Tuesday,False,52,28.71,52.788,571.216,0,37,0,5,0,0.0,1.942,2.757,0.000887,0.0,0.0,0.0,4.427,5.206,0.002022,6.5e-05,0.032,25.0,58.0,43.0,0,0,3,0,0.002,0.002,5.87,2.587,False,False,True,False,False,evening,0.0024,6.257,8.707,-0.00037799999999999986,-1.83,0.001995,4.232999999999981,0.010804333333333326,17.657166666666686,0.002,2.587,0.0004191527168000139,2.1276437672005124,0.002,3.0,0.002,5.87,0.002,3.0,0.010999999999999942,0.6133333333333332,0.010999999999999942,-0.48100000000000015,0.0,0.7115384615384616,0.09615384615384616,0.0,0.0,60.0,False,False,False,0,0.0,0.0,0.0,120.0,0.022135,0.8396666666666666,0.16033333333333338,weak_rules_v2,False,low_usage_normal,keep_monitoring,0.008705,0.000279,train
synthetic_low_usage_normal_0108_1772566800000,1772566800000,synthetic_scenario,low_usage_normal,low_usage_normal_0108,2026-03-03T22:40:00+03:00,2026-03-03,synthetic_hourly_summary,22,Tuesday,False,162,28.813,47.119,784.876,0,57,0,13,0,0.0,0.613,0.662,0.000581,2.866,4.094,0.002718,9.178,10.544,0.008705,0.000279,0.032,63.0,55.0,49.0,0,0,0,0,0.007682,0.00682,8.707,5.241,False,False,False,False,False,night,0.002022,4.427,5.206,0.006683,4.751000000000001,0.004375666666666666,6.620666666666648,0.010672833333333324,16.78883333333335,0.00682,5.241,0.0037540732988760777,2.3962867802997923,0.002,3.0,0.007682,8.707,0.002,3.0,0.9424999999999998,1.3123333333333338,0.5114999999999998,0.15700000000000003,0.0,0.35185185185185186,0.08024691358024691,0.0,0.0,60.0,False,False,False,0,0.0,0.0,0.0,180.0,0.04589000000000001,0.9476666666666667,0.05233333333333334,weak_rules_v2,False,normal,keep_monitoring,0.102547,0.003281,train
synthetic_routine_anomaly_0163_1772581200000,1772581200000,synthetic_scenario,routine_anomaly,routine_anomaly_0163,2026-03-04T02:40:00+03:00,2026-03-04,synthetic_hourly_summary,2,Wednesday,False,55,24.698,65.25,384.17,0,37,0,1,0,0.0,36.274,55.795,0.03084,82.479,82.479,0.070123,120.615,147.513,0.102547,0.003281,0.032,35.0,46.0,87.0,1,1,1,0,0.052788,0.041361,43.437,47.07,True,False,False,False,True,night,0.008705,9.178,10.544,0.093842,111.437,0.037758,44.73999999999998,0.025236166666666657,33.75916666666669,0.041361,47.07,0.056208331348653315,65.75260237435542,0.0082722,9.414,0.052788,43.437,0.00950184,7.8186599999999995,7.396581320567684,7.812300828553218,5.236775193015248,9.87100091319996,0.0,0.6727272727272727,0.01818181818181818,0.0,0.0,60.0,False,False,False,2,60.0,60.0,60.0,240.0,0.603075,0.0,1.0,weak_rules_v2,True,ac_running_empty_room,turn_off_or_adjust_ac,0.09397,0.003007,train
synthetic_routine_anomaly_0163_1772584800000,1772584800000,synthetic_scenario,routine_anomaly,routine_anomaly_0163,2026-03-04T03:40:00+03:00,2026-03-04,synthetic_hourly_summary,3,Wednesday,False,114,30.571,65.626,337.475,30,84,0,5,17,0.2632,34.397,52.809,0.017529,149.993,204.3,0.076441,184.39,240.958,0.09397,0.003007,0.032,70.0,25.0,60.0,1,1,3,0,0.043381,0.037758,80.165,125.145,True,False,False,False,True,night,0.102547,120.615,147.513,-0.008577000000000001,63.77499999999999,0.06840733333333333,104.72766666666665,0.03520116666666665,54.480333333333355,0.037758,125.145,0.05188128454783419,88.6798554144818,0.0075516,25.029,0.043381,80.165,0.00780858,14.4297,7.4437205360453405,2.367054217108154,6.4786427237730795,7.22294988807806,0.2631578947368421,0.7368421052631579,0.043859649122807015,0.0,0.14912280701754385,0.0,False,False,False,2,120.0,120.0,120.0,0.0,0.6792927599999999,0.0,1.0,weak_rules_v2,True,unusual_same_hour_usage,review_unusual_usage,0.040556,0.001298,train
synthetic_routine_anomaly_0163_1772588400000,1772588400000,synthetic_scenario,routine_anomaly,routine_anomaly_0163,2026-03-04T04:40:00+03:00,2026-03-04,synthetic_hourly_summary,4,Wednesday,False,45,26.924,46.181,818.216,9,33,0,3,0,0.2069,12.714,19.23,0.006922,58.83,97.746,0.032028,74.495,100.512,0.040556,0.001298,0.032,9.0,56.0,51.0,1,1,2,0,0.019675,0.020422,34.503,36.148,True,False,False,False,True,night,0.09397,184.39,240.958,-0.053413999999999996,-109.89499999999998,0.07902433333333334,126.49999999999999,0.04169999999999999,66.56033333333336,0.020422,36.148,0.033589443793152325,55.1833550538571,0.0040844,7.229600000000001,0.019675,34.503,0.0035415,6.21054,4.929487807266674,5.304166205599202,5.896089227728364,6.439375642053671,0.2,0.7333333333333333,0.06666666666666667,0.0,0.0,0.0,False,False,False,2,180.0,180.0,0.0,0.0,0.29540992250000003,0.0,1.0,weak_rules_v2,True,unusual_same_hour_usage,review_unusual_usage,0.00847,0.000271,train
synthetic_normal_usage_0020_1772592000000,1772592000000,synthetic_scenario,normal_usage,normal_usage_0020,2026-03-04T05:40:00+03:00,2026-03-04,synthetic_hourly_summary,5,Wednesday,False,97,29.253,54.899,408.302,54,57,0,2,0,0.5576,2.445,4.241,0.002033,7.743,9.817,0.006438,10.189,13.961,0.00847,0.000271,0.032,72.0,20.0,73.0,0,0,2,0,0.010183,0.009191,3.5,9.628,True,True,False,False,True,morning,0.040556,74.495,100.512,-0.032086,-64.30600000000001,0.04766533333333333,89.69133333333332,0.042711666666666655,67.21566666666669,0.009191,9.628,0.04319108085396031,88.08912254264658,0.002,3.0,0.010183,3.5,0.002,3.0,-0.3604999999999997,0.18699999999999997,-0.8564999999999996,2.2296666666666667,0.5567010309278351,0.5876288659793815,0.020618556701030927,0.0,0.0,0.0,False,False,False,0,0.0,0.0,0.0,0.0,0.022538067999999998,0.25677777777777777,0.7432222222222222,weak_rules_v2,False,sudden_power_spike,reduce_peak_load,0.089133,0.002852,train
synthetic_routine_anomaly_0163_1772592000000,1772592000000,synthetic_scenario,routine_anomaly,routine_anomaly_0163,2026-03-04T05:40:00+03:00,2026-03-04,synthetic_hourly_summary,5,Wednesday,False,159,29.538,64.63,421.84,80,59,0,16,0,0.5094,28.392,37.957,0.020311,93.462,98.987,0.06686,124.598,168.811,0.089133,0.002852,0.032,24.0,7.0,59.0,1,1,2,0,0.030862,0.049588,55.846,68.051,True,True,False,False,True,morning,0.00847,10.189,13.961,0.080663,114.40899999999999,0.046053000000000004,69.76066666666665,0.05723016666666666,87.24416666666669,0.049588,68.051,0.040611484200900654,57.35124457527854,0.0099176,13.6102,0.030862,55.846,0.00555516,10.05228,3.9873558118899735,4.1547515833712945,10.489526854312027,6.839443389957305,0.5031446540880503,0.3710691823899371,0.10062893081761007,0.0,0.0,0.0,False,False,False,2,60.0,60.0,60.0,0.0,0.30563889400000005,0.0,1.0,weak_rules_v2,True,unusual_same_hour_usage,review_unusual_usage,0.006627,0.000212,train
synthetic_normal_usage_0020_1772595600000,1772595600000,synthetic_scenario,normal_usage,normal_usage_0020,2026-03-04T06:40:00+03:00,2026-03-04,synthetic_hourly_summary,6,Wednesday,False,89,27.587,41.364,415.934,54,51,0,8,0,0.61,7.347,10.462,0.004548,0.0,0.0,0.0,10.706,11.968,0.006627,0.000212,0.032,51.0,50.0,64.0,0,0,0,0,0.003188,0.004567,10.897,9.856,False,True,False,False,False,morning,0.089133,124.598,168.811,-0.08250600000000001,-113.892,0.03474333333333333,48.497666666666646,0.05688383333333333,87.49883333333337,0.004567,9.856,0.04711184609345442,65.90532886143143,0.002,3.0,0.003188,10.897,0.002,3.0,1.03,0.2833333333333332,1.7195,-0.06366666666666691,0.6067415730337079,0.5730337078651685,0.0898876404494382,0.0,0.0,0.0,False,False,False,0,0.0,0.0,0.0,0.0,0.020876699999999998,0.9787777777777777,0.021222222222222305,weak_rules_v2,False,normal,keep_monitoring,0.027218,0.000871,train
synthetic_normal_usage_0020_1772599200000,1772599200000,synthetic_scenario,normal_usage,normal_usage_0020,2026-03-04T07:40:00+03:00,2026-03-04,synthetic_hourly_summary,7,Wednesday,False,114,27.324,47.302,458.383,63,34,0,13,0,0.5576,20.203,24.476,0.010165,33.895,42.201,0.017053,54.098,62.026,0.027218,0.000871,0.032,9.0,51.0,84.0,1,1,2,0,0.027401,0.011315,55.842,42.682,False,True,False,False,False,morning,0.006627,10.706,11.968,0.020590999999999998,43.391999999999996,0.04099266666666667,63.133999999999986,0.044328999999999986,76.41266666666668,0.011315,42.682,0.04294317280235982,57.48116115737474,0.0022630000000000003,8.5364,0.027401,55.842,0.0049321799999999996,10.05156,7.027397260273972,1.337331896349749,-0.037103268737150544,-0.17350540612601426,0.5526315789473685,0.2982456140350877,0.11403508771929824,0.0,0.0,0.0,False,False,False,2,60.0,60.0,0.0,0.0,0.11966477600000001,0.9421648646246619,0.05783513537533808,weak_rules_v2,True,unusual_same_hour_usage,review_unusual_usage,0.003956,0.000127,train
synthetic_normal_usage_0020_1772602800000,1772602800000,synthetic_scenario,normal_usage,normal_usage_0020,2026-03-04T08:40:00+03:00,2026-03-04,synthetic_hourly_summary,8,Wednesday,False,48,28.611,34.808,307.353,26,32,0,5,0,0.5484,5.587,7.085,0.002676,0.388,0.463,0.000186,8.26,14.456,0.003956,0.000127,0.032,54.0,33.0,21.0,0,0,3,0,0.002,0.002865,2.472,5.365,False,True,False,True,False,morning,0.027218,54.098,62.026,-0.023261999999999998,-45.838,0.012600333333333333,24.35466666666665,0.029326666666666657,47.057666666666684,0.002865,5.365,0.012729520585369039,25.787499633222282,0.002,3.0,0.002,2.472,0.002,3.0,0.5455000000000002,0.9649999999999999,0.9780000000000001,1.9293333333333333,0.5416666666666666,0.6666666666666666,0.10416666666666667,0.0,0.0,0.0,False,False,False,0,0.0,0.0,0.0,0.0,0.018651079999999997,0.3568888888888889,0.6431111111111111,weak_rules_v2,False,normal,keep_monitoring,0.031679,0.001014,train
synthetic_hub_offline_0007_1772624400000,1772624400000,synthetic_scenario,hub_offline,hub_offline_0007,2026-03-04T14:40:00+03:00,2026-03-04,synthetic_hourly_summary,14,Wednesday,False,91,30.669,40.963,485.707,24,54,0,0,13,0.2644,11.419,18.35,0.004488,67.438,94.348,0.026502,80.613,97.318,0.031679,0.001014,0.032,1398.0,995.0,3480.0,1,1,3,0,0.010964,0.028398,49.925,23.14,False,False,False,True,False,afternoon,0.003956,8.26,14.456,0.027722999999999998,72.353,0.020950999999999997,47.65699999999998,0.02784716666666666,48.07733333333335,0.028398,23.14,0.014886156286966802,36.604016350669696,0.0056796,4.628,0.010964,49.925,0.002,8.9865,0.5776815268680892,12.418539325842696,10.357499999999998,3.414900127969733,0.26373626373626374,0.5934065934065934,0.0,0.0,0.14285714285714285,0.0,True,True,True,2,60.0,60.0,0.0,0.0,0.29649461400000005,0.0,1.0,weak_rules_v2,False,hub_offline_or_stale,wait_for_fresh_data,0.020225,0.000647,train
synthetic_hub_offline_0007_1772628000000,1772628000000,synthetic_scenario,hub_offline,hub_offline_0007,2026-03-04T15:40:00+03:00,2026-03-04,synthetic_hourly_summary,15,Wednesday,False,118,24.103,60.358,442.883,25,104,0,0,0,0.2197,13.102,19.82,0.008041,19.158,25.015,0.011758,32.953,50.761,0.020225,0.000647,0.032,1718.0,1791.0,1934.0,1,1,3,0,0.019167,0.022241,20.935,23.563,False,False,False,True,False,afternoon,0.031679,80.613,97.318,-0.011453999999999999,-47.66,0.01862,40.60866666666665,0.029806333333333324,51.871333333333354,0.022241,23.563,0.013931015792109386,36.77901679400132,0.0044482,4.7126,0.019167,20.935,0.00345006,3.7682999999999995,-0.4532170316082911,1.9925306624793115,0.3066613334260853,3.1892365257543203,0.211864406779661,0.8813559322033898,0.0,0.0,0.0,0.0,True,True,True,2,120.0,120.0,0.0,0.0,0.12856612950000001,0.0,1.0,weak_rules_v2,False,hub_offline_or_stale,wait_for_fresh_data,0.057915,0.001853,train
synthetic_hub_offline_0007_1772631600000,1772631600000,synthetic_scenario,hub_offline,hub_offline_0007,2026-03-04T16:40:00+03:00,2026-03-04,synthetic_hourly_summary,16,Wednesday,False,172,25.181,44.176,40.0,18,102,0,1,0,0.106,8.391,10.43,0.006717,63.954,86.199,0.051198,72.345,94.617,0.057915,0.001853,0.032,802.0,1439.0,2441.0,1,0,0,0,0.040229,0.053832,54.012,68.028,False,False,False,True,False,afternoon,0.020225,32.953,50.761,0.03769,39.391999999999996,0.03660633333333333,61.970333333333315,0.024603333333333324,43.16250000000002,0.053832,68.028,0.019322085429200848,25.46751227217571,0.0107664,13.605600000000003,0.040229,54.012,0.00724122,9.72216,0.379235399019171,0.31729581936849477,2.4424061138868867,1.8856920684292378,0.10465116279069768,0.5930232558139535,0.005813953488372093,0.0,0.0,0.0,True,True,True,1,180.0,0.0,0.0,60.0,0.32338215000000003,0.3714359771902541,0.6285640228097459,weak_rules_v2,False,hub_offline_or_stale,wait_for_fresh_data,0.032768,0.001049,train
synthetic_hub_offline_0057_1772635200000,1772635200000,synthetic_scenario,hub_offline,hub_offline_0057,2026-03-04T17:40:00+03:00,2026-03-04,synthetic_hourly_summary,17,Wednesday,False,46,27.296,48.888,623.178,31,19,0,0,0,0.6825,1.731,2.517,0.001291,42.218,69.364,0.031478,43.948,77.108,0.032768,0.001049,0.032,1495.0,438.0,1617.0,1,0,0,0,0.030267,0.01621,25.766,27.771,False,False,True,True,False,evening,0.057915,72.345,94.617,-0.025147000000000003,-28.397,0.03696933333333333,49.74866666666665,0.02896016666666666,48.70283333333336,0.01621,27.771,0.01919303067087988,20.326539703880407,0.003242,5.554200000000001,0.030267,25.766,0.005448059999999999,4.637879999999999,5.107341147439851,2.912570667242807,0.45906249196961857,3.92032566603707,0.6739130434782609,0.41304347826086957,0.0,0.0,0.0,0.0,True,True,True,1,240.0,0.0,0.0,0.0,0.06976745,0.0,1.0,weak_rules_v2,False,hub_offline_or_stale,wait_for_fresh_data,0.011541,0.000369,train
synthetic_hub_offline_0007_1772635200000,1772635200000,synthetic_scenario,hub_offline,hub_offline_0007,2026-03-04T17:40:00+03:00,2026-03-04,synthetic_hourly_summary,17,Wednesday,False,53,24.325,36.365,503.435,22,43,0,2,0,0.4206,19.024,26.871,0.009413,0.0,0.0,0.0,23.326,32.228,0.011541,0.000369,0.032,720.0,549.0,2592.0,0,1,3,0,0.005426,0.010267,17.834,21.221,False,False,True,True,False,evening,0.032768,43.948,77.108,-0.021227,-20.622,0.03407466666666667,46.53966666666665,0.02634733333333332,43.574166666666684,0.010267,21.221,0.02321459675146944,24.61205278584922,0.0020534,4.2442,0.005426,17.834,0.002,3.21012,0.620434401480471,0.4959709721502286,3.057499999999999,1.71083947017557,0.41509433962264153,0.8113207547169812,0.03773584905660377,0.0,0.0,0.0,True,True,True,1,0.0,60.0,0.0,0.0,0.067575422,0.4297201766081433,0.5702798233918567,weak_rules_v2,False,hub_offline_or_stale,wait_for_fresh_data,0.067868,0.002172,train
synthetic_hub_offline_0057_1772638800000,1772638800000,synthetic_scenario,hub_offline,hub_offline_0057,2026-03-04T18:40:00+03:00,2026-03-04,synthetic_hourly_summary,18,Wednesday,False,156,25.209,57.266,480.584,66,36,0,0,0,0.4287,23.501,30.935,0.017246,63.586,72.262,0.046663,92.481,151.374,0.067868,0.002172,0.032,1397.0,1378.0,757.0,1,1,0,0,0.054302,0.05594,22.698,72.498,False,False,True,False,False,evening,0.011541,23.326,32.228,0.056327,69.155,0.03739233333333333,53.251666666666644,0.03699933333333332,57.61100000000002,0.05594,72.498,0.028446811356166713,35.50383312169863,0.011188,14.499600000000001,0.054302,22.698,0.009774360000000001,4.08564,1.0661422953164106,1.3781759496813697,1.3879169582458588,17.080065791405996,0.4230769230769231,0.23076923076923078,0.0,0.0,0.0,0.0,True,True,True,2,60.0,120.0,0.0,0.0,0.26417197649999996,0.0,1.0,weak_rules_v2,False,hub_offline_or_stale,wait_for_fresh_data,0.070891,0.002268,train
synthetic_hub_offline_0057_1772642400000,1772642400000,synthetic_scenario,hub_offline,hub_offline_0057,2026-03-04T19:40:00+03:00,2026-03-04,synthetic_hourly_summary,19,Wednesday,False,169,26.934,46.352,433.311,37,93,0,12,0,0.2246,9.961,18.059,0.010422,55.382,74.819,0.057944,67.757,115.618,0.070891,0.002268,0.032,1658.0,1434.0,1247.0,1,0,3,0,0.047427,0.060848,84.607,46.752,False,False,True,False,False,evening,0.067868,92.481,151.374,0.003022999999999998,-24.72399999999999,0.0501,61.18799999999998,0.04353466666666666,55.468333333333355,0.060848,46.752,0.033427264216504514,35.042364746119624,0.012169600000000001,9.3504,0.047427,84.607,0.008536859999999999,15.22926,0.8252530896660527,2.2464279603011637,2.748551575169325,-1.1064227677510263,0.21893491124260356,0.5502958579881657,0.07100591715976332,0.0,0.0,0.0,True,True,True,1,120.0,0.0,0.0,0.0,0.262693889,0.6311924107496578,0.3688075892503421,weak_rules_v2,False,hub_offline_or_stale,wait_for_fresh_data,0.018295,0.000585,train
synthetic_hub_offline_0057_1772646000000,1772646000000,synthetic_scenario,hub_offline,hub_offline_0057,2026-03-04T20:40:00+03:00,2026-03-04,synthetic_hourly_summary,20,Wednesday,False,164,28.65,55.071,368.186,30,36,0,12,0,0.1832,9.895,12.506,0.007602,13.918,18.119,0.010693,23.813,39.789,0.018295,0.000585,0.032,437.0,1138.0,2919.0,1,0,3,0,0.020708,0.01883,10.407,17.793,False,False,True,False,False,evening,0.070891,67.757,115.618,-0.052596,-43.944,0.05235133333333333,61.35033333333331,0.043212999999999994,53.945000000000014,0.01883,17.793,0.02953235534686214,34.77941329771709,0.0037660000000000003,3.5586,0.020708,10.407,0.00372744,3.0,-0.14206054168879467,1.6916765019951665,-0.6473611915953046,4.468666666666667,0.18292682926829268,0.21951219512195122,0.07317073170731707,0.0,0.0,0.0,True,True,True,1,180.0,0.0,0.0,60.0,0.09725229199999999,0.0,1.0,weak_rules_v2,False,hub_offline_or_stale,wait_for_fresh_data,0.04716,0.001509,train
synthetic_stale_data_0016_1772685600000,1772685600000,synthetic_scenario,stale_data,stale_data_0016,2026-03-05T07:40:00+03:00,2026-03-05,synthetic_hourly_summary,7,Thursday,False,77,24.47,59.12,167.334,29,39,0,7,0,0.3892,20.601,22.94,0.014912,36.56,50.74,0.026463,65.154,78.642,0.04716,0.001509,0.032,1361.0,615.0,34.0,1,1,1,0,0.036171,0.042898,63.453,26.095,False,True,False,False,False,morning,0.018295,23.813,39.789,0.028865000000000002,41.340999999999994,0.045448666666666665,52.24133333333331,0.04142049999999999,52.746500000000026,0.042898,26.095,0.026339728554663128,24.654036268599622,0.0085796,5.219,0.036171,63.453,0.00651078,11.42154,0.49675975569956665,7.484000766430349,1.6878162063531557,0.14892912864639912,0.37662337662337664,0.5064935064935064,0.09090909090909091,0.0,0.0,0.0,True,True,False,2,240.0,60.0,0.0,0.0,0.19898031600000002,0.9503569571178669,0.04964304288213304,weak_rules_v2,False,possible_sensor_stale,check_sensor_connection,0.01799,0.000576,train
synthetic_stale_data_0016_1772689200000,1772689200000,synthetic_scenario,stale_data,stale_data_0016,2026-03-05T08:40:00+03:00,2026-03-05,synthetic_hourly_summary,8,Thursday,False,94,26.307,32.655,151.757,0,49,0,6,0,0.0,8.493,10.685,0.006794,10.144,15.062,0.008115,22.489,22.77,0.01799,0.000576,0.032,1348.0,264.0,69.0,1,0,0,0,0.014884,0.017923,10.318,27.026,False,True,False,True,False,morning,0.04716,65.154,78.642,-0.02917,-42.66499999999999,0.027814999999999996,37.15199999999998,0.03895749999999999,49.170000000000016,0.017923,27.026,0.01675395550310438,24.259477467581615,0.0035846000000000003,5.405200000000001,0.014884,10.318,0.0026791199999999997,3.0,0.018691067343636,-0.8393768963220599,1.1593359013407387,4.057,0.0,0.5212765957446809,0.06382978723404255,0.0,0.0,60.0,True,True,False,1,300.0,0.0,0.0,60.0,0.112445,0.0,1.0,weak_rules_v2,False,possible_sensor_stale,check_sensor_connection,0.029493,0.000944,train
synthetic_socket_left_on_0152_1772689200000,1772689200000,synthetic_scenario,socket_left_on,socket_left_on_0152,2026-03-05T08:40:00+03:00,2026-03-05,synthetic_hourly_summary,8,Thursday,False,178,21.492,50.422,402.594,0,156,0,6,0,0.0,26.816,37.73,0.028157,0.0,0.0,0.0,28.088,40.57,0.029493,0.000944,0.032,42.0,40.0,9.0,0,1,3,0,0.020518,0.02296,26.959,22.59,False,True,False,True,False,morning,0.01799,22.489,22.77,0.011503,5.599,0.03154766666666666,38.57699999999998,0.041949499999999994,49.96366666666669,0.02296,22.59,0.01469314351435169,23.185984926245844,0.004592000000000001,4.518,0.020518,26.959,0.00369324,4.85262,1.4226916376306613,1.2169101372288627,2.430115562487138,0.23265782196009607,0.0,0.8764044943820225,0.033707865168539325,0.0,0.0,60.0,False,False,False,1,0.0,60.0,0.0,120.0,0.14044,0.922447392679968,0.07755260732003202,weak_rules_v2,True,socket_left_on,turn_off_unused_socket,0.021433,0.000686,train
synthetic_stale_data_0016_1772692800000,1772692800000,synthetic_scenario,stale_data,stale_data_0016,2026-03-05T09:40:00+03:00,2026-03-05,synthetic_hourly_summary,9,Thursday,False,149,30.336,49.391,531.186,74,27,0,7,22,0.4989,20.911,27.273,0.011911,16.717,24.889,0.009522,37.628,56.887,0.021433,0.000686,0.032,1198.0,702.0,89.0,1,1,2,0,0.012958,0.01558,15.278,25.373,False,True,False,True,False,morning,0.029493,28.088,40.57,-0.008059999999999998,9.54,0.022972000000000003,29.401666666666646,0.03421033333333332,40.82150000000002,0.01558,25.373,0.0059039091287045676,7.654516335696042,0.0031160000000000003,5.0746,0.012958,15.278,0.00233244,3.0,1.878369704749679,2.4149686674811806,3.63353398158152,7.45,0.4966442953020134,0.18120805369127516,0.04697986577181208,0.0,0.1476510067114094,0.0,True,True,False,2,60.0,120.0,0.0,0.0,0.094276954,0.0,1.0,weak_rules_v2,False,possible_sensor_stale,check_sensor_connection,0.065863,0.002108,train
synthetic_hub_offline_0077_1772692800000,1772692800000,synthetic_scenario,hub_offline,hub_offline_0077,2026-03-05T09:40:00+03:00,2026-03-05,synthetic_hourly_summary,9,Thursday,False,143,23.992,69.907,354.46,52,52,0,2,0,0.3684,6.093,8.08,0.004636,79.042,116.81,0.06014,86.564,101.171,0.065863,0.002108,0.032,802.0,1518.0,3253.0,1,0,1,0,0.042133,0.056013,69.343,79.69,False,True,False,True,False,morning,0.021433,37.628,56.887,0.044430000000000004,48.93599999999999,0.03892966666666667,50.75999999999997,0.03337233333333333,43.95600000000002,0.056013,79.69,0.02367053512984731,31.371925538610036,0.0112026,15.938,0.042133,69.343,0.007583939999999999,12.48174,0.8792601717458451,0.4312962730580998,3.128980450794707,1.3796954591266914,0.36363636363636365,0.36363636363636365,0.013986013986013986,0.0,0.0,0.0,True,True,True,1,120.0,0.0,0.0,0.0,0.27336911199999997,0.5401015136244363,0.4598984863755638,weak_rules_v2,False,hub_offline_or_stale,wait_for_fresh_data,0.032648,0.001045,train
synthetic_socket_left_on_0152_1772692800000,1772692800000,synthetic_scenario,socket_left_on,socket_left_on_0152,2026-03-05T09:40:00+03:00,2026-03-05,synthetic_hourly_summary,9,Thursday,False,63,26.695,48.539,545.091,0,25,0,4,0,0.0016,51.162,63.255,0.031332,0.049,0.069,3e-05,53.311,75.629,0.032648,0.001045,0.032,71.0,28.0,30.0,0,1,1,0,0.023401,0.032266,46.894,30.65,False,True,False,True,False,morning,0.065863,86.564,101.171,-0.033215,-33.25299999999999,0.03998133333333334,59.16766666666664,0.0357645,48.87233333333335,0.032266,30.65,0.023104968260816452,24.988165845724282,0.006453200000000001,6.13,0.023401,46.894,0.00421218,8.44092,0.05919543792227117,3.6967373572593805,2.1953002958088215,0.7602251887235042,0.0,0.3968253968253968,0.06349206349206349,0.0,0.0,60.0,False,False,False,1,0.0,60.0,0.0,60.0,0.266128512,0.7465916037588319,0.25340839624116807,weak_rules_v2,True,socket_left_on,turn_off_unused_socket,0.050189,0.001606,train
synthetic_socket_left_on_0152_1772696400000,1772696400000,synthetic_scenario,socket_left_on,socket_left_on_0152,2026-03-05T10:40:00+03:00,2026-03-05,synthetic_hourly_summary,10,Thursday,False,171,30.501,60.135,267.396,14,103,0,20,25,0.0839,56.814,74.35,0.045846,2.175,2.359,0.001755,62.196,92.373,0.050189,0.001606,0.032,73.0,50.0,65.0,0,1,3,0,0.04376,0.032334,36.109,46.167,False,True,False,True,False,morning,0.032648,53.311,75.629,0.017540999999999994,8.884999999999998,0.04956666666666667,67.35699999999999,0.03626933333333333,48.379333333333356,0.032334,46.167,0.01661624296684832,17.216777950594707,0.006466800000000001,9.233400000000001,0.04376,36.109,0.0078768,6.49962,2.761025545865033,1.7359802456299949,0.8161943936624007,4.0136192577412215,0.08187134502923976,0.6023391812865497,0.11695906432748537,0.0,0.14619883040935672,0.0,False,False,False,1,0.0,120.0,0.0,120.0,0.284888778,0.0,1.0,weak_rules_v2,True,socket_left_on,turn_off_unused_socket,0.023337,0.000747,train
synthetic_hub_offline_0077_1772696400000,1772696400000,synthetic_scenario,hub_offline,hub_offline_0077,2026-03-05T10:40:00+03:00,2026-03-05,synthetic_hourly_summary,10,Thursday,False,141,25.74,46.711,187.031,79,49,0,0,0,0.5617,20.043,32.129,0.01597,5.03,6.162,0.004007,29.29,39.774,0.023337,0.000747,0.032,1733.0,1730.0,671.0,0,1,0,0,0.017932,0.016222,16.0,30.988,False,True,False,True,False,morning,0.050189,62.196,92.373,-0.026851999999999997,-32.906,0.03539133333333334,48.26566666666665,0.03716049999999999,49.512833333333354,0.016222,30.988,0.013634584127626883,17.02330021862469,0.0032444,6.1976,0.017932,16.0,0.00322776,3.0,2.1930094932807296,-0.27397702336388285,1.674535901058319,4.43,0.5602836879432624,0.3475177304964539,0.0,0.0,0.0,0.0,True,True,True,1,0.0,180.0,0.0,0.0,0.064189035,0.0,1.0,weak_rules_v2,False,hub_offline_or_stale,wait_for_fresh_data,0.004768,0.000153,train
synthetic_stale_data_0016_1772696400000,1772696400000,synthetic_scenario,stale_data,stale_data_0016,2026-03-05T10:40:00+03:00,2026-03-05,synthetic_hourly_summary,10,Thursday,False,178,26.138,53.399,233.016,72,177,0,17,0,0.4063,4.921,8.149,0.003748,0.0,0.0,0.0,6.262,8.886,0.004768,0.000153,0.032,1778.0,914.0,5.0,0,0,1,0,0.003561,0.002428,2.72,5.046,False,True,False,True,False,morning,0.023337,29.29,39.774,-0.018569000000000002,-23.028,0.026098,32.58266666666665,0.03303966666666666,45.87516666666668,0.002428,5.046,0.022836027478526134,28.11199618194047,0.002,3.0,0.003561,2.72,0.002,3.0,1.1699999999999997,0.4053333333333331,0.6034999999999998,1.1806666666666665,0.4044943820224719,0.9943820224719101,0.09550561797752809,0.0,0.0,0.0,True,True,False,0,0.0,0.0,0.0,0.0,0.018588747,0.6064444444444446,0.3935555555555555,weak_rules_v2,False,possible_sensor_stale,check_sensor_connection,0.02033,0.000651,train
synthetic_socket_left_on_0152_1772700000000,1772700000000,synthetic_scenario,socket_left_on,socket_left_on_0152,2026-03-05T11:40:00+03:00,2026-03-05,synthetic_hourly_summary,11,Thursday,False,145,24.053,49.591,346.829,4,79,0,9,0,0.0337,39.781,77.067,0.016393,2.758,3.53,0.001137,49.335,79.334,0.02033,0.000651,0.032,36.0,59.0,12.0,0,1,2,0,0.019703,0.00605,54.191,19.311,False,True,False,True,False,morning,0.004768,6.262,8.886,0.015562000000000001,43.073,0.016145,28.295666666666648,0.03285583333333333,47.82633333333336,0.00605,19.311,0.009966825422369947,21.553708644533494,0.002,3.8622,0.019703,54.191,0.0035465399999999995,9.75438,7.140000000000001,7.773807674382477,0.17679202828672527,-0.49782764255647227,0.027586206896551724,0.5448275862068965,0.06206896551724138,0.0,0.0,0.0,False,False,False,1,0.0,60.0,0.0,60.0,0.2383620525,0.8340574524811759,0.1659425475188241,weak_rules_v2,True,socket_left_on,turn_off_unused_socket,0.011096,0.000355,train
synthetic_hub_offline_0077_1772700000000,1772700000000,synthetic_scenario,hub_offline,hub_offline_0077,2026-03-05T11:40:00+03:00,2026-03-05,synthetic_hourly_summary,11,Thursday,False,110,24.518,53.777,305.211,56,23,0,2,0,0.5127,0.0,0.0,0.0,12.0,14.176,0.009646,13.803,21.17,0.011096,0.000355,0.032,1799.0,500.0,2339.0,1,0,1,0,0.007814,0.00713,10.746,7.557,False,True,False,True,False,morning,0.02033,49.335,79.334,-0.009234000000000001,-35.532,0.012064666666666666,23.133333333333315,0.02372799999999999,35.699500000000015,0.00713,7.557,0.007826090807889518,23.002438399731464,0.002,3.0,0.007814,10.746,0.002,3.0,1.9829999999999999,2.0820000000000003,1.641,1.0190000000000001,0.509090909090909,0.20909090909090908,0.01818181818181818,0.0,0.0,0.0,True,True,True,1,60.0,0.0,0.0,0.0,0.0336310095,0.6603333333333332,0.33966666666666673,weak_rules_v2,False,hub_offline_or_stale,wait_for_fresh_data,0.018564,0.000594,train
synthetic_hub_offline_0077_1772703600000,1772703600000,synthetic_scenario,hub_offline,hub_offline_0077,2026-03-05T12:40:00+03:00,2026-03-05,synthetic_hourly_summary,12,Thursday,False,149,26.255,62.625,177.928,17,92,0,11,0,0.1145,23.333,38.063,0.008167,26.448,33.318,0.009257,53.041,61.327,0.018564,0.000594,0.032,427.0,351.0,726.0,1,1,0,0,0.008718,0.016584,22.378,46.962,False,False,False,True,False,afternoon,0.011096,13.803,21.17,0.007468000000000001,39.238,0.016663333333333332,38.726333333333315,0.021380666666666655,35.65450000000002,0.016584,46.962,0.004901641493758315,21.663633521028565,0.0033168000000000004,9.3924,0.008718,22.378,0.002,4.02804,0.5969609261939215,0.6472254162940242,4.923,7.612387165966574,0.11409395973154363,0.6174496644295302,0.0738255033557047,0.0,0.0,0.0,True,True,True,2,120.0,60.0,0.0,60.0,0.23483902749999996,0.0,1.0,weak_rules_v2,False,hub_offline_or_stale,wait_for_fresh_data,0.039314,0.001258,train
synthetic_socket_left_on_0112_1772772000000,1772772000000,synthetic_scenario,socket_left_on,socket_left_on_0112,2026-03-06T07:40:00+03:00,2026-03-06,synthetic_hourly_summary,7,Friday,True,174,28.313,45.643,180.263,19,117,0,2,0,0.1096,60.809,76.506,0.035222,2.002,2.537,0.00116,67.873,100.046,0.039314,0.001258,0.032,10.0,61.0,43.0,0,1,3,0,0.011589,0.026174,37.224,45.72,False,True,False,False,False,morning,0.018564,53.041,61.327,0.02075,14.832000000000008,0.022991333333333336,44.90566666666664,0.01956816666666666,36.60066666666669,0.026174,45.72,0.014620699071293885,27.937948409527664,0.0052348,9.144,0.011589,37.224,0.00208602,6.700319999999999,2.510124551081226,2.4226815398075248,13.290860106806262,4.5742591398619785,0.10919540229885058,0.6724137931034483,0.011494252873563218,0.0,0.0,0.0,False,False,False,1,0.0,120.0,0.0,120.0,0.302170596,0.0,1.0,weak_rules_v2,True,socket_left_on,turn_off_unused_socket,0.098361,0.003148,train
synthetic_routine_anomaly_0153_1772775600000,1772775600000,synthetic_scenario,routine_anomaly,routine_anomaly_0153,2026-03-06T08:40:00+03:00,2026-03-06,synthetic_hourly_summary,8,Friday,True,179,26.209,43.628,521.727,24,84,0,14,0,0.1344,48.025,61.947,0.030509,105.423,121.021,0.066971,154.835,216.089,0.098361,0.003148,0.032,15.0,26.0,31.0,1,1,2,0,0.039308,0.070258,51.309,59.913,False,True,False,False,False,morning,0.039314,67.873,100.046,0.059047,86.962,0.05207966666666667,91.91633333333333,0.03207216666666666,57.524833333333355,0.070258,59.913,0.04140183554304491,54.991508592994656,0.014051600000000001,11.9826,0.039308,51.309,0.0070754400000000005,9.235619999999999,1.9999857667454242,7.9216530636089,8.346194724285697,11.20942611324416,0.1340782122905028,0.4692737430167598,0.0782122905027933,0.0,0.0,0.0,False,False,False,2,60.0,180.0,60.0,180.0,0.6701258800000001,0.0,1.0,weak_rules_v2,True,ac_running_empty_room,turn_off_or_adjust_ac,0.030049,0.000962,train
synthetic_socket_left_on_0112_1772775600000,1772775600000,synthetic_scenario,socket_left_on,socket_left_on_0112,2026-03-06T08:40:00+03:00,2026-03-06,synthetic_hourly_summary,8,Friday,True,139,23.204,39.123,237.54,1,101,0,3,0,0.0092,46.865,72.256,0.028483,1.3,1.637,0.00079,49.442,77.034,0.030049,0.000962,0.032,5.0,50.0,38.0,0,1,3,0,0.029486,0.025541,49.883,52.768,False,True,False,False,False,morning,0.098361,154.835,216.089,-0.06831200000000001,-105.393,0.055908000000000006,90.71666666666665,0.03628566666666666,64.72150000000002,0.025541,52.768,0.03705607862416103,56.287618019715545,0.0051082,10.553600000000001,0.029486,49.883,0.00530748,8.97894,0.8825026428095999,-0.31515312310491206,0.10607670683638959,-0.04911492893370515,0.007194244604316547,0.7266187050359713,0.02158273381294964,0.0,0.0,0.0,False,False,False,1,0.0,240.0,0.0,240.0,0.24493566800000002,0.9836283570220983,0.016371642977901717,weak_rules_v2,True,socket_left_on,turn_off_unused_socket,0.019232,0.000615,train
synthetic_socket_left_on_0092_1772775600000,1772775600000,synthetic_scenario,socket_left_on,socket_left_on_0092,2026-03-06T08:40:00+03:00,2026-03-06,synthetic_hourly_summary,8,Friday,True,65,26.715,47.066,561.718,3,60,0,7,0,0.0516,24.596,26.796,0.019232,0.0,0.0,0.0,24.596,41.27,0.019232,0.000615,0.032,25.0,77.0,52.0,0,1,2,0,0.004964,0.011495,6.992,21.738,False,True,False,False,False,morning,0.030049,49.442,77.034,-0.010817,-24.846,0.04921400000000001,76.291,0.03610266666666666,60.59833333333335,0.011495,21.738,0.04290480834358783,69.14622824854642,0.0022990000000000003,4.3476,0.004964,6.992,0.002,3.0,3.3653762505437137,0.65737418345754,7.1339999999999995,5.867999999999999,0.046153846153846156,0.9230769230769231,0.1076923076923077,0.0,0.0,0.0,False,False,False,1,0.0,300.0,0.0,300.0,0.116634232,0.0,1.0,weak_rules_v2,True,socket_left_on,turn_off_unused_socket,0.034653,0.001109,train
synthetic_socket_left_on_0112_1772779200000,1772779200000,synthetic_scenario,socket_left_on,socket_left_on_0112,2026-03-06T09:40:00+03:00,2026-03-06,synthetic_hourly_summary,9,Friday,True,162,32.727,55.101,505.584,10,115,0,5,24,0.0654,33.668,48.028,0.033635,1.019,1.232,0.001018,34.687,40.109,0.034653,0.001109,0.032,33.0,47.0,5.0,0,1,0,0,0.021302,0.034428,28.414,29.857,False,True,False,False,False,morning,0.019232,24.596,41.27,0.015421000000000004,10.090999999999998,0.027978000000000003,36.241666666666646,0.040028833333333326,64.07900000000002,0.034428,29.857,0.007916349600668313,12.495746089507124,0.0068856,5.9714,0.021302,28.414,0.00383436,5.11452,0.032676890902754004,0.8088555447633717,3.4819370116525317,1.2265080594073337,0.06172839506172839,0.7098765432098766,0.030864197530864196,0.0,0.14814814814814814,0.0,False,False,False,1,0.0,360.0,0.0,360.0,0.16209235099999997,0.5911639801975554,0.40883601980244455,weak_rules_v2,True,socket_left_on,turn_off_unused_socket,0.056811,0.001818,train
synthetic_routine_anomaly_0153_1772779200000,1772779200000,synthetic_scenario,routine_anomaly,routine_anomaly_0153,2026-03-06T09:40:00+03:00,2026-03-06,synthetic_hourly_summary,9,Friday,True,145,30.001,47.315,671.925,21,109,0,17,21,0.1499,3.119,3.63,0.002402,66.913,80.759,0.051522,73.783,125.332,0.056811,0.001818,0.032,78.0,26.0,42.0,1,0,3,0,0.016709,0.024585,31.334,34.944,False,True,False,False,False,morning,0.034653,34.687,40.109,0.022157999999999997,39.096000000000004,0.03689866666666667,44.35533333333331,0.046403333333333324,67.53600000000002,0.024585,34.944,0.018889880209607877,25.97975643329684,0.004917,6.988800000000001,0.016709,31.334,0.0030076200000000003,5.64012,6.553996339231239,5.557320283882783,13.333466328858032,7.5262583065608535,0.14482758620689656,0.7517241379310344,0.11724137931034483,0.0,0.14482758620689656,0.0,False,False,False,1,60.0,0.0,0.0,420.0,0.31361464149999996,0.0,1.0,weak_rules_v2,True,ac_running_empty_room,turn_off_or_adjust_ac,0.020357,0.000651,train
synthetic_socket_left_on_0092_1772779200000,1772779200000,synthetic_scenario,socket_left_on,socket_left_on_0092,2026-03-06T09:40:00+03:00,2026-03-06,synthetic_hourly_summary,9,Friday,True,63,23.027,54.984,201.985,0,55,0,5,0,0.0,28.447,42.098,0.018874,0.0,0.0,0.0,30.682,43.886,0.020357,0.000651,0.032,46.0,60.0,54.0,0,1,2,0,0.014548,0.015574,23.183,27.86,False,True,False,False,False,morning,0.056811,73.783,125.332,-0.036454,-43.101,0.03727366666666667,46.38399999999998,0.04324383333333332,61.33750000000001,0.015574,27.86,0.01836775569669129,23.812578755777256,0.0031148,5.572,0.014548,23.183,0.0026186399999999998,4.17294,1.535572107358418,0.5064608758076093,2.2183270705404334,1.7970543549631672,0.0,0.873015873015873,0.07936507936507936,0.0,0.0,60.0,False,False,False,1,0.0,60.0,0.0,480.0,0.15341,0.4009818816789442,0.5990181183210558,weak_rules_v2,True,socket_left_on,turn_off_unused_socket,0.108889,0.003484,train
synthetic_routine_anomaly_0153_1772782800000,1772782800000,synthetic_scenario,routine_anomaly,routine_anomaly_0153,2026-03-06T10:40:00+03:00,2026-03-06,synthetic_hourly_summary,10,Friday,True,155,25.32,39.732,287.175,3,88,0,12,0,0.0195,43.134,47.255,0.024005,150.108,176.058,0.083539,195.658,325.7,0.108889,0.003484,0.032,37.0,71.0,78.0,1,1,2,0,0.053342,0.037863,74.767,150.506,False,True,False,False,False,morning,0.020357,30.682,43.886,0.088532,164.976,0.06201900000000001,100.04099999999998,0.0449985,68.14133333333335,0.037863,150.506,0.04449518180657321,85.56507504233294,0.0075726000000000005,30.101200000000002,0.053342,74.767,0.00960156,13.458059999999998,9.379341309457782,1.5000066442533846,5.7852057374010055,8.982795440055996,0.01935483870967742,0.567741935483871,0.07741935483870968,0.0,0.0,0.0,False,False,False,2,60.0,120.0,60.0,540.0,0.9592133449999999,0.0,1.0,weak_rules_v2,True,ac_running_empty_room,turn_off_or_adjust_ac,0.023174,0.000742,train
synthetic_socket_left_on_0092_1772782800000,1772782800000,synthetic_scenario,socket_left_on,socket_left_on_0092,2026-03-06T10:40:00+03:00,2026-03-06,synthetic_hourly_summary,10,Friday,True,48,25.777,51.406,589.143,1,24,0,5,0,0.0248,32.985,54.679,0.021139,0.888,1.408,0.000569,36.159,47.458,0.023174,0.000742,0.032,31.0,28.0,49.0,0,1,3,0,0.016611,0.005793,27.636,29.056,False,True,False,False,False,morning,0.108889,195.658,325.7,-0.085715,-159.499,0.05080666666666667,87.49966666666664,0.04385266666666666,65.92750000000002,0.005793,29.056,0.050320492409487966,93.70788752465506,0.002,5.8112,0.016611,27.636,0.00298998,4.97448,8.6905,1.222294878854625,2.1949979598525737,1.7133449124330584,0.020833333333333332,0.5,0.10416666666666667,0.0,0.0,0.0,False,False,False,1,0.0,180.0,0.0,600.0,0.17631128399999998,0.4288850291889805,0.5711149708110195,weak_rules_v2,True,socket_left_on,turn_off_unused_socket,0.017002,0.000544,train
synthetic_socket_left_on_0112_1772782800000,1772782800000,synthetic_scenario,socket_left_on,socket_left_on_0112,2026-03-06T10:40:00+03:00,2026-03-06,synthetic_hourly_summary,10,Friday,True,175,27.251,63.253,629.283,4,153,0,8,0,0.025,36.153,57.247,0.013372,1.48,2.191,0.000547,45.967,63.766,0.017002,0.000544,0.032,74.0,64.0,54.0,0,1,0,0,0.014884,0.01274,27.113,34.219,False,True,False,False,False,morning,0.023174,36.159,47.458,-0.006172,9.808,0.049688333333333334,92.59466666666663,0.04348099999999999,69.48933333333335,0.01274,34.219,0.051362073520578734,89.39008459741719,0.002548,6.843800000000001,0.014884,27.113,0.0026791199999999997,4.8803399999999995,1.6726844583987441,1.7165901984277734,0.7905580937024099,3.8632554289250343,0.022857142857142857,0.8742857142857143,0.045714285714285714,0.0,0.0,0.0,False,False,False,1,0.0,240.0,0.0,660.0,0.22408912499999997,0.0,1.0,weak_rules_v2,True,socket_left_on,turn_off_unused_socket,0.029148,0.000933,train
synthetic_socket_left_on_0092_1772786400000,1772786400000,synthetic_scenario,socket_left_on,socket_left_on_0092,2026-03-06T11:40:00+03:00,2026-03-06,synthetic_hourly_summary,11,Friday,True,143,24.577,59.673,276.954,14,86,0,9,0,0.1024,30.261,40.345,0.024786,2.676,2.729,0.002192,35.587,51.597,0.029148,0.000933,0.032,26.0,59.0,84.0,0,1,0,0,0.023688,0.019009,34.522,40.795,False,True,False,False,False,morning,0.017002,45.967,63.766,0.012146,-10.379999999999995,0.023108000000000004,39.237666666666634,0.0425635,69.63933333333335,0.019009,40.795,0.006073268971484759,5.8347871712196255,0.0038018000000000006,8.159,0.023688,34.522,0.00426384,6.213959999999999,2.666894628860013,-0.6383135188135799,1.28053585500394,0.1713882934553819,0.0979020979020979,0.6013986013986014,0.06293706293706294,0.0,0.0,0.0,False,False,False,1,0.0,300.0,0.0,720.0,0.159714456,0.9428705688482061,0.05712943115179397,weak_rules_v2,True,socket_left_on,turn_off_unused_socket,0.096626,0.003092,train
synthetic_routine_anomaly_0153_1772786400000,1772786400000,synthetic_scenario,routine_anomaly,routine_anomaly_0153,2026-03-06T11:40:00+03:00,2026-03-06,synthetic_hourly_summary,11,Friday,True,180,30.572,52.102,342.292,88,71,0,10,27,0.4896,65.322,112.917,0.05404,50.596,74.704,0.041858,116.798,156.032,0.096626,0.003092,0.032,53.0,41.0,27.0,1,1,0,0,0.045692,0.053107,50.385,59.78,False,True,False,False,False,morning,0.029148,35.587,51.597,0.06747800000000001,81.211,0.047592,66.1173333333333,0.049199333333333324,76.80850000000002,0.053107,59.78,0.04289675041305579,44.19653357825041,0.010621400000000001,11.956000000000001,0.045692,50.385,0.00822456,9.0693,4.097294142015176,4.768986283037805,6.1929148793370095,7.322836382080205,0.4888888888888889,0.39444444444444443,0.05555555555555555,0.0,0.15,0.0,False,False,False,2,60.0,360.0,60.0,0.0,0.29806849599999996,0.0,1.0,weak_rules_v2,True,unusual_same_hour_usage,review_unusual_usage,0.112438,0.003598,train
synthetic_ac_left_on_0151_1772800800000,1772800800000,synthetic_scenario,ac_left_on,ac_left_on_0151,2026-03-06T15:40:00+03:00,2026-03-06,synthetic_hourly_summary,15,Friday,True,136,27.215,68.381,506.859,5,40,0,14,0,0.0409,9.854,14.977,0.003872,275.434,324.852,0.108216,286.181,367.387,0.112438,0.003598,0.032,22.0,57.0,9.0,1,0,1,0,0.022488,0.136639,236.708,195.515,False,False,False,False,False,afternoon,0.096626,116.798,156.032,0.015811999999999993,169.38299999999998,0.07940400000000002,146.18866666666665,0.06454616666666665,119.3916666666667,0.136639,195.515,0.04423521208268368,127.85615618472728,0.027327800000000003,39.103,0.022488,236.708,0.0040478400000000005,42.60744,-0.8855817153228585,2.318645628212669,22.221728131546698,1.161135238352738,0.03676470588235294,0.29411764705882354,0.10294117647058823,0.0,0.0,0.0,False,False,False,1,120.0,0.0,120.0,60.0,0.9591,0.6129549205490874,0.38704507945091265,weak_rules_v2,True,ac_running_empty_room,turn_off_or_adjust_ac,0.186207,0.005959,train
synthetic_ac_left_on_0151_1772804400000,1772804400000,synthetic_scenario,ac_left_on,ac_left_on_0151,2026-03-06T16:40:00+03:00,2026-03-06,synthetic_hourly_summary,16,Friday,True,78,23.891,30.95,92.422,3,42,0,1,0,0.0407,8.798,12.765,0.008065,193.579,277.466,0.177454,203.127,204.049,0.186207,0.005959,0.032,58.0,56.0,46.0,1,0,3,0,0.227012,0.202959,43.085,144.747,False,False,False,False,False,afternoon,0.112438,286.181,367.387,0.07376900000000002,-83.05399999999997,0.131757,202.03533333333328,0.0774325,120.63650000000001,0.202959,144.747,0.04781324827911203,84.69677664665494,0.040591800000000004,28.949400000000004,0.227012,43.085,0.040862159999999995,7.7553,-0.41269418946683784,2.01662210615764,-0.9986011507957481,20.63646796384408,0.038461538461538464,0.5384615384615384,0.01282051282051282,0.0,0.0,0.0,False,False,False,1,180.0,0.0,180.0,120.0,0.9593,0.0,1.0,weak_rules_v2,True,ac_running_empty_room,turn_off_or_adjust_ac,0.229678,0.00735,train
synthetic_ac_left_on_0151_1772808000000,1772808000000,synthetic_scenario,ac_left_on,ac_left_on_0151,2026-03-06T17:40:00+03:00,2026-03-06,synthetic_hourly_summary,17,Friday,True,162,29.875,46.409,112.267,15,10,0,14,0,0.097,5.997,9.179,0.00578,231.9,290.105,0.223478,238.334,317.197,0.229678,0.00735,0.032,45.0,47.0,39.0,1,0,2,0,0.206224,0.236422,143.972,193.082,False,False,True,False,False,evening,0.186207,203.127,204.049,0.04347099999999998,35.206999999999994,0.1761076666666667,242.54733333333328,0.11184983333333332,154.33233333333337,0.236422,193.082,0.059268894036698085,41.68699872062433,0.047284400000000004,38.6164,0.206224,143.972,0.03712032,25.91496,-0.1426263207315732,1.171833728674864,0.6318372255411592,3.6412172737291506,0.09259259259259259,0.06172839506172839,0.08641975308641975,0.0,0.0,0.0,False,False,False,1,240.0,0.0,240.0,180.0,0.903,0.0,1.0,weak_rules_v2,True,ac_running_empty_room,turn_off_or_adjust_ac,0.030162,0.000965,train
synthetic_socket_left_on_0042_1772811600000,1772811600000,synthetic_scenario,socket_left_on,socket_left_on_0042,2026-03-06T18:40:00+03:00,2026-03-06,synthetic_hourly_summary,18,Friday,True,142,28.458,36.777,338.409,16,98,0,1,0,0.1176,85.604,130.892,0.029961,0.573,0.807,0.0002,86.177,110.89,0.030162,0.000965,0.032,53.0,58.0,27.0,0,1,1,0,0.020781,0.022221,50.601,72.757,False,False,True,False,False,evening,0.229678,238.334,317.197,-0.199516,-152.15699999999998,0.14868233333333333,175.8793333333333,0.11404316666666665,161.03400000000002,0.022221,72.757,0.10491774883370947,79.65403107397243,0.004444200000000001,14.551400000000001,0.020781,50.601,0.00374058,9.108179999999999,1.7868232752801403,0.9222480311172808,2.507899844409156,3.9059394961452245,0.11267605633802817,0.6901408450704225,0.007042253521126761,0.0,0.0,0.0,False,False,False,1,0.0,60.0,0.0,240.0,0.380212924,0.0,1.0,weak_rules_v2,True,socket_left_on,turn_off_unused_socket,0.112916,0.003613,train
synthetic_ac_left_on_0151_1772811600000,1772811600000,synthetic_scenario,ac_left_on,ac_left_on_0151,2026-03-06T18:40:00+03:00,2026-03-06,synthetic_hourly_summary,18,Friday,True,132,27.878,38.786,482.955,8,122,0,0,0,0.0635,4.442,7.097,0.002668,182.1,225.788,0.109376,187.993,229.248,0.112916,0.003613,0.032,9.0,64.0,54.0,1,0,1,0,0.127739,0.09748,141.681,115.325,False,False,True,False,False,evening,0.030162,86.177,110.89,0.082754,101.81599999999999,0.12425200000000003,170.83466666666664,0.1280045,186.43500000000003,0.09748,115.325,0.1002398984237315,77.51609164769188,0.019496,23.065,0.127739,141.681,0.022993019999999996,25.502580000000002,0.7917521542880593,3.1505744634727937,-0.6446739053851991,1.8159731289932226,0.06060606060606061,0.9242424242424242,0.0,0.0,0.0,0.0,False,False,False,1,60.0,0.0,60.0,300.0,0.8802772225,0.39467562366892583,0.6053243763310742,weak_rules_v2,True,ac_running_empty_room,turn_off_or_adjust_ac,0.061919,0.001981,train
synthetic_socket_left_on_0042_1772815200000,1772815200000,synthetic_scenario,socket_left_on,socket_left_on_0042,2026-03-06T19:40:00+03:00,2026-03-06,synthetic_hourly_summary,19,Friday,True,102,28.465,52.125,539.904,6,98,0,1,0,0.0676,61.785,85.828,0.056592,3.189,3.825,0.002921,67.601,100.766,0.061919,0.001981,0.032,36.0,28.0,41.0,0,1,3,0,0.05371,0.050379,75.72,55.638,False,False,True,False,False,evening,0.112916,187.993,229.248,-0.050997,-120.392,0.06833233333333334,113.92366666666663,0.12222,178.2355,0.050379,55.638,0.04174810489511276,64.81486364510378,0.010075800000000001,11.127600000000001,0.05371,75.72,0.009667799999999999,13.6296,1.145318485877052,1.0750745893094646,0.8491073460352926,-0.5956887949756412,0.058823529411764705,0.9607843137254902,0.00980392156862745,0.0,0.0,0.0,False,False,False,1,0.0,60.0,0.0,360.0,0.315155862,0.8014370683414529,0.19856293165854708,weak_rules_v2,True,socket_left_on,turn_off_unused_socket,0.013467,0.000431,train
synthetic_socket_left_on_0042_1772818800000,1772818800000,synthetic_scenario,socket_left_on,socket_left_on_0042,2026-03-06T20:40:00+03:00,2026-03-06,synthetic_hourly_summary,20,Friday,True,156,26.889,65.079,40.0,8,85,0,14,0,0.0513,18.0,24.462,0.010562,0.0,0.0,0.0,22.95,27.291,0.013467,0.000431,0.032,44.0,24.0,61.0,0,1,0,0,0.007309,0.0143,24.902,20.733,False,False,True,False,False,evening,0.061919,67.601,100.766,-0.048452,-44.650999999999996,0.06276733333333336,92.84799999999996,0.10572483333333332,134.3636666666667,0.0143,20.733,0.0497299271297811,85.36894177041246,0.00286,4.1466,0.007309,24.902,0.002,4.48236,-0.2912587412587414,0.5346548979887134,3.0789999999999997,-0.4354848785015041,0.05128205128205128,0.5448717948717948,0.08974358974358974,0.0,0.0,0.0,False,False,False,1,0.0,120.0,0.0,420.0,0.10886332499999998,0.854838373832832,0.14516162616716802,weak_rules_v2,True,socket_left_on,turn_off_unused_socket,0.034903,0.001117,train
synthetic_socket_left_on_0042_1772822400000,1772822400000,synthetic_scenario,socket_left_on,socket_left_on_0042,2026-03-06T21:40:00+03:00,2026-03-06,synthetic_hourly_summary,21,Friday,True,111,24.702,45.819,193.75,7,31,0,1,0,0.0656,37.431,49.618,0.028408,4.233,4.858,0.003213,45.99,66.132,0.034903,0.001117,0.032,66.0,73.0,79.0,0,1,0,0,0.023947,0.025427,18.767,29.379,False,False,True,False,False,evening,0.013467,22.95,27.291,0.021436000000000004,23.040000000000003,0.03676300000000001,45.51366666666663,0.0805075,108.17416666666668,0.025427,29.379,0.024279492910685003,22.32931078948554,0.0050854,5.875800000000001,0.023947,18.767,0.0043104599999999995,3.3780599999999996,1.8633735792661346,2.8270192994996424,2.5417240851324463,8.058767458245267,0.06306306306306306,0.27927927927927926,0.009009009009009009,0.0,0.0,0.0,False,False,False,1,0.0,180.0,0.0,480.0,0.21486528000000002,0.0,1.0,weak_rules_v2,True,socket_left_on,turn_off_unused_socket,0.044688,0.00143,train
synthetic_hub_offline_0117_1772836800000,1772836800000,synthetic_scenario,hub_offline,hub_offline_0117,2026-03-07T01:40:00+03:00,2026-03-07,synthetic_hourly_summary,1,Saturday,True,145,29.407,46.018,333.308,90,38,0,15,0,0.6239,8.37,13.088,0.00561,56.082,87.079,0.03759,66.671,73.883,0.044688,0.00143,0.032,1688.0,1079.0,2988.0,1,0,1,0,0.011081,0.032411,56.197,76.609,True,False,False,False,True,night,0.034903,45.99,66.132,0.009784999999999995,20.681000000000004,0.031019333333333343,45.20366666666663,0.04967583333333333,79.56366666666669,0.032411,76.609,0.015968715049537837,21.871104232146937,0.0064822000000000005,15.3218,0.011081,56.197,0.002,10.11546,1.893955755761932,-0.6486183085538245,16.8035,1.0354447548603822,0.6206896551724138,0.2620689655172414,0.10344827586206896,0.0,0.0,0.0,True,True,True,1,60.0,0.0,0.0,0.0,0.12537481550000001,0.6548517483798726,0.3451482516201274,weak_rules_v2,False,hub_offline_or_stale,wait_for_fresh_data,0.00692,0.000221,train
synthetic_hub_offline_0117_1772840400000,1772840400000,synthetic_scenario,hub_offline,hub_offline_0117,2026-03-07T02:40:00+03:00,2026-03-07,synthetic_hourly_summary,2,Saturday,True,157,26.721,64.207,220.208,38,145,0,16,0,0.2468,7.37,10.811,0.005378,0.0,0.0,0.0,9.484,12.189,0.00692,0.000221,0.032,698.0,824.0,629.0,0,0,2,0,0.005882,0.006552,5.258,4.805,True,False,False,False,True,night,0.044688,66.671,73.883,-0.037767999999999996,-57.187000000000005,0.028837000000000005,40.71499999999996,0.04580216666666665,66.78150000000002,0.006552,4.805,0.01960108984214915,28.956129938237684,0.002,3.0,0.005882,5.258,0.002,3.0,0.18400000000000014,1.5596666666666668,0.5189999999999999,1.4086666666666667,0.24203821656050956,0.9235668789808917,0.10191082802547771,0.0,0.0,0.0,True,True,True,0,0.0,0.0,0.0,0.0,0.035716743999999995,0.5304444444444445,0.46955555555555556,weak_rules_v2,False,hub_offline_or_stale,wait_for_fresh_data,0.013547,0.000434,train
synthetic_stale_data_0166_1772844000000,1772844000000,synthetic_scenario,stale_data,stale_data_0166,2026-03-07T03:40:00+03:00,2026-03-07,synthetic_hourly_summary,3,Saturday,True,126,30.149,65.02,458.747,63,12,0,14,18,0.5002,4.564,6.969,0.002359,18.991,22.338,0.009815,26.211,36.161,0.013547,0.000434,0.032,1157.0,1749.0,52.0,1,0,1,0,0.004609,0.00751,8.654,21.362,True,False,False,False,True,night,0.00692,9.484,12.189,0.006627,16.726999999999997,0.02171833333333334,34.121999999999964,0.029240666666666654,39.817833333333354,0.00751,21.362,0.020166394629019226,29.40282610566727,0.002,4.2724,0.004609,8.654,0.002,3.0,3.0185,1.1349592734762664,4.468999999999999,5.852333333333333,0.5,0.09523809523809523,0.1111111111111111,0.0,0.14285714285714285,0.0,True,True,False,1,60.0,0.0,0.0,0.0,0.065501289,0.0,1.0,weak_rules_v2,False,possible_sensor_stale,check_sensor_connection,0.011387,0.000364,train
synthetic_hub_offline_0117_1772844000000,1772844000000,synthetic_scenario,hub_offline,hub_offline_0117,2026-03-07T03:40:00+03:00,2026-03-07,synthetic_hourly_summary,3,Saturday,True,79,28.082,71.826,40.0,29,25,0,1,0,0.3684,12.782,18.65,0.008404,0.0,0.0,0.0,17.32,23.725,0.011387,0.000364,0.032,1225.0,1406.0,3533.0,0,1,2,0,0.011883,0.01169,10.214,19.381,True,False,False,False,True,night,0.013547,26.211,36.161,-0.0021600000000000005,-8.890999999999998,0.01061800000000001,17.671666666666628,0.020818666666666655,31.437666666666686,0.01169,19.381,0.0033797637491401076,8.36904321493509,0.0023380000000000002,3.8762000000000003,0.011883,10.214,0.0021389399999999998,3.0,-0.12959794696321691,-0.5317063103039058,-0.2318905626151271,2.3686666666666665,0.3670886075949367,0.31645569620253167,0.012658227848101266,0.0,0.0,0.0,True,True,True,1,0.0,60.0,0.0,0.0,0.05469655999999999,0.21044444444444455,0.7895555555555555,weak_rules_v2,False,hub_offline_or_stale,wait_for_fresh_data,0.029635,0.000948,train
synthetic_hub_offline_0117_1772847600000,1772847600000,synthetic_scenario,hub_offline,hub_offline_0117,2026-03-07T04:40:00+03:00,2026-03-07,synthetic_hourly_summary,4,Saturday,True,155,27.152,25.699,346.609,27,21,0,14,0,0.177,16.816,24.561,0.014889,16.654,16.654,0.014746,33.469,45.37,0.029635,0.000948,0.032,911.0,1390.0,2563.0,1,1,0,0,0.033343,0.033542,33.79,34.818,True,False,False,False,True,night,0.011387,17.32,23.725,0.018248,16.149,0.018189666666666677,25.66666666666663,0.02351333333333332,33.19083333333335,0.033542,34.818,0.009970613889492233,8.088249151296374,0.006708400000000001,6.9636,0.033343,33.79,0.006001739999999999,6.082199999999999,-0.5824041500208694,-0.19372163823309735,-0.6178208319587314,-0.05277695570681628,0.17419354838709677,0.13548387096774195,0.09032258064516129,0.0,0.0,0.0,True,True,True,2,60.0,120.0,0.0,60.0,0.137724935,0.9824076814310613,0.01759231856893876,weak_rules_v2,False,hub_offline_or_stale,wait_for_fresh_data,0.04987,0.001596,train
synthetic_stale_data_0166_1772847600000,1772847600000,synthetic_scenario,stale_data,stale_data_0166,2026-03-07T04:40:00+03:00,2026-03-07,synthetic_hourly_summary,4,Saturday,True,67,31.307,59.704,348.529,32,16,0,7,10,0.48,0.0,0.0,0.0,76.872,118.395,0.04987,76.872,119.098,0.04987,0.001596,0.032,1403.0,1260.0,80.0,1,0,3,0,0.043951,0.042076,64.973,56.517,True,False,False,False,True,night,0.029635,33.469,45.37,0.020234999999999996,43.403,0.030297333333333343,42.55366666666663,0.026007833333333324,38.33783333333336,0.042076,56.517,0.01925004769691068,30.797866035383635,0.008415200000000001,11.303400000000002,0.043951,64.973,0.007911179999999999,11.695139999999999,0.9261811959311715,1.8007856043314396,0.7481816871819377,1.0174311722647187,0.47761194029850745,0.23880597014925373,0.1044776119402985,0.0,0.14925373134328357,0.0,True,True,False,1,120.0,0.0,0.0,0.0,0.1998672,0.6608562759117604,0.33914372408823956,weak_rules_v2,False,possible_sensor_stale,check_sensor_connection,0.032594,0.001043,train
synthetic_normal_usage_0070_1772847600000,1772847600000,synthetic_scenario,normal_usage,normal_usage_0070,2026-03-07T04:40:00+03:00,2026-03-07,synthetic_hourly_summary,4,Saturday,True,48,27.482,62.653,515.504,40,32,0,2,0,0.8407,0.0,0.0,0.0,34.834,45.557,0.031611,35.916,46.201,0.032594,0.001043,0.032,32.0,39.0,7.0,1,0,1,0,0.037249,0.016622,39.608,20.318,True,False,False,False,True,night,0.04987,76.872,119.098,-0.017276,-40.956,0.03736633333333334,48.7523333333333,0.023992166666666658,33.21200000000002,0.016622,20.318,0.010929097873719349,24.383061586548838,0.0033244000000000004,4.0636,0.037249,39.608,0.006704819999999999,7.129439999999999,4.80447599566839,3.8384683531843673,-0.6942766547051226,-0.5178527345766288,0.8333333333333334,0.6666666666666666,0.041666666666666664,0.0,0.0,0.0,False,False,False,1,180.0,0.0,0.0,0.0,0.028607093999999996,0.8273824218077904,0.1726175781922096,weak_rules_v2,False,unusual_same_hour_usage,review_unusual_usage,0.007541,0.000241,train
synthetic_stale_data_0166_1772851200000,1772851200000,synthetic_scenario,stale_data,stale_data_0166,2026-03-07T05:40:00+03:00,2026-03-07,synthetic_hourly_summary,5,Saturday,True,111,29.066,60.711,861.771,77,110,0,4,0,0.698,2.707,3.512,0.001099,15.86,21.44,0.006442,18.567,22.761,0.007541,0.000241,0.032,437.0,519.0,17.0,1,0,3,0,0.005401,0.004762,8.085,12.488,True,True,False,False,True,morning,0.032594,35.916,46.201,-0.025053,-17.348999999999997,0.03000166666666668,43.78499999999996,0.024095666666666654,34.725833333333355,0.004762,12.488,0.02128323763747744,29.938422253019663,0.002,3.0,0.005401,8.085,0.002,3.0,1.3895000000000002,2.0263333333333335,1.0699999999999998,3.4939999999999998,0.6936936936936937,0.990990990990991,0.036036036036036036,0.0,0.0,0.0,True,True,False,1,240.0,0.0,0.0,0.0,0.028036170000000006,0.0,1.0,weak_rules_v2,False,possible_sensor_stale,check_sensor_connection,0.023786,0.000761,train
synthetic_normal_usage_0070_1772851200000,1772851200000,synthetic_scenario,normal_usage,normal_usage_0070,2026-03-07T05:40:00+03:00,2026-03-07,synthetic_hourly_summary,5,Saturday,True,124,28.43,58.794,569.727,80,110,0,4,0,0.6508,3.315,4.697,0.001928,35.959,48.496,0.020914,40.896,40.975,0.023786,0.000761,0.032,51.0,60.0,39.0,1,0,3,0,0.018223,0.022017,28.256,29.01,True,True,False,False,True,morning,0.007541,18.567,22.761,0.016245000000000002,22.329,0.02130700000000001,31.79299999999996,0.025802166666666657,37.17333333333335,0.022017,29.01,0.012709141709808825,11.721578690607766,0.0044034,5.8020000000000005,0.018223,28.256,0.00328014,5.08608,0.4017350229368223,2.0486039296794205,1.6959641966501435,2.4852145463696993,0.6451612903225806,0.8870967741935484,0.03225806451612903,0.0,0.0,0.0,False,False,False,1,300.0,0.0,0.0,0.0,0.07140441599999998,0.17159515121010027,0.8284048487898997,weak_rules_v2,False,sudden_power_spike,reduce_peak_load,0.027019,0.000865,train
synthetic_normal_usage_0070_1772854800000,1772854800000,synthetic_scenario,normal_usage,normal_usage_0070,2026-03-07T06:40:00+03:00,2026-03-07,synthetic_hourly_summary,6,Saturday,True,135,26.008,64.615,486.39,117,67,0,1,0,0.8731,2.815,3.83,0.002267,28.96,39.941,0.023325,33.547,48.077,0.027019,0.000865,0.032,21.0,64.0,38.0,1,0,1,0,0.008377,0.012953,29.266,13.761,False,True,False,False,False,morning,0.023786,40.896,40.975,0.0032329999999999998,-7.349000000000004,0.01944866666666668,31.00333333333329,0.028407499999999992,39.87783333333335,0.012953,13.761,0.010438269316957462,11.379751330035463,0.0025906,3.0,0.008377,29.266,0.002,5.26788,5.429630201497723,6.595333333333333,9.321,0.8126608806578736,0.8666666666666667,0.4962962962962963,0.007407407407407408,0.0,0.0,0.0,False,False,False,1,360.0,0.0,0.0,0.0,0.021285571500000003,0.7291130397807088,0.2708869602192912,weak_rules_v2,False,unusual_same_hour_usage,review_unusual_usage,0.037124,0.001188,train
synthetic_stale_data_0166_1772854800000,1772854800000,synthetic_scenario,stale_data,stale_data_0166,2026-03-07T06:40:00+03:00,2026-03-07,synthetic_hourly_summary,6,Saturday,True,50,26.989,62.142,644.734,17,37,0,3,0,0.3414,8.535,9.38,0.005934,41.844,62.941,0.029093,53.396,76.986,0.037124,0.001188,0.032,824.0,578.0,32.0,1,0,3,0,0.019127,0.020052,50.81,34.633,False,True,False,False,False,morning,0.027019,33.547,48.077,0.010104999999999996,19.849000000000004,0.02930966666666668,42.612999999999964,0.029655666666666653,43.19900000000002,0.020052,34.633,0.006957796083052184,10.035276129738723,0.0040104,6.9266000000000005,0.019127,50.81,0.0034428600000000003,9.1458,4.256931976860163,2.7088326162908203,5.227340060298704,0.2827527389621464,0.34,0.74,0.06,0.0,0.0,0.0,True,True,False,1,420.0,0.0,0.0,0.0,0.17583302800000003,0.9057490870126179,0.09425091298738214,weak_rules_v2,False,possible_sensor_stale,check_sensor_connection,0.023925,0.000766,train
synthetic_normal_usage_0070_1772858400000,1772858400000,synthetic_scenario,normal_usage,normal_usage_0070,2026-03-07T07:40:00+03:00,2026-03-07,synthetic_hourly_summary,7,Saturday,True,48,26.195,60.446,431.337,26,23,0,4,0,0.5584,7.807,11.667,0.004048,36.762,54.391,0.019063,46.138,49.881,0.023925,0.000766,0.032,77.0,8.0,27.0,1,0,2,0,0.025515,0.023367,31.077,42.831,False,True,False,False,False,morning,0.037124,53.396,76.986,-0.013198999999999999,-7.258000000000003,0.02935600000000001,44.3603333333333,0.025331499999999993,38.07666666666668,0.023367,42.831,0.006902867302795484,10.04319542443719,0.0046734,8.5662,0.025515,31.077,0.0045927,5.59386,0.11939915265117461,0.3860521584833409,-0.34620158076948226,2.692416327902378,0.5416666666666666,0.4791666666666667,0.08333333333333333,0.0,0.0,0.0,False,False,False,1,480.0,0.0,0.0,0.0,0.101872704,0.10252789069920742,0.8974721093007926,weak_rules_v2,False,sudden_power_spike,reduce_peak_load,0.014651,0.000469,train
synthetic_hub_offline_0097_1772865600000,1772865600000,synthetic_scenario,hub_offline,hub_offline_0097,2026-03-07T09:40:00+03:00,2026-03-07,synthetic_hourly_summary,9,Saturday,True,167,27.11,76.073,637.036,109,84,0,9,0,0.6583,24.107,36.977,0.014651,0.0,0.0,0.0,24.107,26.293,0.014651,0.000469,0.032,1321.0,1635.0,2273.0,0,1,1,0,0.011345,0.011175,23.227,35.851,False,True,False,False,False,morning,0.023925,46.138,49.881,-0.009273999999999998,-22.031,0.025233333333333344,41.21366666666663,0.02234099999999999,36.10850000000002,0.011175,35.851,0.011293481940187268,15.252808735883299,0.002235,7.1702,0.011345,23.227,0.0020421,4.18086,1.555257270693513,-1.6378901564809907,1.6189216982518007,0.21048301067244515,0.6526946107784432,0.5029940119760479,0.05389221556886228,0.0,0.0,0.0,True,True,True,1,0.0,60.0,0.0,0.0,0.041186809500000005,0.9298389964425183,0.07016100355748171,weak_rules_v2,False,hub_offline_or_stale,wait_for_fresh_data,0.047914,0.001533,train
synthetic_smoke_gas_0005_1772865600000,1772865600000,synthetic_scenario,smoke_gas,smoke_gas_0005,2026-03-07T09:40:00+03:00,2026-03-07,synthetic_hourly_summary,9,Saturday,True,71,27.014,77.977,420.154,50,59,6,5,0,0.7076,18.656,25.799,0.012098,52.132,52.132,0.033806,73.888,77.655,0.047914,0.001533,0.032,60.0,44.0,27.0,1,1,3,0,0.041374,0.035373,72.697,32.046,False,True,False,False,False,morning,0.014651,24.107,26.293,0.033263,49.781000000000006,0.028830000000000012,48.0443333333333,0.029069833333333323,45.328666666666685,0.035373,32.046,0.017165403024689017,24.945191326855646,0.0070746,6.4092,0.041374,72.697,0.00744732,13.08546,1.7726797274757577,6.528427884915435,0.8781682538147947,0.09101705251477614,0.704225352112676,0.8309859154929577,0.07042253521126761,0.08450704225352113,0.0,0.0,False,False,False,2,60.0,120.0,0.0,0.0,0.10802425600000001,0.9696609824950746,0.03033901750492538,weak_rules_v2,False,smoke_gas_safety,check_smoke_gas_sensor,0.032224,0.001031,train
synthetic_smoke_gas_0005_1772869200000,1772869200000,synthetic_scenario,smoke_gas,smoke_gas_0005,2026-03-07T10:40:00+03:00,2026-03-07,synthetic_hourly_summary,10,Saturday,True,158,30.0,60.952,250.494,33,27,18,9,23,0.2098,9.027,16.03,0.007604,27.487,32.307,0.023153,38.255,44.853,0.032224,0.001031,0.032,32.0,36.0,31.0,1,0,3,0,0.026945,0.030087,22.108,37.474,False,True,False,False,False,morning,0.047914,73.888,77.655,-0.015689999999999996,-35.633,0.031596333333333344,45.41666666666663,0.030476166666666655,44.88850000000002,0.030087,37.474,0.016640380594605892,25.651590444520895,0.0060174,7.4948,0.026945,22.108,0.0048500999999999996,3.97944,0.3551367700335699,0.1042055825372266,1.0884311663677044,4.057606095329997,0.2088607594936709,0.17088607594936708,0.056962025316455694,0.11392405063291139,0.14556962025316456,0.0,False,False,False,1,120.0,0.0,0.0,0.0,0.151145505,0.0,1.0,weak_rules_v2,False,smoke_gas_safety,check_smoke_gas_sensor,0.01746,0.000559,train
synthetic_hub_offline_0097_1772869200000,1772869200000,synthetic_scenario,hub_offline,hub_offline_0097,2026-03-07T10:40:00+03:00,2026-03-07,synthetic_hourly_summary,10,Saturday,True,150,26.284,42.598,464.159,68,129,0,8,0,0.4571,4.116,5.222,0.002389,20.82,31.192,0.012081,30.089,30.089,0.01746,0.000559,0.032,1321.0,1153.0,2395.0,1,0,0,0,0.017103,0.017127,33.947,14.031,False,True,False,False,False,morning,0.032224,38.255,44.853,-0.014764000000000003,-8.166000000000004,0.032532666666666675,47.41066666666663,0.02888299999999999,44.312166666666684,0.017127,14.031,0.01522934618863648,23.2907229242339,0.0034254000000000003,3.0,0.017103,33.947,0.00307854,6.110460000000001,0.09721492380451915,5.352666666666667,0.1159640608860043,-0.6313763611904838,0.4533333333333333,0.86,0.05333333333333334,0.0,0.0,0.0,True,True,True,1,180.0,0.0,0.0,0.0,0.0816765905,0.7895412129365054,0.2104587870634946,weak_rules_v2,False,hub_offline_or_stale,wait_for_fresh_data,0.006076,0.000194,train
synthetic_hub_offline_0097_1772872800000,1772872800000,synthetic_scenario,hub_offline,hub_offline_0097,2026-03-07T11:40:00+03:00,2026-03-07,synthetic_hourly_summary,11,Saturday,True,70,29.332,46.236,302.566,17,20,0,0,0,0.2515,6.059,9.009,0.003612,1.101,1.699,0.000656,10.192,10.192,0.006076,0.000194,0.032,815.0,1419.0,2111.0,0,0,0,0,0.003662,0.00279,3.64,5.694,False,True,False,False,False,morning,0.01746,30.089,30.089,-0.011384,-19.897,0.01858666666666668,26.17866666666663,0.02370833333333332,37.111500000000014,0.00279,5.694,0.013110358856009068,14.434369481672771,0.002,3.0,0.003662,3.64,0.002,3.0,1.6429999999999998,1.4993333333333334,1.2069999999999999,2.1839999999999997,0.24285714285714285,0.2857142857142857,0.0,0.0,0.0,0.0,True,True,True,0,0.0,0.0,0.0,0.0,0.03814355999999999,0.27200000000000013,0.7279999999999999,weak_rules_v2,False,hub_offline_or_stale,wait_for_fresh_data,0.037461,0.001199,train
synthetic_smoke_gas_0005_1772872800000,1772872800000,synthetic_scenario,smoke_gas,smoke_gas_0005,2026-03-07T11:40:00+03:00,2026-03-07,synthetic_hourly_summary,11,Saturday,True,154,26.579,66.038,300.344,75,57,23,1,0,0.4879,0.0,0.0,0.0,40.937,53.944,0.037114,41.32,53.689,0.037461,0.001199,0.032,73.0,16.0,31.0,1,0,0,0,0.007492,0.024076,13.569,26.228,False,True,False,False,False,morning,0.006076,10.192,10.192,0.031385,31.128,0.020332333333333345,27.200333333333294,0.025964333333333325,36.30850000000002,0.024076,26.228,0.015888432280540946,15.763768341784449,0.0048152,5.2456000000000005,0.007492,13.569,0.002,3.0,2.779739159328792,2.877077931981088,14.9845,9.250333333333332,0.487012987012987,0.37012987012987014,0.006493506493506494,0.14935064935064934,0.0,0.0,False,False,False,1,60.0,0.0,0.0,0.0,0.10579986000000001,0.0,1.0,weak_rules_v2,False,smoke_gas_safety,check_smoke_gas_sensor,0.002411,7.7e-05,train
synthetic_smoke_gas_0005_1772876400000,1772876400000,synthetic_scenario,smoke_gas,smoke_gas_0005,2026-03-07T12:40:00+03:00,2026-03-07,synthetic_hourly_summary,12,Saturday,True,51,26.65,54.034,198.464,26,32,4,5,0,0.5232,4.465,7.278,0.002411,0.0,0.0,0.0,4.465,5.885,0.002411,7.7e-05,0.032,30.0,56.0,77.0,0,0,1,0,0.002,0.00209,3.406,2.888,False,False,False,False,False,afternoon,0.037461,41.32,53.689,-0.03505,-36.855000000000004,0.01531600000000001,18.658999999999963,0.023924333333333325,33.03483333333336,0.00209,2.888,0.019265482734673475,19.83280925638416,0.002,3.0,0.002,3.406,0.002,3.0,0.16050000000000006,0.5256666666666666,0.20549999999999996,0.3529999999999999,0.5098039215686274,0.6274509803921569,0.09803921568627451,0.0784313725490196,0.0,0.0,False,False,False,0,0.0,0.0,0.0,0.0,0.010644559999999999,0.8823333333333334,0.11766666666666664,weak_rules_v2,False,smoke_gas_safety,check_smoke_gas_sensor,0.030055,0.000962,train
synthetic_hub_offline_0097_1772876400000,1772876400000,synthetic_scenario,hub_offline,hub_offline_0097,2026-03-07T12:40:00+03:00,2026-03-07,synthetic_hourly_summary,12,Saturday,True,58,25.792,38.331,332.43,26,20,0,4,0,0.4551,21.642,33.447,0.009823,41.027,53.147,0.018622,66.214,101.749,0.030055,0.000962,0.032,1489.0,725.0,3240.0,1,1,1,0,0.023858,0.023338,58.677,63.981,False,False,False,False,False,afternoon,0.002411,4.465,5.885,0.027644,61.748999999999995,0.02330900000000001,37.33299999999996,0.020947833333333322,31.755833333333353,0.023338,63.981,0.01847314299192215,31.06697405606324,0.0046676,12.7962,0.023858,58.677,0.00429444,10.56186,1.439069328991344,0.17450493115143534,1.4430286603142664,0.7136053687513373,0.4482758620689655,0.3448275862068966,0.06896551724137931,0.0,0.0,0.0,True,True,True,2,60.0,60.0,0.0,0.0,0.18040004299999995,0.7621315437495543,0.23786845625044575,weak_rules_v2,False,hub_offline_or_stale,wait_for_fresh_data,0.042713,0.001367,train
synthetic_socket_left_on_0072_1772876400000,1772876400000,synthetic_scenario,socket_left_on,socket_left_on_0072,2026-03-07T12:40:00+03:00,2026-03-07,synthetic_hourly_summary,12,Saturday,True,83,25.975,48.748,550.942,2,48,0,6,0,0.0255,35.813,43.718,0.032744,4.404,5.599,0.004027,46.716,65.399,0.042713,0.001367,0.032,15.0,21.0,40.0,0,1,2,0,0.027711,0.035744,25.903,28.109,False,False,False,False,False,afternoon,0.030055,66.214,101.749,0.012658000000000003,-19.497999999999998,0.025059666666666675,39.13166666666663,0.022695999999999994,33.16600000000002,0.035744,28.109,0.020610138702428372,31.565429417852673,0.0071488,5.6218,0.027711,25.903,0.0049879799999999995,4.66254,0.9748489256938231,3.30979401615141,3.007630343345403,4.463875913128896,0.024096385542168676,0.5783132530120482,0.07228915662650602,0.0,0.0,0.0,False,False,False,1,0.0,120.0,0.0,60.0,0.22762371,0.0,1.0,weak_rules_v2,True,socket_left_on,turn_off_unused_socket,0.01566,0.000501,train
synthetic_socket_left_on_0072_1772880000000,1772880000000,synthetic_scenario,socket_left_on,socket_left_on_0072,2026-03-07T13:40:00+03:00,2026-03-07,synthetic_hourly_summary,13,Saturday,True,153,26.898,67.16,581.944,21,149,0,1,0,0.1416,18.0,29.729,0.011527,4.754,5.91,0.003045,24.453,28.102,0.01566,0.000501,0.032,67.0,74.0,54.0,0,1,0,0,0.006382,0.014394,22.473,28.293,False,False,False,False,False,afternoon,0.042713,46.716,65.399,-0.027053,-22.263,0.029476000000000013,45.7943333333333,0.02239599999999999,32.22666666666669,0.014394,28.293,0.01353579081546412,20.89575034147937,0.0028788000000000004,5.6586,0.006382,22.473,0.002,4.04514,0.4397665694039182,-0.6786130845085356,4.639,0.48947626040137066,0.13725490196078433,0.9738562091503268,0.006535947712418301,0.0,0.0,0.0,False,False,False,1,0.0,180.0,0.0,120.0,0.10495227600000001,0.8368412465328765,0.16315875346712355,weak_rules_v2,True,socket_left_on,turn_off_unused_socket,0.022814,0.00073,train
synthetic_socket_left_on_0072_1772883600000,1772883600000,synthetic_scenario,socket_left_on,socket_left_on_0072,2026-03-07T14:40:00+03:00,2026-03-07,synthetic_hourly_summary,14,Saturday,True,104,30.241,44.218,646.441,5,16,0,9,15,0.0492,35.354,42.714,0.019668,4.088,6.796,0.002274,41.01,68.049,0.022814,0.00073,0.032,11.0,26.0,64.0,0,1,2,0,0.020532,0.017959,35.77,29.086,False,False,False,False,False,afternoon,0.01566,24.453,28.102,0.007154000000000001,16.557,0.027062333333333344,37.392999999999965,0.02518566666666666,37.36300000000002,0.017959,29.086,0.014017933311773742,11.563836257925255,0.0035918,5.8172,0.020532,35.77,0.00369576,6.4386,1.3516899604655053,2.04978340094891,0.6174643375110935,0.813841518342496,0.04807692307692308,0.15384615384615385,0.08653846153846154,0.0,0.14423076923076922,0.0,False,False,False,1,0.0,240.0,0.0,180.0,0.19496154,0.7287194938858347,0.2712805061141653,weak_rules_v2,True,socket_left_on,turn_off_unused_socket,0.040446,0.001294,train
synthetic_socket_left_on_0072_1772887200000,1772887200000,synthetic_scenario,socket_left_on,socket_left_on_0072,2026-03-07T15:40:00+03:00,2026-03-07,synthetic_hourly_summary,15,Saturday,True,175,26.147,48.997,628.819,13,13,0,19,0,0.0759,79.279,139.641,0.038831,2.089,3.255,0.001023,82.577,110.957,0.040446,0.001294,0.032,24.0,58.0,84.0,0,1,1,0,0.041279,0.026127,59.975,45.673,False,False,False,False,False,afternoon,0.022814,41.01,68.049,0.017632000000000002,41.567,0.026306666666666683,49.34666666666663,0.02568316666666666,44.239166666666684,0.026127,45.673,0.012756782091630156,29.945364454843975,0.005225400000000001,9.1346,0.041279,59.975,0.00743022,10.7955,2.7402686875645883,4.040023646355614,-0.11210973564712759,2.0936501319994436,0.07428571428571429,0.07428571428571429,0.10857142857142857,0.0,0.0,0.0,False,False,False,1,0.0,300.0,0.0,240.0,0.3815470285,0.30211662266685213,0.6978833773331479,weak_rules_v2,True,socket_left_on,turn_off_unused_socket,0.255097,0.008163,train
synthetic_power_spike_0109_1772894400000,1772894400000,synthetic_scenario,power_spike,power_spike_0109,2026-03-07T17:40:00+03:00,2026-03-07,synthetic_hourly_summary,17,Saturday,True,173,27.546,61.378,529.774,94,141,0,0,0,0.5455,88.253,115.295,0.073855,211.517,283.519,0.177008,304.831,305.358,0.255097,0.008163,0.032,13.0,52.0,77.0,1,1,2,0,0.101501,0.124186,114.692,186.06,False,False,True,False,False,evening,0.040446,82.577,110.957,0.214651,222.25400000000002,0.10611900000000002,142.80599999999995,0.0677975,94.3001666666667,0.124186,186.06,0.12931958559707812,141.8486141666532,0.024837200000000004,37.212,0.101501,114.692,0.018270179999999997,20.64456,5.270763210023674,3.191739223906267,8.406923193969629,9.210126057421423,0.5433526011560693,0.815028901734104,0.0,0.0,0.0,0.0,False,False,False,2,60.0,360.0,60.0,0.0,0.4545,0.0,1.0,weak_rules_v2,True,unusual_same_hour_usage,review_unusual_usage,0.117343,0.003755,train
synthetic_power_spike_0109_1772898000000,1772898000000,synthetic_scenario,power_spike,power_spike_0109,2026-03-07T18:40:00+03:00,2026-03-07,synthetic_hourly_summary,18,Saturday,True,47,24.882,47.285,341.61,36,37,0,2,0,0.7704,110.743,133.982,0.085868,40.0,53.434,0.031015,151.336,204.028,0.117343,0.003755,0.032,28.0,28.0,56.0,1,1,3,0,0.046328,0.07214,71.893,64.277,False,False,True,False,False,evening,0.255097,304.831,305.358,-0.13775400000000002,-153.495,0.1376286666666667,179.5813333333333,0.0823455,108.48716666666671,0.07214,64.277,0.10875382363086528,113.78734231158295,0.014428,12.855400000000001,0.046328,71.893,0.00833904,12.94074,3.1330052675353484,6.772173561304977,8.515968264932173,6.138984323925835,0.7659574468085106,0.7872340425531915,0.0425531914893617,0.0,0.0,0.0,False,False,False,2,120.0,420.0,120.0,0.0,0.17373372800000003,0.0,1.0,weak_rules_v2,True,unusual_same_hour_usage,review_unusual_usage,0.353821,0.011322,train
synthetic_power_spike_0109_1772901600000,1772901600000,synthetic_scenario,power_spike,power_spike_0109,2026-03-07T19:40:00+03:00,2026-03-07,synthetic_hourly_summary,19,Saturday,True,130,32.931,47.873,460.958,27,38,0,14,19,0.2139,95.07,144.75,0.096759,252.576,354.867,0.257062,347.646,435.86,0.353821,0.011322,0.032,45.0,33.0,5.0,1,1,3,0,0.151551,0.219938,211.198,179.806,False,False,True,False,False,evening,0.117343,151.336,204.028,0.236478,196.31,0.24208700000000002,267.93766666666664,0.13419683333333332,158.6421666666667,0.219938,179.806,0.11877460248723222,103.22423435576208,0.0439876,35.961200000000005,0.151551,211.198,0.027279179999999997,38.01564,3.043653211359565,4.667252483231927,7.414812322071266,3.5892595784261427,0.2076923076923077,0.2923076923076923,0.1076923076923077,0.0,0.14615384615384616,0.0,False,False,False,2,180.0,480.0,180.0,0.0,0.7861,0.0,1.0,weak_rules_v2,True,unusual_same_hour_usage,review_unusual_usage,0.137213,0.004391,train
synthetic_power_spike_0109_1772905200000,1772905200000,synthetic_scenario,power_spike,power_spike_0109,2026-03-07T20:40:00+03:00,2026-03-07,synthetic_hourly_summary,20,Saturday,True,148,22.958,56.602,409.053,74,85,0,12,0,0.5067,50.0,79.982,0.047448,91.804,116.292,0.087118,144.592,189.348,0.137213,0.004391,0.032,75.0,19.0,31.0,1,1,1,0,0.066152,0.062996,51.959,65.369,False,False,True,False,False,evening,0.353821,347.646,435.86,-0.216608,-203.054,0.20279233333333335,214.52466666666666,0.15445566666666666,178.66533333333336,0.062996,65.369,0.13117144445851528,115.33575952554061,0.0125992,13.0738,0.066152,51.959,0.01190736,9.35262,5.890612102355706,6.059676605118635,5.967821582617809,9.904497349405837,0.5,0.5743243243243243,0.08108108108108109,0.0,0.0,0.0,False,False,False,2,240.0,540.0,240.0,0.0,0.356636168,0.0,1.0,weak_rules_v2,True,unusual_same_hour_usage,review_unusual_usage,0.02223,0.000711,train
synthetic_socket_left_on_0122_1773016800000,1773016800000,synthetic_scenario,socket_left_on,socket_left_on_0122,2026-03-09T03:40:00+03:00,2026-03-09,synthetic_hourly_summary,3,Monday,False,166,29.377,40.453,497.861,0,14,0,16,0,0.0,43.745,55.257,0.02159,0.0,0.0,0.0,45.043,70.563,0.02223,0.000711,0.032,16.0,29.0,36.0,0,1,2,0,0.016239,0.015556,20.378,30.099,True,False,False,False,True,night,0.137213,144.592,189.348,-0.114983,-99.549,0.17108800000000002,179.09366666666665,0.15435833333333332,179.33750000000006,0.015556,30.099,0.16837097297040254,154.22359629555186,0.0031112,6.0198,0.016239,20.378,0.0029230199999999997,3.66804,2.145152995628696,2.4824745008139804,2.049592544696923,6.7242996259582775,0.0,0.08433734939759036,0.0963855421686747,0.0,0.0,60.0,False,False,False,1,0.0,600.0,0.0,60.0,0.225215,0.0,1.0,weak_rules_v2,True,socket_left_on,turn_off_unused_socket,0.026747,0.000856,train
synthetic_socket_left_on_0122_1773020400000,1773020400000,synthetic_scenario,socket_left_on,socket_left_on_0122,2026-03-09T04:40:00+03:00,2026-03-09,synthetic_hourly_summary,4,Monday,False,58,22.155,45.767,544.648,0,27,0,4,0,0.0,25.036,31.919,0.021922,5.51,7.663,0.004825,30.546,41.806,0.026747,0.000856,0.032,48.0,36.0,68.0,0,1,2,0,0.017183,0.022154,12.324,20.721,True,False,False,False,True,night,0.02223,45.043,70.563,0.004517,-14.497,0.06206333333333333,73.39366666666663,0.15207516666666665,170.6656666666667,0.022154,20.721,0.06512069657438671,62.08415864238993,0.0044308,4.1442000000000005,0.017183,12.324,0.0030929399999999998,3.0,1.0366073846709396,2.370783263356015,3.0922035345011545,6.074000000000001,0.0,0.46551724137931033,0.06896551724137931,0.0,0.0,60.0,False,False,False,1,0.0,660.0,0.0,120.0,0.15273,0.0,1.0,weak_rules_v2,True,socket_left_on,turn_off_unused_socket,0.012046,0.000385,train
synthetic_socket_left_on_0122_1773024000000,1773024000000,synthetic_scenario,socket_left_on,socket_left_on_0122,2026-03-09T05:40:00+03:00,2026-03-09,synthetic_hourly_summary,5,Monday,False,67,25.921,42.698,412.891,0,28,0,3,0,0.0,22.894,37.775,0.009096,5.173,5.173,0.002055,30.319,35.852,0.012046,0.000385,0.032,35.0,63.0,45.0,0,1,0,0,0.010095,0.00829,16.111,17.313,True,True,False,False,True,morning,0.026747,30.546,41.806,-0.014701,-0.2270000000000003,0.020341,35.30266666666663,0.11156666666666665,124.9136666666667,0.00829,17.313,0.00753034468002647,8.436139658248251,0.002,3.4626,0.010095,16.111,0.002,3.0,1.8779999999999994,3.7561370068734474,0.9754999999999998,4.736,0.0,0.417910447761194,0.04477611940298507,0.0,0.0,60.0,False,False,False,1,0.0,720.0,0.0,180.0,0.151595,0.0,1.0,weak_rules_v2,True,socket_left_on,turn_off_unused_socket,0.035996,0.001152,train
synthetic_socket_left_on_0122_1773027600000,1773027600000,synthetic_scenario,socket_left_on,socket_left_on_0122,2026-03-09T06:40:00+03:00,2026-03-09,synthetic_hourly_summary,6,Monday,False,95,30.472,57.539,227.716,2,13,0,8,14,0.0243,54.513,77.653,0.034115,0.0,0.0,0.0,57.517,86.783,0.035996,0.001152,0.032,44.0,68.0,89.0,0,1,2,0,0.037343,0.02848,61.101,51.853,False,True,False,False,False,morning,0.012046,30.319,35.852,0.02395,27.198000000000004,0.024929666666666666,39.46066666666663,0.09800883333333332,109.2771666666667,0.02848,51.853,0.012077982047235243,15.63765526968368,0.005696,10.370600000000001,0.037343,61.101,0.00672174,10.99818,1.3195224719101128,0.5461593350432955,-0.20039454069928336,-0.3258720988381711,0.021052631578947368,0.1368421052631579,0.08421052631578947,0.0,0.14736842105263157,0.0,False,False,False,1,0.0,780.0,0.0,240.0,0.2805966845,0.891375967053943,0.10862403294605703,weak_rules_v2,True,socket_left_on,turn_off_unused_socket,0.04024,0.001288,train
synthetic_normal_usage_0150_1773081600000,1773081600000,synthetic_scenario,normal_usage,normal_usage_0150,2026-03-09T21:40:00+03:00,2026-03-09,synthetic_hourly_summary,21,Monday,False,77,24.718,46.301,254.029,27,29,0,5,0,0.357,14.257,27.423,0.005432,89.712,100.865,0.034184,105.606,137.437,0.04024,0.001288,0.032,18.0,48.0,84.0,1,1,2,0,0.026016,0.042488,86.032,54.528,False,False,True,False,False,evening,0.035996,57.517,86.783,0.004243999999999998,48.08899999999999,0.029427333333333333,64.48066666666664,0.04574533333333331,68.93716666666668,0.042488,54.528,0.015201511284518302,38.123517444399674,0.0084976,10.9056,0.026016,86.032,0.00468288,15.485759999999999,-0.2645452833741292,4.683648767605634,3.037447041137077,1.2639999586717088,0.35064935064935066,0.37662337662337664,0.06493506493506493,0.0,0.0,0.0,False,False,False,2,60.0,840.0,60.0,0.0,0.33952329000000003,0.5786666804427638,0.42133331955723624,weak_rules_v2,True,unusual_same_hour_usage,review_unusual_usage,0.054442,0.001742,train
synthetic_normal_usage_0150_1773085200000,1773085200000,synthetic_scenario,normal_usage,normal_usage_0150,2026-03-09T22:40:00+03:00,2026-03-09,synthetic_hourly_summary,22,Monday,False,159,24.721,47.478,494.507,109,158,0,6,0,0.6914,11.099,14.634,0.009908,48.435,72.057,0.043235,60.99,87.718,0.054442,0.001742,0.032,49.0,37.0,17.0,1,1,1,0,0.071162,0.04551,45.642,51.913,False,False,False,False,False,night,0.04024,105.606,137.437,0.014202,-44.61599999999999,0.04355933333333333,74.7043333333333,0.03195016666666665,55.00350000000001,0.04551,51.913,0.009660600878482603,26.817907903739222,0.009102,10.3826,0.071162,45.642,0.01280916,8.21556,0.9813227862008345,0.8742511509641135,-1.3053158833209988,1.868162365073105,0.6855345911949685,0.9937106918238994,0.03773584905660377,0.0,0.0,0.0,False,False,False,2,120.0,900.0,0.0,0.0,0.09410757,0.3772792116422984,0.6227207883577016,weak_rules_v2,False,normal,keep_monitoring,0.054517,0.001745,train
synthetic_normal_usage_0150_1773088800000,1773088800000,synthetic_scenario,normal_usage,normal_usage_0150,2026-03-09T23:40:00+03:00,2026-03-09,synthetic_hourly_summary,23,Monday,False,116,28.985,52.19,205.39,75,76,0,2,0,0.6503,14.906,18.253,0.010191,61.931,85.672,0.04234,79.742,119.975,0.054517,0.001745,0.032,37.0,24.0,48.0,1,1,3,0,0.054473,0.036261,109.235,75.963,True,False,False,False,True,night,0.054442,60.99,87.718,7.500000000000562e-05,18.752000000000002,0.049733,82.11266666666663,0.037331333333333314,60.78666666666669,0.036261,75.963,0.008221264683733652,22.402274646415556,0.0072522,15.192599999999999,0.054473,109.235,0.00980514,19.6623,2.517305093626762,0.24873951792320018,0.004487442300671114,-1.4999771135625026,0.646551724137931,0.6551724137931034,0.017241379310344827,0.0,0.0,0.0,False,False,False,2,180.0,960.0,0.0,0.0,0.139428887,0.500007628812499,0.4999923711875009,weak_rules_v2,True,unusual_same_hour_usage,review_unusual_usage,0.02519,0.000806,train
synthetic_normal_usage_0150_1773092400000,1773092400000,synthetic_scenario,normal_usage,normal_usage_0150,2026-03-10T00:40:00+03:00,2026-03-10,synthetic_hourly_summary,0,Tuesday,False,63,23.711,41.609,477.577,27,50,0,4,0,0.4294,15.876,23.27,0.012104,16.771,21.079,0.012787,33.039,37.748,0.02519,0.000806,0.032,62.0,45.0,39.0,1,1,1,0,0.017276,0.016602,8.347,28.859,True,False,False,False,True,night,0.054517,79.742,119.975,-0.029327000000000002,-46.703,0.04471633333333333,57.923666666666634,0.03707183333333332,61.20216666666668,0.016602,28.859,0.016910342289064965,23.502007410718154,0.0033204,5.771800000000001,0.017276,8.347,0.0031096799999999996,3.0,2.5864353692326234,0.7242108181156657,2.5449563942270594,8.230666666666666,0.42857142857142855,0.7936507936507936,0.06349206349206349,0.0,0.0,0.0,False,False,False,2,240.0,1020.0,0.0,0.0,0.09426026700000001,0.0,1.0,weak_rules_v2,False,unusual_same_hour_usage,review_unusual_usage,0.057808,0.00185,train
synthetic_socket_left_on_0142_1773110400000,1773110400000,synthetic_scenario,socket_left_on,socket_left_on_0142,2026-03-10T05:40:00+03:00,2026-03-10,synthetic_hourly_summary,5,Tuesday,False,179,30.474,62.427,570.983,5,22,0,19,26,0.0327,65.483,106.061,0.057712,0.109,0.158,9.6e-05,65.592,95.762,0.057808,0.00185,0.032,69.0,78.0,46.0,0,1,0,0,0.024878,0.043983,52.574,57.53,True,True,False,False,True,morning,0.02519,33.039,37.748,0.032617999999999994,32.553,0.045838333333333335,59.457666666666626,0.04469883333333332,67.08100000000002,0.043983,57.53,0.01795753107566124,23.94817501049819,0.0087966,11.506,0.024878,52.574,0.00447804,9.46332,1.571629947934429,0.700677907178863,7.353663656421113,1.3756271583334392,0.027932960893854747,0.12290502793296089,0.10614525139664804,0.0,0.1452513966480447,0.0,False,False,False,1,0.0,1080.0,0.0,60.0,0.317235708,0.5414576138888536,0.4585423861111464,weak_rules_v2,True,socket_left_on,turn_off_unused_socket,0.044409,0.001421,train
synthetic_socket_left_on_0142_1773114000000,1773114000000,synthetic_scenario,socket_left_on,socket_left_on_0142,2026-03-10T06:40:00+03:00,2026-03-10,synthetic_hourly_summary,6,Tuesday,False,162,27.647,36.945,661.185,17,49,0,14,0,0.1072,46.084,70.079,0.042377,0.611,0.71,0.000562,48.295,72.434,0.044409,0.001421,0.032,42.0,33.0,29.0,0,1,2,0,0.043397,0.025413,28.003,43.222,False,True,False,False,False,morning,0.057808,65.592,95.762,-0.013399000000000001,-17.296999999999997,0.042469,48.97533333333329,0.04610099999999998,65.54400000000003,0.025413,43.222,0.01639530972565036,16.287160352052087,0.0050826000000000005,8.644400000000001,0.043397,28.003,0.007811459999999999,5.04054,3.737457206941328,0.5868539169867197,0.12955324612812447,4.025759144853528,0.10493827160493827,0.30246913580246915,0.08641975308641975,0.0,0.0,0.0,False,False,False,1,0.0,1140.0,0.0,120.0,0.21558888,0.0,1.0,weak_rules_v2,True,socket_left_on,turn_off_unused_socket,0.030772,0.000985,train
synthetic_socket_left_on_0142_1773117600000,1773117600000,synthetic_scenario,socket_left_on,socket_left_on_0142,2026-03-10T07:40:00+03:00,2026-03-10,synthetic_hourly_summary,7,Tuesday,False,51,29.868,57.294,176.254,3,23,0,1,0,0.0775,47.152,63.435,0.027754,2.317,2.317,0.001364,52.281,81.754,0.030772,0.000985,0.032,76.0,77.0,41.0,0,1,1,0,0.024495,0.040241,54.563,38.809,False,True,False,False,False,morning,0.044409,48.295,72.434,-0.013636999999999996,3.985999999999997,0.04432966666666666,55.3893333333333,0.04452299999999998,56.65650000000002,0.040241,38.809,0.01351817459324072,9.057751063782495,0.0080482,7.7618,0.024495,54.563,0.0044091,9.82134,-1.1765363683805072,1.7356798680718393,1.423646549182373,-0.23235118629433496,0.058823529411764705,0.45098039215686275,0.0196078431372549,0.0,0.0,0.0,False,False,False,1,0.0,1200.0,0.0,180.0,0.24114611249999998,0.9225496045685551,0.07745039543144498,weak_rules_v2,True,socket_left_on,turn_off_unused_socket,0.016909,0.000541,train
synthetic_socket_left_on_0142_1773121200000,1773121200000,synthetic_scenario,socket_left_on,socket_left_on_0142,2026-03-10T08:40:00+03:00,2026-03-10,synthetic_hourly_summary,8,Tuesday,False,70,25.804,37.683,172.052,6,56,0,5,0,0.0914,18.0,29.209,0.016098,0.0,0.0,0.0,18.907,36.711,0.016909,0.000541,0.032,50.0,27.0,80.0,0,1,3,0,0.020631,0.012972,11.289,7.733,False,True,False,True,False,morning,0.030772,52.281,81.754,-0.013863,-33.373999999999995,0.030696666666666667,39.82766666666663,0.03826749999999998,49.642666666666685,0.012972,7.733,0.013750154774886622,18.22711631974361,0.0025944,3.0,0.020631,11.289,0.0037135799999999997,3.0,1.5174992291088503,3.7246666666666663,-1.002267353874159,2.5393333333333334,0.08571428571428572,0.8,0.07142857142857142,0.0,0.0,0.0,False,False,False,1,0.0,1260.0,0.0,240.0,0.08589450099999998,0.15355555555555556,0.8464444444444444,weak_rules_v2,True,socket_left_on,turn_off_unused_socket,0.003831,0.000123,train
synthetic_low_usage_normal_0058_1773135600000,1773135600000,synthetic_scenario,low_usage_normal,low_usage_normal_0058,2026-03-10T12:40:00+03:00,2026-03-10,synthetic_hourly_summary,12,Tuesday,False,83,25.594,43.714,431.716,25,72,0,9,0,0.3097,0.0,0.0,0.0,1.51,2.388,0.001371,4.219,5.244,0.003831,0.000123,0.032,40.0,68.0,74.0,0,0,2,0,0.002,0.003088,2.019,3.801,False,False,False,True,False,afternoon,0.016909,18.907,36.711,-0.013078,-14.687999999999999,0.017170666666666667,25.135666666666626,0.029819833333333313,37.055500000000016,0.003088,3.801,0.01347240595934282,24.628970285691484,0.002,3.0,0.002,2.019,0.002,3.0,0.37150000000000005,0.1393333333333334,0.9155000000000001,0.7333333333333334,0.30120481927710846,0.8674698795180723,0.10843373493975904,0.0,0.0,0.0,False,False,False,0,0.0,0.0,0.0,0.0,0.014561878500000002,0.7555555555555555,0.24444444444444446,weak_rules_v2,False,low_usage_normal,keep_monitoring,0.002024,6.5e-05,train
synthetic_low_usage_normal_0058_1773139200000,1773139200000,synthetic_scenario,low_usage_normal,low_usage_normal_0058,2026-03-10T13:40:00+03:00,2026-03-10,synthetic_hourly_summary,13,Tuesday,False,123,29.994,35.568,490.222,23,25,0,6,0,0.194,2.573,3.172,0.001847,0.247,0.378,0.000177,2.82,3.278,0.002024,6.5e-05,0.032,51.0,18.0,24.0,0,0,2,0,0.002027,0.002545,1.052,2.434,False,False,False,True,False,afternoon,0.003831,4.219,5.244,-0.001807,-1.3990000000000005,0.007588,8.64866666666663,0.02595883333333331,32.01900000000001,0.002545,2.434,0.008122628453893574,8.911473073150459,0.002,3.0,0.002027,1.052,0.002,3.0,-0.2604999999999999,0.12866666666666657,-0.0014999999999999823,0.5893333333333333,0.18699186991869918,0.2032520325203252,0.04878048780487805,0.0,0.0,0.0,False,False,False,0,0.0,0.0,0.0,60.0,0.0113646,0.8035555555555556,0.19644444444444442,weak_rules_v2,False,low_usage_normal,keep_monitoring,0.005336,0.000171,train
synthetic_low_usage_normal_0058_1773142800000,1773142800000,synthetic_scenario,low_usage_normal,low_usage_normal_0058,2026-03-10T14:40:00+03:00,2026-03-10,synthetic_hourly_summary,14,Tuesday,False,163,25.704,51.238,438.176,15,134,0,0,0,0.0938,0.0,0.0,0.0,1.432,2.08,0.001044,7.32,7.32,0.005336,0.000171,0.032,5.0,14.0,14.0,0,0,3,0,0.003736,0.00334,8.706,4.349,False,False,False,True,False,afternoon,0.002024,2.82,3.278,0.0033119999999999994,4.5,0.0037303333333333333,4.786333333333295,0.017213499999999982,22.30700000000002,0.00334,4.349,0.001658293198844643,2.3030198291565784,0.002,3.0,0.003736,8.706,0.002,3.0,0.9979999999999998,0.9903333333333334,0.7999999999999997,-0.46199999999999974,0.09202453987730061,0.8220858895705522,0.0,0.0,0.0,0.0,False,False,False,0,0.0,0.0,0.0,120.0,0.03316692,0.8460000000000001,0.15399999999999991,weak_rules_v2,False,normal,keep_monitoring,0.004,0.000128,train
synthetic_low_usage_normal_0058_1773146400000,1773146400000,synthetic_scenario,low_usage_normal,low_usage_normal_0058,2026-03-10T15:40:00+03:00,2026-03-10,synthetic_hourly_summary,15,Tuesday,False,172,28.373,60.992,480.461,72,103,0,0,0,0.4215,2.058,2.621,0.001263,3.349,4.904,0.002056,6.515,9.951,0.004,0.000128,0.032,7.0,36.0,20.0,0,0,2,0,0.003474,0.002891,5.325,3.829,False,False,False,True,False,afternoon,0.005336,7.32,7.32,-0.0013359999999999995,-0.8050000000000006,0.003786666666666666,5.5516666666666294,0.010478666666666648,15.343666666666685,0.002891,3.829,0.0016662740870980394,2.3996892160210788,0.002,3.0,0.003474,5.325,0.002,3.0,0.5545000000000001,0.8953333333333332,0.263,0.3966666666666665,0.4186046511627907,0.5988372093023255,0.0,0.0,0.0,0.0,False,False,False,0,0.0,0.0,0.0,0.0,0.0188446375,0.8677777777777779,0.13222222222222216,weak_rules_v2,False,normal,keep_monitoring,0.069157,0.002213,train
synthetic_smoke_gas_0035_1773153600000,1773153600000,synthetic_scenario,smoke_gas,smoke_gas_0035,2026-03-10T17:40:00+03:00,2026-03-10,synthetic_hourly_summary,17,Tuesday,False,106,25.199,62.815,321.276,43,41,10,5,0,0.4084,29.436,40.292,0.027517,44.215,51.505,0.041333,73.98,96.66,0.069157,0.002213,0.032,6.0,29.0,22.0,1,1,1,0,0.039065,0.069283,30.352,75.064,False,False,True,True,False,evening,0.004,6.515,9.951,0.06515699999999999,67.465,0.02616433333333333,29.27166666666663,0.016876166666666647,18.960166666666684,0.069283,75.064,0.03723873338787635,38.72064447208326,0.0138566,15.012799999999999,0.039065,30.352,0.0070317,5.46336,-0.009093139731247283,-0.07220505168922446,4.279477224568738,7.985561998477128,0.4056603773584906,0.3867924528301887,0.04716981132075472,0.09433962264150944,0.0,0.0,False,False,False,2,60.0,60.0,0.0,0.0,0.21883284,0.0,1.0,weak_rules_v2,False,smoke_gas_safety,check_smoke_gas_sensor,0.065063,0.002082,train
synthetic_smoke_gas_0035_1773157200000,1773157200000,synthetic_scenario,smoke_gas,smoke_gas_0035,2026-03-10T18:40:00+03:00,2026-03-10,synthetic_hourly_summary,18,Tuesday,False,121,27.61,47.053,479.712,121,14,18,13,0,1.0,21.394,28.856,0.016963,49.4,72.448,0.039168,82.059,107.922,0.065063,0.002082,0.032,69.0,50.0,5.0,1,1,2,0,0.05668,0.061211,40.846,58.362,False,False,True,False,False,evening,0.069157,73.98,96.66,-0.004094,8.078999999999994,0.046073333333333334,54.18466666666664,0.024901833333333307,29.48550000000002,0.061211,58.362,0.03649403022870096,41.480301352973,0.012242200000000002,11.672400000000001,0.05668,40.846,0.0102024,7.3522799999999995,0.3146493277352105,2.030173743189061,0.8216694111189519,5.605472044046201,1.0,0.11570247933884298,0.10743801652892562,0.1487603305785124,0.0,0.0,False,False,False,2,120.0,120.0,0.0,0.0,0.0,0.0,1.0,weak_rules_v2,False,smoke_gas_safety,check_smoke_gas_sensor,0.032791,0.001049,train
synthetic_smoke_gas_0035_1773160800000,1773160800000,synthetic_scenario,smoke_gas,smoke_gas_0035,2026-03-10T19:40:00+03:00,2026-03-10,synthetic_hourly_summary,19,Tuesday,False,164,29.392,60.632,350.89,130,48,14,14,0,0.7947,14.839,20.337,0.008587,39.631,53.903,0.022935,56.663,73.306,0.032791,0.001049,0.032,10.0,56.0,45.0,1,1,2,0,0.022452,0.026357,42.006,23.962,False,False,True,False,False,evening,0.065063,82.059,107.922,-0.032271999999999995,-25.396,0.05567033333333333,70.90066666666662,0.029728499999999977,38.22616666666669,0.026357,23.962,0.01991954139365011,12.975011535002256,0.0052714,4.7924,0.022452,42.006,0.00404136,7.56108,1.220548620859734,6.823512227693848,2.5582972068808525,1.9384796880868866,0.7926829268292683,0.2926829268292683,0.08536585365853659,0.08536585365853659,0.0,0.0,False,False,False,2,180.0,180.0,0.0,0.0,0.058164569500000006,0.3538401039710378,0.6461598960289622,weak_rules_v2,False,smoke_gas_safety,check_smoke_gas_sensor,0.037192,0.00119,train
synthetic_smoke_gas_0035_1773164400000,1773164400000,synthetic_scenario,smoke_gas,smoke_gas_0035,2026-03-10T20:40:00+03:00,2026-03-10,synthetic_hourly_summary,20,Tuesday,False,158,26.457,56.88,185.788,104,101,17,1,0,0.6642,13.776,13.776,0.009804,38.483,47.647,0.027388,52.259,65.068,0.037192,0.00119,0.032,64.0,42.0,34.0,1,1,1,0,0.031802,0.035895,28.667,38.199,False,False,True,False,False,evening,0.032791,56.663,73.306,0.004401000000000002,-4.403999999999996,0.04501533333333333,63.66033333333329,0.035589833333333314,46.466000000000015,0.035895,38.199,0.01750068296762556,16.08514859531757,0.007179000000000001,7.6398,0.031802,28.667,0.0057243599999999995,5.1600600000000005,0.18066583089566782,1.8403623131495592,0.941589976870778,4.572039860001627,0.6582278481012658,0.6392405063291139,0.006329113924050633,0.10759493670886076,0.0,0.0,False,False,False,2,240.0,240.0,0.0,0.0,0.08774286099999999,0.0,1.0,weak_rules_v2,False,smoke_gas_safety,check_smoke_gas_sensor,0.342481,0.010959,train
synthetic_high_energy_0044_1773218400000,1773218400000,synthetic_scenario,high_energy,high_energy_0044,2026-03-11T11:40:00+03:00,2026-03-11,synthetic_hourly_summary,11,Wednesday,False,77,23.118,57.503,527.188,35,70,0,2,0,0.4621,35.0,57.573,0.033753,314.303,384.346,0.303106,355.132,427.325,0.342481,0.010959,0.032,55.0,18.0,81.0,1,1,0,0,0.130776,0.192779,172.688,144.906,False,True,False,True,False,morning,0.037192,52.259,65.068,0.305289,302.873,0.137488,154.68466666666663,0.09178066666666664,104.4346666666667,0.192779,144.906,0.17754278283557462,173.60644827981875,0.0385558,28.9812,0.130776,172.688,0.02353968,31.083839999999995,3.8827361901451916,7.253874925813975,8.99353772013893,5.869416391282417,0.45454545454545453,0.9090909090909091,0.025974025974025976,0.0,0.0,0.0,False,False,False,2,300.0,300.0,60.0,0.0,0.5379,0.0,1.0,weak_rules_v2,True,unusual_same_hour_usage,review_unusual_usage,0.154999,0.00496,train
synthetic_high_energy_0044_1773222000000,1773222000000,synthetic_scenario,high_energy,high_energy_0044,2026-03-11T12:40:00+03:00,2026-03-11,synthetic_hourly_summary,12,Wednesday,False,56,28.612,42.0,444.208,45,31,0,1,0,0.8043,95.493,131.196,0.048749,206.344,331.306,0.105338,303.623,303.623,0.154999,0.00496,0.032,66.0,21.0,53.0,1,1,3,0,0.061456,0.075922,94.882,143.621,False,False,False,True,False,afternoon,0.342481,355.132,427.325,-0.18748199999999998,-51.509000000000015,0.17822400000000002,237.00466666666662,0.11694716666666664,153.9526666666667,0.075922,143.621,0.15396393684561335,162.05405050270517,0.0151844,28.724200000000003,0.061456,94.882,0.011062079999999998,17.07876,5.207779036379441,5.570285682455907,8.456185455176605,12.222257353578362,0.8035714285714286,0.5535714285714286,0.017857142857142856,0.0,0.0,0.0,False,False,False,2,360.0,360.0,120.0,0.0,0.19569999999999999,0.0,1.0,weak_rules_v2,True,unusual_same_hour_usage,review_unusual_usage,0.218007,0.006976,train
synthetic_high_energy_0044_1773225600000,1773225600000,synthetic_scenario,high_energy,high_energy_0044,2026-03-11T13:40:00+03:00,2026-03-11,synthetic_hourly_summary,13,Wednesday,False,107,31.388,50.838,68.006,68,40,0,0,16,0.6403,116.573,180.773,0.053659,353.674,545.037,0.162797,473.614,696.881,0.218007,0.006976,0.032,26.0,16.0,18.0,1,1,0,0,0.086454,0.13253,250.551,241.35,False,False,False,True,False,afternoon,0.154999,303.623,303.623,0.06300800000000001,169.99099999999999,0.23849566666666666,377.4563333333333,0.14175549999999995,220.55833333333337,0.13253,241.35,0.0954055248784543,87.16660435243081,0.026506000000000002,48.27,0.086454,250.551,0.01556172,45.09918,3.2248170225609294,4.811767143153096,8.45362851921253,4.946054451544352,0.6355140186915887,0.37383177570093457,0.0,0.0,0.14953271028037382,0.0,False,False,False,2,420.0,420.0,180.0,0.0,0.3597,0.0,1.0,weak_rules_v2,True,unusual_same_hour_usage,review_unusual_usage,0.395369,0.012652,train
synthetic_high_energy_0044_1773229200000,1773229200000,synthetic_scenario,high_energy,high_energy_0044,2026-03-11T14:40:00+03:00,2026-03-11,synthetic_hourly_summary,14,Wednesday,False,48,25.358,41.291,288.042,9,43,0,0,0,0.1957,84.132,107.804,0.064943,424.907,595.292,0.327992,512.192,523.523,0.395369,0.012652,0.032,49.0,57.0,87.0,1,1,0,0,0.144889,0.169649,269.763,203.978,False,False,False,True,False,afternoon,0.218007,473.614,696.881,0.17736200000000002,38.57800000000003,0.256125,429.8096666666667,0.19680649999999997,292.2471666666667,0.169649,203.978,0.12463615313383208,110.97013857039725,0.0339298,40.79560000000001,0.144889,269.763,0.02608002,48.557339999999996,6.652559107333377,7.555079469354537,9.604287113276756,4.992633451502905,0.1875,0.8958333333333334,0.0,0.0,0.0,0.0,False,False,False,2,480.0,480.0,240.0,60.0,0.8043,0.0,1.0,weak_rules_v2,True,ac_running_empty_room,turn_off_or_adjust_ac,0.208638,0.006676,train
synthetic_power_spike_0169_1773272400000,1773272400000,synthetic_scenario,power_spike,power_spike_0169,2026-03-12T02:40:00+03:00,2026-03-12,synthetic_hourly_summary,2,Thursday,False,62,29.805,55.131,546.707,5,18,0,3,0,0.0871,108.125,145.306,0.086504,150.346,187.746,0.120282,260.786,337.075,0.208638,0.006676,0.032,64.0,35.0,7.0,1,1,0,0,0.088433,0.1083,117.185,152.783,True,False,False,False,True,night,0.395369,512.192,523.523,-0.18673100000000004,-251.406,0.2740046666666667,415.5306666666666,0.2261143333333333,326.2676666666667,0.1083,152.783,0.10520893780631652,135.39386772425544,0.02166,30.5566,0.088433,117.185,0.01591794,21.0933,4.632409972299169,3.534522819947246,7.551542473460762,6.807896346233164,0.08064516129032258,0.2903225806451613,0.04838709677419355,0.0,0.0,0.0,False,False,False,2,540.0,540.0,300.0,120.0,0.9129,0.0,1.0,weak_rules_v2,True,ac_running_empty_room,turn_off_or_adjust_ac,0.191676,0.006134,train
synthetic_power_spike_0169_1773276000000,1773276000000,synthetic_scenario,power_spike,power_spike_0169,2026-03-12T03:40:00+03:00,2026-03-12,synthetic_hourly_summary,3,Thursday,False,137,27.896,67.467,598.111,18,101,0,3,0,0.1324,63.787,93.379,0.034543,286.843,379.364,0.155337,353.946,460.1,0.191676,0.006134,0.032,32.0,32.0,86.0,1,1,0,0,0.079767,0.064027,136.213,215.85,True,False,False,False,True,night,0.208638,260.786,337.075,-0.016961999999999977,93.16000000000003,0.26522766666666664,375.6413333333333,0.25186166666666665,376.54883333333333,0.064027,215.85,0.11302434402522926,127.09940922495751,0.012805400000000002,43.17,0.079767,136.213,0.01435806,24.51834,9.968372717759696,3.1988881167477423,7.794158820899202,8.880413600594496,0.13138686131386862,0.7372262773722628,0.021897810218978103,0.0,0.0,0.0,False,False,False,2,600.0,600.0,360.0,180.0,0.8676,0.0,1.0,weak_rules_v2,True,ac_running_empty_room,turn_off_or_adjust_ac,0.348002,0.011136,train
synthetic_power_spike_0169_1773279600000,1773279600000,synthetic_scenario,power_spike,power_spike_0169,2026-03-12T04:40:00+03:00,2026-03-12,synthetic_hourly_summary,4,Thursday,False,149,27.851,38.142,40.0,50,134,0,2,0,0.3415,182.67,225.122,0.161617,207.114,254.747,0.183244,393.333,566.44,0.348002,0.011136,0.032,60.0,65.0,49.0,1,1,1,0,0.156362,0.195096,156.571,279.485,True,False,False,False,True,night,0.191676,353.946,460.1,0.15632599999999996,39.387,0.24943866666666667,336.0216666666667,0.2527818333333333,382.9156666666667,0.195096,279.485,0.08577864168505683,68.06715872087841,0.039019200000000004,55.897000000000006,0.156362,156.571,0.02814516,28.182779999999998,3.918737442079796,2.0367461581122424,6.808985985512251,8.40094554192312,0.33557046979865773,0.8993288590604027,0.013422818791946308,0.0,0.0,0.0,False,False,False,2,660.0,660.0,420.0,0.0,0.6585,0.0,1.0,weak_rules_v2,True,unusual_same_hour_usage,review_unusual_usage,0.00137,4.4e-05,train
synthetic_stale_data_0126_1773279600000,1773279600000,synthetic_scenario,stale_data,stale_data_0126,2026-03-12T04:40:00+03:00,2026-03-12,synthetic_hourly_summary,4,Thursday,False,92,28.743,53.44,443.061,39,53,0,6,0,0.4346,0.0,0.0,0.0,0.0,0.0,0.0,2.549,3.936,0.00137,4.4e-05,0.032,888.0,1215.0,55.0,0,0,0,0,0.002,0.002,2.193,1.429,True,False,False,False,True,night,0.348002,393.333,566.44,-0.346632,-390.78400000000005,0.18034933333333333,249.94266666666667,0.22717699999999996,332.7366666666667,0.002,1.429,0.1735933636097111,215.15239638993876,0.002,3.0,0.002,2.193,0.002,3.0,-0.31500000000000006,0.3733333333333333,-0.31500000000000006,0.11866666666666663,0.42391304347826086,0.5760869565217391,0.06521739130434782,0.0,0.0,0.0,True,True,False,0,0.0,0.0,0.0,0.0,0.007206023,0.9604444444444444,0.039555555555555545,weak_rules_v2,False,possible_sensor_stale,check_sensor_connection,0.008402,0.000269,train
synthetic_stale_data_0126_1773283200000,1773283200000,synthetic_scenario,stale_data,stale_data_0126,2026-03-12T05:40:00+03:00,2026-03-12,synthetic_hourly_summary,5,Thursday,False,120,25.8,42.113,261.846,29,57,0,9,0,0.2471,15.065,25.685,0.008251,0.0,0.0,0.0,15.339,15.658,0.008402,0.000269,0.032,570.0,379.0,55.0,0,1,0,0,0.003912,0.007611,10.986,12.44,True,True,False,False,True,morning,0.00137,2.549,3.936,0.007032,12.790000000000001,0.11925799999999999,137.07366666666667,0.19224283333333334,256.3575,0.007611,12.44,0.19812931486279364,222.01921192845776,0.002,3.0,0.003912,10.986,0.002,3.0,0.3955,0.9663333333333336,2.245,1.4509999999999998,0.24166666666666667,0.475,0.075,0.0,0.0,0.0,True,True,False,1,0.0,60.0,0.0,0.0,0.0577436655,0.5163333333333333,0.48366666666666663,weak_rules_v2,False,possible_sensor_stale,check_sensor_connection,0.198789,0.006361,train
synthetic_power_spike_0169_1773283200000,1773283200000,synthetic_scenario,power_spike,power_spike_0169,2026-03-12T05:40:00+03:00,2026-03-12,synthetic_hourly_summary,5,Thursday,False,94,29.271,42.781,204.415,22,47,0,1,0,0.2427,117.327,172.364,0.063233,251.519,339.618,0.135556,368.846,368.846,0.198789,0.006361,0.032,17.0,63.0,55.0,1,1,1,0,0.108774,0.104292,189.97,247.082,True,True,False,False,True,morning,0.008402,15.339,15.658,0.190387,353.507,0.06952033333333334,128.91133333333332,0.15947949999999997,232.46650000000002,0.104292,247.082,0.11200514895456086,207.8879006251529,0.0208584,49.4164,0.108774,189.97,0.019579319999999997,34.1946,4.530405016683926,2.4640402781262902,4.597452822672085,5.231118363718248,0.23404255319148937,0.5,0.010638297872340425,0.0,0.0,0.0,False,False,False,2,60.0,120.0,60.0,0.0,0.7573,0.0,1.0,weak_rules_v2,True,unusual_same_hour_usage,review_unusual_usage,0.145767,0.004665,train
synthetic_power_spike_0129_1773286800000,1773286800000,synthetic_scenario,power_spike,power_spike_0129,2026-03-12T06:40:00+03:00,2026-03-12,synthetic_hourly_summary,6,Thursday,False,127,24.27,38.122,412.814,72,22,0,14,0,0.5737,50.0,77.09,0.033869,165.195,248.597,0.111899,215.195,275.435,0.145767,0.004665,0.032,46.0,21.0,81.0,1,1,2,0,0.058451,0.06967,82.85,88.677,False,True,False,False,False,morning,0.198789,368.846,368.846,-0.053021999999999986,-153.651,0.11765266666666667,199.79333333333332,0.14900099999999997,224.86800000000002,0.06967,88.677,0.09825789661056952,177.2560528284814,0.013934,17.735400000000002,0.058451,82.85,0.01052118,14.912999999999998,5.461245873403187,7.133642319880012,8.29906911582161,8.874471937235969,0.5669291338582677,0.1732283464566929,0.11023622047244094,0.0,0.0,0.0,False,False,False,2,120.0,180.0,120.0,0.0,0.4263,0.0,1.0,weak_rules_v2,True,unusual_same_hour_usage,review_unusual_usage,0.011858,0.000379,train
synthetic_stale_data_0126_1773286800000,1773286800000,synthetic_scenario,stale_data,stale_data_0126,2026-03-12T06:40:00+03:00,2026-03-12,synthetic_hourly_summary,6,Thursday,False,96,27.496,47.384,438.983,26,67,0,11,0,0.2793,14.12,20.418,0.011858,0.0,0.0,0.0,14.12,17.218,0.011858,0.000379,0.032,1540.0,307.0,48.0,0,1,1,0,0.012678,0.009421,9.511,12.524,False,True,False,False,False,morning,0.145767,215.195,275.435,-0.133909,-201.075,0.11880466666666667,199.38699999999997,0.11903133333333332,168.2303333333334,0.009421,12.524,0.09633807790449928,177.89056584597188,0.002,3.0,0.012678,9.511,0.00228204,3.0,1.2185,0.532,-0.3593276191477799,1.5363333333333333,0.2708333333333333,0.6979166666666666,0.11458333333333333,0.0,0.0,0.0,True,True,False,1,0.0,240.0,0.0,0.0,0.05088142,0.4878888888888889,0.5121111111111111,weak_rules_v2,False,possible_sensor_stale,check_sensor_connection,0.065905,0.002109,train
synthetic_stale_data_0126_1773290400000,1773290400000,synthetic_scenario,stale_data,stale_data_0126,2026-03-12T07:40:00+03:00,2026-03-12,synthetic_hourly_summary,7,Thursday,False,161,27.546,52.093,417.866,72,26,0,1,0,0.4485,10.027,14.16,0.005238,114.345,125.058,0.059728,126.169,204.221,0.065905,0.002109,0.032,789.0,1013.0,27.0,1,1,1,0,0.074609,0.037446,108.099,88.986,False,True,False,False,False,morning,0.011858,14.12,17.218,0.054047000000000005,112.04899999999999,0.07451,118.49466666666666,0.07201516666666664,123.70300000000003,0.037446,88.986,0.0673679418492211,100.75693747992476,0.0074892000000000005,17.7972,0.074609,108.099,0.013429619999999998,19.45782,3.800005341024409,2.089261232103926,-0.6481196042777079,0.9286754631299905,0.4472049689440994,0.16149068322981366,0.006211180124223602,0.0,0.0,0.0,True,True,False,2,60.0,300.0,60.0,0.0,0.3479110175,0.6904415122900032,0.30955848770999683,weak_rules_v2,False,possible_sensor_stale,check_sensor_connection,0.191532,0.006129,train
synthetic_power_spike_0129_1773290400000,1773290400000,synthetic_scenario,power_spike,power_spike_0129,2026-03-12T07:40:00+03:00,2026-03-12,synthetic_hourly_summary,7,Thursday,False,161,28.187,39.812,285.004,72,131,0,7,0,0.449,50.0,74.005,0.029928,267.213,299.355,0.159945,319.982,438.861,0.191532,0.006129,0.032,51.0,69.0,48.0,1,1,1,0,0.08057,0.094447,128.089,133.564,False,True,False,False,False,morning,0.065905,126.169,204.221,0.125627,193.81300000000005,0.089765,153.42366666666666,0.10370883333333332,176.60850000000005,0.094447,133.564,0.09218276015069214,154.74173128905284,0.0188894,26.7128,0.08057,128.089,0.0145026,23.05602,5.1396550446282045,6.978602018507982,7.651179788451727,8.322902218162547,0.4472049689440994,0.8136645962732919,0.043478260869565216,0.0,0.0,0.0,False,False,False,2,120.0,360.0,120.0,0.0,0.5509999999999999,0.0,1.0,weak_rules_v2,True,unusual_same_hour_usage,review_unusual_usage,0.109425,0.003502,train
synthetic_power_spike_0129_1773294000000,1773294000000,synthetic_scenario,power_spike,power_spike_0129,2026-03-12T08:40:00+03:00,2026-03-12,synthetic_hourly_summary,8,Thursday,False,142,30.621,25.0,391.402,113,86,0,13,21,0.7972,77.924,148.469,0.032874,176.08,282.3,0.074284,259.377,359.908,0.109425,0.003502,0.032,54.0,74.0,89.0,1,1,0,0,0.068391,0.058602,104.494,112.108,False,True,False,True,False,morning,0.191532,319.982,438.861,-0.08210700000000001,-60.60500000000002,0.12228733333333335,235.17600000000002,0.12054599999999999,217.28150000000005,0.058602,112.108,0.06379353804527048,99.14704253279577,0.0117204,22.4216,0.068391,104.494,0.012310379999999998,18.80892,4.336285451008497,6.568175330930888,3.333284593976791,8.234550415441184,0.795774647887324,0.6056338028169014,0.09154929577464789,0.0,0.14788732394366197,0.0,False,False,False,2,180.0,420.0,180.0,0.0,0.20279999999999998,0.0,1.0,weak_rules_v2,True,unusual_same_hour_usage,review_unusual_usage,0.119675,0.00383,train
synthetic_power_spike_0129_1773297600000,1773297600000,synthetic_scenario,power_spike,power_spike_0129,2026-03-12T09:40:00+03:00,2026-03-12,synthetic_hourly_summary,9,Thursday,False,93,30.573,48.314,261.532,17,31,0,9,13,0.1831,129.431,186.691,0.077687,67.736,75.456,0.040657,199.384,275.888,0.119675,0.00383,0.032,53.0,18.0,25.0,1,1,0,0,0.049137,0.048192,100.216,100.005,False,True,False,True,False,morning,0.109425,259.377,359.908,0.010250000000000009,-59.99300000000002,0.14021066666666668,259.581,0.10736033333333332,189.0378333333334,0.048192,100.005,0.044740083441287576,60.29925880970664,0.0096384,20.001,0.049137,100.216,0.008844659999999999,18.03888,7.41647991367862,4.968701564921753,7.9752076394118045,5.497458822277214,0.1827956989247312,0.3333333333333333,0.0967741935483871,0.0,0.13978494623655913,0.0,False,False,False,2,240.0,480.0,240.0,60.0,0.8143839479999999,0.0,1.0,weak_rules_v2,True,ac_running_empty_room,turn_off_or_adjust_ac,0.169274,0.005417,train
synthetic_high_energy_0054_1773348000000,1773348000000,synthetic_scenario,high_energy,high_energy_0054,2026-03-12T23:40:00+03:00,2026-03-12,synthetic_hourly_summary,23,Thursday,False,124,26.626,60.247,40.465,90,121,0,7,0,0.7283,35.458,58.644,0.024856,206.019,293.67,0.144418,241.477,333.152,0.169274,0.005417,0.032,36.0,29.0,49.0,1,1,2,0,0.057401,0.068768,128.426,120.811,True,False,False,False,True,night,0.119675,199.384,275.888,0.049599000000000004,42.09300000000002,0.13279133333333334,233.4126666666667,0.11127816666666666,193.4181666666667,0.068768,120.811,0.03200787950385614,30.798784332069722,0.0137536,24.162200000000002,0.057401,128.426,0.01033218,23.116679999999995,7.307614006514659,4.993998890829477,10.82762785781897,4.890451396999917,0.7258064516129032,0.9758064516129032,0.056451612903225805,0.0,0.0,0.0,False,False,False,2,300.0,540.0,300.0,0.0,0.27170000000000005,0.0,1.0,weak_rules_v2,True,unusual_same_hour_usage,review_unusual_usage,0.113379,0.003628,train
synthetic_high_energy_0054_1773351600000,1773351600000,synthetic_scenario,high_energy,high_energy_0054,2026-03-13T00:40:00+03:00,2026-03-13,synthetic_hourly_summary,0,Friday,True,166,25.392,52.312,376.787,50,161,0,10,0,0.3059,76.142,111.0,0.02665,244.724,348.676,0.085653,323.94,441.851,0.113379,0.003628,0.032,23.0,55.0,34.0,1,1,0,0,0.047629,0.039567,147.981,129.807,True,False,False,False,True,night,0.169274,241.477,333.152,-0.055895000000000014,82.463,0.13410933333333333,254.93366666666665,0.12819833333333333,245.0548333333334,0.039567,129.807,0.03061576783837658,63.358982728049874,0.0079134,25.961399999999998,0.047629,147.981,0.00857322,26.63658,9.327469861248009,7.477755436917887,7.669230464166324,6.605915624303121,0.30120481927710846,0.9698795180722891,0.060240963855421686,0.0,0.0,0.0,False,False,False,2,360.0,600.0,360.0,0.0,0.6940999999999999,0.0,1.0,weak_rules_v2,True,unusual_same_hour_usage,review_unusual_usage,0.229246,0.007336,train
synthetic_high_energy_0054_1773355200000,1773355200000,synthetic_scenario,high_energy,high_energy_0054,2026-03-13T01:40:00+03:00,2026-03-13,synthetic_hourly_summary,1,Friday,True,139,25.492,42.16,265.056,26,92,0,0,0,0.1909,94.14,166.745,0.043188,402.126,618.319,0.18448,499.706,661.058,0.229246,0.007336,0.032,60.0,10.0,81.0,1,1,1,0,0.068952,0.133192,264.232,303.054,True,False,False,False,True,night,0.113379,323.94,441.851,0.11586700000000001,175.76600000000002,0.17063300000000003,355.041,0.15542183333333331,307.31100000000004,0.133192,303.054,0.057945453514491055,131.89392806721577,0.026638400000000003,60.6108,0.068952,264.232,0.01241136,47.56176000000001,3.6058471980299114,3.2445042797653234,12.915103582524397,4.950910142938359,0.18705035971223022,0.6618705035971223,0.0,0.0,0.0,0.0,False,False,False,2,420.0,660.0,420.0,60.0,0.8091,0.0,1.0,weak_rules_v2,True,ac_running_empty_room,turn_off_or_adjust_ac,0.235614,0.00754,train
synthetic_high_energy_0054_1773358800000,1773358800000,synthetic_scenario,high_energy,high_energy_0054,2026-03-13T02:40:00+03:00,2026-03-13,synthetic_hourly_summary,2,Friday,True,52,25.204,60.9,311.618,50,10,0,5,0,0.9616,109.099,188.157,0.06247,300.984,420.6,0.172342,411.484,562.201,0.235614,0.00754,0.032,49.0,52.0,66.0,1,1,0,0,0.099548,0.124281,142.249,187.726,True,False,False,False,True,night,0.229246,499.706,661.058,0.006367999999999985,-88.22200000000004,0.19274633333333333,411.71000000000004,0.1627688333333333,322.5613333333334,0.124281,187.726,0.06880783426568066,87.88321794290324,0.024856200000000002,37.5452,0.099548,142.249,0.01791864,25.604819999999997,4.47908368938132,5.959696579056709,7.593545045829371,10.515012407820093,0.9615384615384616,0.19230769230769232,0.09615384615384616,0.0,0.0,0.0,False,False,False,2,480.0,720.0,480.0,0.0,0.03839999999999999,0.0,1.0,weak_rules_v2,True,unusual_same_hour_usage,review_unusual_usage,0.005826,0.000186,train
synthetic_stale_data_0046_1773362400000,1773362400000,synthetic_scenario,stale_data,stale_data_0046,2026-03-13T03:40:00+03:00,2026-03-13,synthetic_hourly_summary,3,Friday,True,78,23.538,43.343,610.64,52,40,0,6,0,0.674,7.909,11.999,0.004689,1.918,1.918,0.001137,9.826,13.907,0.005826,0.000186,0.032,1171.0,666.0,48.0,0,0,0,0,0.004385,0.004661,8.007,11.972,True,False,False,False,True,night,0.235614,411.484,562.201,-0.229788,-401.65799999999996,0.15689533333333333,307.00533333333334,0.14550233333333332,280.96950000000004,0.004661,11.972,0.13086861908545294,261.1176888710017,0.002,3.0,0.004385,8.007,0.002,3.0,0.5824999999999997,-0.715333333333333,0.7204999999999998,0.6063333333333336,0.6666666666666666,0.5128205128205128,0.07692307692307693,0.0,0.0,0.0,True,True,False,0,0.0,0.0,0.0,0.0,0.016016379999999997,0.7978888888888888,0.2021111111111112,weak_rules_v2,False,possible_sensor_stale,check_sensor_connection,0.034974,0.001119,train
synthetic_stale_data_0106_1773362400000,1773362400000,synthetic_scenario,stale_data,stale_data_0106,2026-03-13T03:40:00+03:00,2026-03-13,synthetic_hourly_summary,3,Friday,True,91,25.026,67.081,750.404,12,45,0,0,0,0.1386,8.227,15.156,0.005778,41.567,55.171,0.029196,49.794,66.81,0.034974,0.001119,0.032,268.0,355.0,42.0,1,0,1,0,0.028706,0.023607,38.303,45.889,True,False,False,False,True,night,0.005826,9.826,13.907,0.029148,39.967999999999996,0.092138,157.03466666666665,0.13138549999999996,256.03783333333337,0.023607,45.889,0.1251056489851679,221.26388697962747,0.004721400000000001,9.177800000000001,0.028706,38.303,0.005167079999999999,6.894539999999999,2.407548608463591,0.42548323127546833,1.213064245182966,1.6666811708975509,0.13186813186813187,0.4945054945054945,0.0,0.0,0.0,0.0,True,True,False,1,60.0,0.0,0.0,60.0,0.21446275799999998,0.4444396097008164,0.5555603902991836,weak_rules_v2,False,possible_sensor_stale,check_sensor_connection,0.005779,0.000185,train
synthetic_stale_data_0106_1773366000000,1773366000000,synthetic_scenario,stale_data,stale_data_0106,2026-03-13T04:40:00+03:00,2026-03-13,synthetic_hourly_summary,4,Friday,True,149,25.792,38.756,425.045,50,46,0,3,0,0.3388,9.224,10.338,0.005298,0.0,0.0,0.0,10.061,12.565,0.005779,0.000185,0.032,1307.0,741.0,37.0,0,0,3,0,0.004693,0.005136,8.635,6.084,True,False,False,False,True,night,0.034974,49.794,66.81,-0.029195,-39.733,0.015526333333333331,23.227,0.10413633333333332,217.46850000000003,0.005136,6.084,0.016842189772514015,23.007996935851317,0.002,3.0,0.004693,8.635,0.002,3.0,0.3215000000000002,1.3256666666666668,0.543,0.4753333333333334,0.33557046979865773,0.3087248322147651,0.020134228187919462,0.0,0.0,0.0,True,True,False,0,0.0,0.0,0.0,0.0,0.033261666,0.8415555555555555,0.15844444444444447,weak_rules_v2,False,possible_sensor_stale,check_sensor_connection,0.004263,0.000136,train
synthetic_stale_data_0046_1773366000000,1773366000000,synthetic_scenario,stale_data,stale_data_0046,2026-03-13T04:40:00+03:00,2026-03-13,synthetic_hourly_summary,4,Friday,True,130,27.096,54.459,374.838,3,91,0,8,0,0.0261,5.663,6.206,0.003013,0.0,0.0,0.0,8.013,8.907,0.004263,0.000136,0.032,636.0,831.0,35.0,0,0,2,0,0.002726,0.004301,6.955,7.321,True,False,False,False,True,night,0.005779,10.061,12.565,-0.001516,-2.048,0.015005333333333334,22.622666666666664,0.0859503333333333,164.81400000000002,0.004301,7.321,0.017309976901584118,23.553335057555596,0.002,3.0,0.002726,6.955,0.002,3.0,-0.01899999999999992,0.23066666666666671,0.7685000000000001,0.35266666666666663,0.023076923076923078,0.7,0.06153846153846154,0.0,0.0,0.0,True,True,False,0,0.0,0.0,0.0,60.0,0.0390193035,0.8824444444444445,0.11755555555555554,weak_rules_v2,False,possible_sensor_stale,check_sensor_connection,0.10299,0.003296,train
synthetic_routine_anomaly_0183_1773366000000,1773366000000,synthetic_scenario,routine_anomaly,routine_anomaly_0183,2026-03-13T04:40:00+03:00,2026-03-13,synthetic_hourly_summary,4,Friday,True,88,28.527,71.273,634.436,40,78,0,7,0,0.4642,22.689,31.28,0.012511,163.772,193.594,0.090309,186.768,252.228,0.10299,0.003296,0.032,31.0,26.0,31.0,1,1,2,0,0.04437,0.073564,77.221,93.428,True,False,False,False,True,night,0.004263,8.013,8.907,0.098727,178.755,0.037677333333333334,68.28066666666666,0.06490766666666664,112.65766666666669,0.073564,93.428,0.056567507319426544,102.61814993622444,0.014712800000000002,18.6856,0.04437,77.221,0.0079866,13.89978,2.0000271872111353,4.99529049107334,7.339794155209977,7.8812038751692475,0.45454545454545453,0.8863636363636364,0.07954545454545454,0.0,0.0,0.0,False,False,False,2,60.0,60.0,60.0,0.0,0.5003514720000001,0.0,1.0,weak_rules_v2,True,unusual_same_hour_usage,review_unusual_usage,0.02129,0.000681,train
synthetic_stale_data_0106_1773369600000,1773369600000,synthetic_scenario,stale_data,stale_data_0106,2026-03-13T05:40:00+03:00,2026-03-13,synthetic_hourly_summary,5,Friday,True,65,31.146,71.907,210.78,1,14,0,6,9,0.0155,16.067,25.825,0.010494,12.596,16.554,0.008227,32.597,34.519,0.02129,0.000681,0.032,1034.0,1081.0,35.0,1,1,1,0,0.018441,0.018033,25.922,25.78,True,True,False,False,True,morning,0.10299,186.768,252.228,-0.0817,-154.171,0.042847666666666666,75.79266666666668,0.02918699999999998,49.50983333333337,0.018033,25.78,0.05277598768695263,96.89033347209325,0.0036066,5.156000000000001,0.018441,25.922,0.00331938,4.66596,0.9030666001219984,1.3221489526764933,0.8582928137182247,1.4305737725998509,0.015384615384615385,0.2153846153846154,0.09230769230769231,0.0,0.13846153846153847,0.0,True,True,False,2,120.0,120.0,0.0,60.0,0.16045873250000003,0.5231420758000498,0.47685792419995027,weak_rules_v2,False,possible_sensor_stale,check_sensor_connection,0.093009,0.002976,train
synthetic_routine_anomaly_0183_1773369600000,1773369600000,synthetic_scenario,routine_anomaly,routine_anomaly_0183,2026-03-13T05:40:00+03:00,2026-03-13,synthetic_hourly_summary,5,Friday,True,167,26.699,71.574,410.992,52,64,0,4,0,0.3151,0.0,0.0,0.0,88.58,134.566,0.093009,88.58,110.701,0.093009,0.002976,0.032,50.0,51.0,70.0,1,0,1,0,0.047538,0.041176,36.985,44.383,True,True,False,False,True,morning,0.02129,32.597,34.519,0.07171899999999999,55.983,0.07242966666666667,102.64833333333333,0.043717499999999986,62.635500000000036,0.041176,44.383,0.04456853397110315,78.04237831033478,0.0082352,8.876600000000002,0.047538,36.985,0.00855684,6.657299999999999,6.294079075189431,4.979046031138047,5.313994418500288,7.750138945218032,0.31137724550898205,0.38323353293413176,0.023952095808383235,0.0,0.0,0.0,False,False,False,1,180.0,0.0,0.0,0.0,0.30334221000000006,0.0,1.0,weak_rules_v2,True,unusual_same_hour_usage,review_unusual_usage,0.020494,0.000656,train
synthetic_stale_data_0046_1773369600000,1773369600000,synthetic_scenario,stale_data,stale_data_0046,2026-03-13T05:40:00+03:00,2026-03-13,synthetic_hourly_summary,5,Friday,True,154,29.247,57.773,226.103,42,75,0,0,0,0.2788,10.232,14.428,0.007823,16.254,18.585,0.012427,26.806,36.665,0.020494,0.000656,0.032,1307.0,834.0,81.0,1,1,1,0,0.010791,0.007152,22.833,24.228,True,True,False,False,True,morning,0.093009,88.58,110.701,-0.072515,-61.774,0.044931,49.327666666666666,0.04130416666666665,58.8041666666667,0.007152,24.228,0.04163867153260347,34.11661141340765,0.002,4.845600000000001,0.010791,22.833,0.002,4.10994,6.6709999999999985,0.5320290572890868,4.851499999999999,0.9666807787948248,0.2727272727272727,0.487012987012987,0.0,0.0,0.0,0.0,True,True,False,2,240.0,60.0,0.0,0.0,0.09666243600000002,0.6777730737350585,0.3222269262649416,weak_rules_v2,False,possible_sensor_stale,check_sensor_connection,0.052994,0.001696,train
synthetic_stale_data_0046_1773373200000,1773373200000,synthetic_scenario,stale_data,stale_data_0046,2026-03-13T06:40:00+03:00,2026-03-13,synthetic_hourly_summary,6,Friday,True,136,24.74,44.493,531.909,0,92,0,7,0,0.0,25.638,34.15,0.020015,37.336,42.767,0.029148,67.88,115.688,0.052994,0.001696,0.032,803.0,1267.0,55.0,1,1,0,0,0.037372,0.04094,63.402,33.197,False,True,False,False,False,morning,0.020494,26.806,36.665,0.0325,41.074,0.055499,61.088666666666654,0.04917333333333331,68.4406666666667,0.04094,33.197,0.036322342641961325,31.44198507304281,0.008187999999999999,6.639400000000001,0.037372,63.402,0.006726960000000001,11.41236,1.4721543722520767,5.223815405006475,2.3222971446240197,0.3923815932900815,0.0,0.6764705882352942,0.051470588235294115,0.0,0.0,60.0,True,True,False,2,300.0,120.0,0.0,60.0,0.3394,0.8692061355699728,0.13079386443002716,weak_rules_v2,False,possible_sensor_stale,check_sensor_connection,0.088688,0.002838,train
synthetic_routine_anomaly_0183_1773373200000,1773373200000,synthetic_scenario,routine_anomaly,routine_anomaly_0183,2026-03-13T06:40:00+03:00,2026-03-13,synthetic_hourly_summary,6,Friday,True,77,27.43,48.315,221.367,34,29,0,7,0,0.4474,27.059,37.143,0.011811,175.238,237.995,0.07649,203.185,258.589,0.088688,0.002838,0.032,57.0,77.0,9.0,1,1,0,0,0.03062,0.048115,67.467,103.858,False,True,False,False,False,morning,0.052994,67.88,115.688,0.035694000000000004,135.305,0.054058666666666665,99.29033333333332,0.06324416666666666,100.96933333333338,0.048115,103.858,0.034109464160748344,92.28946142617485,0.009623,20.771600000000003,0.03062,67.467,0.0055116,12.14406,4.216252727839552,4.781865624217681,10.535597648595688,11.175669421923148,0.44155844155844154,0.37662337662337664,0.09090909090909091,0.0,0.0,0.0,False,False,False,2,360.0,180.0,60.0,0.0,0.5526,0.0,1.0,weak_rules_v2,True,unusual_same_hour_usage,review_unusual_usage,0.014106,0.000451,train
synthetic_stale_data_0106_1773373200000,1773373200000,synthetic_scenario,stale_data,stale_data_0106,2026-03-13T06:40:00+03:00,2026-03-13,synthetic_hourly_summary,6,Friday,True,77,25.22,38.757,195.996,50,41,0,2,0,0.6607,0.0,0.0,0.0,11.572,11.949,0.010229,15.959,21.567,0.014106,0.000451,0.032,824.0,309.0,28.0,1,0,0,0,0.002821,0.016175,14.508,20.623,False,True,False,False,False,morning,0.088688,203.185,258.589,-0.07458200000000001,-187.226,0.05192933333333333,95.67466666666667,0.04843016666666664,72.5011666666667,0.016175,20.623,0.037302396938177794,96.65816773730721,0.003235,4.1246,0.002821,14.508,0.002,3.0,-0.6395672333848526,-1.1307763177035353,5.6425,0.48366666666666686,0.6493506493506493,0.5324675324675324,0.025974025974025976,0.0,0.0,0.0,True,True,False,1,420.0,0.0,0.0,0.0,0.027074443500000007,0.8387777777777777,0.1612222222222223,weak_rules_v2,False,possible_sensor_stale,check_sensor_connection,0.090795,0.002905,train
synthetic_routine_anomaly_0183_1773376800000,1773376800000,synthetic_scenario,routine_anomaly,routine_anomaly_0183,2026-03-13T07:40:00+03:00,2026-03-13,synthetic_hourly_summary,7,Friday,True,89,23.215,60.858,575.859,20,62,0,4,0,0.2335,48.113,62.985,0.032552,83.676,104.121,0.056613,134.199,158.652,0.090795,0.002905,0.032,23.0,32.0,67.0,1,1,2,0,0.048466,0.040783,67.266,75.745,False,True,False,False,False,morning,0.014106,15.959,21.567,0.07668900000000001,118.24000000000001,0.06452966666666667,117.781,0.060014333333333315,89.43483333333337,0.040783,75.745,0.04368088234380546,94.686624250736,0.0081566,15.149000000000001,0.048466,67.266,0.00872388,12.10788,6.131476350440135,3.8586045283517065,4.852084164385571,5.528052805280529,0.2247191011235955,0.6966292134831461,0.0449438202247191,0.0,0.0,0.0,False,False,False,2,480.0,60.0,60.0,0.0,0.5143176675,0.0,1.0,weak_rules_v2,True,unusual_same_hour_usage,review_unusual_usage,0.113827,0.003642,train
synthetic_normal_usage_0210_1773384000000,1773384000000,synthetic_scenario,normal_usage,normal_usage_0210,2026-03-13T09:40:00+03:00,2026-03-13,synthetic_hourly_summary,9,Friday,True,104,29.882,64.458,368.058,66,31,0,0,0,0.6386,27.407,37.74,0.028777,80.181,119.763,0.08419,108.407,145.612,0.113827,0.003642,0.032,24.0,58.0,6.0,1,1,2,0,0.054177,0.057555,69.892,70.277,False,True,False,False,False,morning,0.090795,134.199,158.652,0.023031999999999997,-25.792000000000016,0.07290933333333334,86.18833333333333,0.06348399999999998,92.73933333333338,0.057555,70.277,0.05221103584811716,62.17255231477493,0.011511,14.0554,0.054177,69.892,0.00975186,12.580559999999998,4.888541395187212,2.712836347595941,6.116781824185335,3.0614694417418624,0.6346153846153846,0.2980769230769231,0.0,0.0,0.0,0.0,False,False,False,2,540.0,120.0,120.0,0.0,0.195891449,0.0,1.0,weak_rules_v2,True,unusual_same_hour_usage,review_unusual_usage,0.053646,0.001717,train
synthetic_normal_usage_0210_1773387600000,1773387600000,synthetic_scenario,normal_usage,normal_usage_0210,2026-03-13T10:40:00+03:00,2026-03-13,synthetic_hourly_summary,10,Friday,True,89,27.129,28.877,107.253,47,35,0,4,0,0.531,25.685,35.38,0.010756,98.637,121.802,0.041305,128.11,143.609,0.053646,0.001717,0.032,5.0,70.0,33.0,1,1,0,0,0.044349,0.047034,96.9,87.883,False,True,False,False,False,morning,0.113827,108.407,145.612,-0.060181,19.703000000000017,0.08608933333333334,123.572,0.06900933333333331,109.62333333333338,0.047034,87.883,0.030365204829432245,13.481539192542579,0.0094068,17.5766,0.044349,96.9,0.00798282,17.442,0.7028957775226432,2.288667887987439,1.164626034408893,1.789359018461186,0.5280898876404494,0.39325842696629215,0.0449438202247191,0.0,0.0,0.0,False,False,False,2,600.0,180.0,180.0,0.0,0.30041795,0.40354699384627135,0.5964530061537286,weak_rules_v2,True,sudden_power_spike,reduce_peak_load,0.031091,0.000995,train
synthetic_normal_usage_0210_1773391200000,1773391200000,synthetic_scenario,normal_usage,normal_usage_0210,2026-03-13T11:40:00+03:00,2026-03-13,synthetic_hourly_summary,11,Friday,True,83,28.941,49.151,443.392,71,18,0,6,0,0.8574,17.218,18.884,0.014648,15.966,20.777,0.013583,36.546,52.93,0.031091,0.000995,0.032,58.0,5.0,79.0,1,1,0,0,0.007028,0.019137,30.724,15.17,False,True,False,False,False,morning,0.053646,128.11,143.609,-0.022555,-91.56400000000002,0.06618800000000001,91.021,0.06535883333333332,104.40100000000005,0.019137,15.17,0.04277017356756975,48.19435932762349,0.0038274000000000003,3.0340000000000003,0.007028,30.724,0.002,5.53032,3.123269059936249,7.045484508899142,12.0315,1.0527419751479117,0.8554216867469879,0.21686746987951808,0.07228915662650602,0.0,0.0,0.0,False,False,False,2,660.0,240.0,0.0,0.0,0.026057297999999993,0.6490860082840295,0.35091399171597054,weak_rules_v2,False,unusual_same_hour_usage,review_unusual_usage,0.268964,0.008607,train
synthetic_ac_left_on_0051_1773394800000,1773394800000,synthetic_scenario,ac_left_on,ac_left_on_0051,2026-03-13T12:40:00+03:00,2026-03-13,synthetic_hourly_summary,12,Friday,True,61,26.586,54.524,515.578,0,56,0,0,0,0.0,4.347,6.565,0.003711,308.172,505.139,0.263114,315.024,501.245,0.268964,0.008607,0.032,73.0,52.0,34.0,1,0,1,0,0.135357,0.185783,250.379,432.053,False,False,False,False,False,afternoon,0.031091,36.546,52.93,0.23787299999999997,278.478,0.11790033333333333,159.89333333333335,0.09540483333333331,123.04083333333337,0.185783,432.053,0.131310150202996,141.93355603708858,0.037156600000000005,86.4106,0.135357,250.379,0.02436426,45.06822,2.238660157280267,-1.3543361578324882,5.483729035891096,1.434381033908151,0.0,0.9180327868852459,0.0,0.0,0.0,60.0,False,False,False,1,720.0,0.0,60.0,60.0,1.0,0.521872988697283,0.478127011302717,weak_rules_v2,True,ac_running_empty_room,turn_off_or_adjust_ac,0.07243,0.002318,train
synthetic_normal_usage_0210_1773394800000,1773394800000,synthetic_scenario,normal_usage,normal_usage_0210,2026-03-13T12:40:00+03:00,2026-03-13,synthetic_hourly_summary,12,Friday,True,141,30.481,52.823,312.922,118,14,0,3,21,0.8415,12.602,13.586,0.008655,92.856,135.29,0.063774,105.458,168.666,0.07243,0.002318,0.032,79.0,17.0,38.0,1,1,1,0,0.045616,0.069427,52.347,77.58,False,False,False,False,False,afternoon,0.268964,315.024,501.245,-0.196534,-209.566,0.12416166666666666,152.34266666666667,0.10512549999999998,137.95733333333337,0.069427,77.58,0.12709451221171342,145.03836767329315,0.0138854,15.516,0.045616,52.347,0.008210879999999999,9.42246,0.21627032710616848,1.7967259602990462,3.2656670174207885,5.636638415021131,0.8368794326241135,0.09929078014184398,0.02127659574468085,0.0,0.14893617021276595,0.0,False,False,False,2,780.0,60.0,120.0,0.0,0.08357546499999999,0.0,1.0,weak_rules_v2,True,unusual_same_hour_usage,review_unusual_usage,0.116578,0.00373,train
synthetic_ac_left_on_0051_1773398400000,1773398400000,synthetic_scenario,ac_left_on,ac_left_on_0051,2026-03-13T13:40:00+03:00,2026-03-13,synthetic_hourly_summary,13,Friday,True,93,24.824,62.598,110.34,6,18,0,7,0,0.0686,0.164,0.24,0.000116,163.249,174.642,0.115202,165.198,179.438,0.116578,0.00373,0.032,40.0,38.0,49.0,1,0,1,0,0.07728,0.121877,88.786,142.506,False,False,False,False,False,afternoon,0.07243,105.458,168.666,0.04414800000000001,59.74000000000001,0.15265733333333334,195.2266666666667,0.10942266666666665,143.12383333333335,0.121877,142.506,0.10311494561572232,107.96188079749878,0.024375400000000002,28.5012,0.07728,88.786,0.0139104,15.98148,-0.217391304347826,0.796177003073555,2.825080515297907,4.781284336619637,0.06451612903225806,0.1935483870967742,0.07526881720430108,0.0,0.0,0.0,False,False,False,1,840.0,0.0,180.0,60.0,0.769327086,0.0,1.0,weak_rules_v2,True,ac_running_empty_room,turn_off_or_adjust_ac,0.006673,0.000214,train
synthetic_stale_data_0116_1773402000000,1773402000000,synthetic_scenario,stale_data,stale_data_0116,2026-03-13T14:40:00+03:00,2026-03-13,synthetic_hourly_summary,14,Friday,True,89,27.528,46.434,354.056,40,69,0,10,0,0.4599,1.567,2.006,0.001094,0.0,0.0,0.0,9.558,11.781,0.006673,0.000214,0.032,1585.0,369.0,41.0,0,0,1,0,0.006183,0.006033,5.763,9.671,False,False,False,False,False,afternoon,0.116578,165.198,179.438,-0.109905,-155.64000000000001,0.065227,93.40466666666667,0.09156366666666665,126.64900000000004,0.006033,9.671,0.05530542164200573,78.51696971568256,0.002,3.0,0.006183,5.763,0.002,3.0,0.31999999999999995,-0.037666666666666515,0.245,1.265,0.449438202247191,0.7752808988764045,0.11235955056179775,0.0,0.0,0.0,True,True,False,0,0.0,0.0,0.0,0.0,0.025811379000000002,0.5783333333333334,0.42166666666666663,weak_rules_v2,False,possible_sensor_stale,check_sensor_connection,0.15388,0.004924,train
synthetic_ac_left_on_0051_1773402000000,1773402000000,synthetic_scenario,ac_left_on,ac_left_on_0051,2026-03-13T14:40:00+03:00,2026-03-13,synthetic_hourly_summary,14,Friday,True,91,31.359,57.793,69.386,6,74,0,1,13,0.0738,5.443,10.045,0.004342,185.389,230.099,0.147882,192.909,238.495,0.15388,0.004924,0.032,70.0,29.0,10.0,1,0,3,0,0.114858,0.15308,122.404,103.075,False,False,False,False,False,afternoon,0.006673,9.558,11.781,0.14720699999999998,183.351,0.092377,122.55499999999999,0.10826933333333331,137.44883333333337,0.15308,103.075,0.07652935066365085,98.83428750691765,0.030616,20.615000000000002,0.114858,122.404,0.02067444,22.032719999999998,0.026130128037627227,4.35770070337133,1.8874513650672033,3.200013434564593,0.06593406593406594,0.8131868131868132,0.01098901098901099,0.0,0.14285714285714285,0.0,False,False,False,1,60.0,0.0,60.0,60.0,0.893361579,0.0,1.0,weak_rules_v2,True,ac_running_empty_room,turn_off_or_adjust_ac,0.115623,0.0037,train
synthetic_ac_left_on_0051_1773405600000,1773405600000,synthetic_scenario,ac_left_on,ac_left_on_0051,2026-03-13T15:40:00+03:00,2026-03-13,synthetic_hourly_summary,15,Friday,True,116,27.148,48.133,376.862,0,61,0,8,0,0.0,3.966,6.769,0.002358,184.095,185.904,0.109454,194.47,211.363,0.115623,0.0037,0.032,78.0,52.0,49.0,1,0,0,0,0.10863,0.077458,123.847,146.026,False,False,False,False,False,afternoon,0.15388,192.909,238.495,-0.038256999999999985,1.561000000000007,0.09205866666666666,132.31233333333333,0.12235799999999998,163.76950000000002,0.077458,146.026,0.07638019092888791,106.31123620922382,0.015491600000000001,29.205200000000005,0.10863,123.847,0.0195534,22.29246,2.4635931730744405,1.658745702820045,0.3576360121513394,3.168021833391201,0.0,0.5258620689655172,0.06896551724137931,0.0,0.0,60.0,False,False,False,1,120.0,0.0,120.0,120.0,0.97235,0.0,1.0,weak_rules_v2,True,ac_running_empty_room,turn_off_or_adjust_ac,0.035904,0.001149,train
synthetic_stale_data_0116_1773405600000,1773405600000,synthetic_scenario,stale_data,stale_data_0116,2026-03-13T15:40:00+03:00,2026-03-13,synthetic_hourly_summary,15,Friday,True,113,24.605,42.757,303.182,38,100,0,3,0,0.3413,5.936,8.848,0.003277,52.65,83.235,0.029062,65.044,101.358,0.035904,0.001149,0.032,1063.0,484.0,64.0,1,0,2,0,0.020467,0.020619,24.684,56.029,False,False,False,False,False,afternoon,0.115623,194.47,211.363,-0.07971900000000001,-129.426,0.10180233333333333,150.80766666666668,0.08351466666666664,122.1061666666667,0.020619,56.029,0.060190051207266566,74.27761486702015,0.0041237999999999995,11.205800000000002,0.020467,24.684,0.00368406,4.44312,3.706532809544595,0.804494101268985,4.190214057317199,9.08370694466951,0.336283185840708,0.8849557522123894,0.02654867256637168,0.0,0.0,0.0,True,True,False,1,180.0,0.0,0.0,0.0,0.21422241400000003,0.0,1.0,weak_rules_v2,False,possible_sensor_stale,check_sensor_connection,0.110216,0.003527,train
synthetic_routine_anomaly_0063_1773405600000,1773405600000,synthetic_scenario,routine_anomaly,routine_anomaly_0063,2026-03-13T15:40:00+03:00,2026-03-13,synthetic_hourly_summary,15,Friday,True,132,23.8,43.585,330.526,8,129,0,9,0,0.0633,15.887,26.565,0.010299,154.132,194.147,0.099917,170.019,207.523,0.110216,0.003527,0.032,9.0,69.0,35.0,1,1,3,0,0.032617,0.050767,73.633,114.241,False,False,False,False,False,afternoon,0.035904,65.044,101.358,0.07431199999999999,104.97500000000001,0.08724766666666667,143.17766666666668,0.08981233333333331,132.8663333333334,0.050767,114.241,0.04454703124040222,68.76129180238964,0.0101534,22.848200000000002,0.032617,73.633,0.00587106,13.253939999999998,5.855083026375401,2.441242636181406,13.217204388985975,7.272252628275066,0.06060606060606061,0.9772727272727273,0.06818181818181818,0.0,0.0,0.0,False,False,False,2,240.0,60.0,60.0,60.0,0.7962839865,0.0,1.0,weak_rules_v2,True,ac_running_empty_room,turn_off_or_adjust_ac,0.021817,0.000698,train
synthetic_stale_data_0116_1773409200000,1773409200000,synthetic_scenario,stale_data,stale_data_0116,2026-03-13T16:40:00+03:00,2026-03-13,synthetic_hourly_summary,16,Friday,True,53,26.837,49.395,145.959,12,42,0,2,0,0.2292,15.21,16.366,0.015971,0.0,0.0,0.0,20.778,22.594,0.021817,0.000698,0.032,1233.0,1645.0,87.0,0,1,2,0,0.010307,0.020597,4.156,19.401,False,False,False,False,False,afternoon,0.110216,170.019,207.523,-0.08839899999999999,-149.241,0.055979,85.28033333333333,0.07401883333333331,108.79633333333335,0.020597,19.401,0.047495789487069645,76.65083763621517,0.0041194000000000005,3.8802000000000003,0.010307,4.156,0.002,3.0,0.29615963489828584,0.35487861450440666,5.755,5.540666666666667,0.22641509433962265,0.7924528301886793,0.03773584905660377,0.0,0.0,0.0,True,True,False,1,0.0,120.0,0.0,0.0,0.080078412,0.0,1.0,weak_rules_v2,False,possible_sensor_stale,check_sensor_connection,0.005085,0.000163,train
synthetic_low_usage_normal_0198_1773409200000,1773409200000,synthetic_scenario,low_usage_normal,low_usage_normal_0198,2026-03-13T16:40:00+03:00,2026-03-13,synthetic_hourly_summary,16,Friday,True,157,26.887,36.07,541.589,53,49,0,1,0,0.3439,4.682,7.09,0.003953,1.341,1.614,0.001132,6.023,8.983,0.005085,0.000163,0.032,6.0,41.0,68.0,0,0,1,0,0.002831,0.002115,5.3,3.714,False,False,False,False,False,afternoon,0.021817,20.778,22.594,-0.016732,-14.754999999999999,0.045706000000000004,65.60666666666667,0.07375416666666665,108.2071666666667,0.002115,3.714,0.05649022066694407,90.72419203461354,0.002,3.0,0.002831,5.3,0.002,3.0,1.4849999999999999,0.7696666666666666,1.127,0.24099999999999996,0.3375796178343949,0.31210191082802546,0.006369426751592357,0.0,0.0,0.0,False,False,False,0,0.0,0.0,0.0,0.0,0.0197584515,0.9196666666666666,0.08033333333333333,weak_rules_v2,False,normal,keep_monitoring,0.170949,0.00547,train
synthetic_routine_anomaly_0063_1773409200000,1773409200000,synthetic_scenario,routine_anomaly,routine_anomaly_0063,2026-03-13T16:40:00+03:00,2026-03-13,synthetic_hourly_summary,16,Friday,True,114,29.548,63.321,314.806,46,86,0,1,0,0.4115,37.431,51.82,0.039302,118.26,156.2,0.124173,162.809,224.201,0.170949,0.00547,0.032,64.0,16.0,66.0,1,1,0,0,0.055691,0.075192,65.601,80.576,False,False,False,False,False,afternoon,0.005085,6.023,8.983,0.16586399999999998,156.786,0.06595033333333333,63.20333333333334,0.07659899999999999,103.19050000000004,0.075192,80.576,0.0913155515634296,86.57594429362832,0.0150384,16.115199999999998,0.055691,65.601,0.01002438,11.80818,6.36749920204277,5.102822180301827,11.49776844054196,8.232259332090127,0.40350877192982454,0.7543859649122807,0.008771929824561403,0.0,0.0,0.0,False,False,False,2,60.0,60.0,60.0,0.0,0.47906548250000003,0.0,1.0,weak_rules_v2,True,unusual_same_hour_usage,review_unusual_usage,0.135943,0.00435,train
synthetic_routine_anomaly_0063_1773412800000,1773412800000,synthetic_scenario,routine_anomaly,routine_anomaly_0063,2026-03-13T17:40:00+03:00,2026-03-13,synthetic_hourly_summary,17,Friday,True,122,26.473,52.526,224.232,42,26,0,8,0,0.345,25.874,42.153,0.020217,145.698,212.199,0.113841,173.985,240.867,0.135943,0.00435,0.032,32.0,7.0,84.0,1,1,0,0,0.070868,0.085166,90.753,88.828,False,False,True,False,False,evening,0.170949,162.809,224.201,-0.03500599999999998,11.176000000000016,0.10399233333333334,114.27233333333334,0.07998566666666665,99.77633333333337,0.085166,88.828,0.08742625720762254,93.91306814993001,0.017033200000000002,17.765600000000003,0.070868,90.753,0.01275624,16.335539999999998,2.9810605171077658,4.793364704822803,5.1014248712786845,5.095148369750864,0.3442622950819672,0.21311475409836064,0.06557377049180328,0.0,0.0,0.0,False,False,False,2,120.0,120.0,120.0,0.0,0.5698008750000001,0.0,1.0,weak_rules_v2,True,unusual_same_hour_usage,review_unusual_usage,0.00259,8.3e-05,train
synthetic_low_usage_normal_0198_1773412800000,1773412800000,synthetic_scenario,low_usage_normal,low_usage_normal_0198,2026-03-13T17:40:00+03:00,2026-03-13,synthetic_hourly_summary,17,Friday,True,94,21.304,55.82,327.848,13,35,0,8,0,0.1459,3.507,4.444,0.001932,1.193,1.193,0.000658,4.7,5.544,0.00259,8.3e-05,0.032,30.0,57.0,68.0,0,0,1,0,0.002567,0.002,3.266,4.757,False,False,True,False,False,evening,0.135943,173.985,240.867,-0.133353,-169.28500000000003,0.10316066666666666,113.83133333333335,0.07443333333333331,89.71900000000004,0.002,4.757,0.08883805071214346,94.67556010044726,0.002,3.0,0.002567,3.266,0.002,3.0,0.2949999999999999,-0.018999999999999833,0.011500000000000008,0.47800000000000004,0.13829787234042554,0.3723404255319149,0.0851063829787234,0.0,0.0,0.0,False,False,False,0,0.0,0.0,0.0,60.0,0.020071349999999998,0.8406666666666667,0.15933333333333335,weak_rules_v2,False,low_usage_normal,keep_monitoring,0.009637,0.000308,train
synthetic_stale_data_0116_1773412800000,1773412800000,synthetic_scenario,stale_data,stale_data_0116,2026-03-13T17:40:00+03:00,2026-03-13,synthetic_hourly_summary,17,Friday,True,84,28.845,33.427,315.294,14,26,0,9,0,0.1704,13.454,18.483,0.008848,0.0,0.0,0.0,14.653,20.193,0.009637,0.000308,0.032,399.0,696.0,70.0,0,1,1,0,0.005932,0.004413,8.507,15.793,False,False,True,False,False,evening,0.00259,4.7,5.544,0.0070469999999999994,9.953,0.049389999999999996,64.44600000000001,0.057670166666666654,63.8246666666667,0.004413,15.793,0.07503986546496494,94.99399951049593,0.002,3.1586,0.005932,8.507,0.002,3.0,2.6119999999999997,-0.3609193946685237,1.8525,2.048666666666667,0.16666666666666666,0.30952380952380953,0.10714285714285714,0.0,0.0,0.0,True,True,False,1,0.0,60.0,0.0,120.0,0.060780643999999995,0.317111111111111,0.682888888888889,weak_rules_v2,False,possible_sensor_stale,check_sensor_connection,0.083548,0.002674,train
synthetic_routine_anomaly_0063_1773416400000,1773416400000,synthetic_scenario,routine_anomaly,routine_anomaly_0063,2026-03-13T18:40:00+03:00,2026-03-13,synthetic_hourly_summary,18,Friday,True,48,25.477,49.559,376.383,0,34,0,2,0,0.0,34.948,53.658,0.032168,55.822,73.282,0.05138,90.77,124.895,0.083548,0.002674,0.032,17.0,7.0,14.0,1,1,2,0,0.024573,0.059677,35.207,69.823,False,False,True,False,False,evening,0.009637,14.653,20.193,0.073911,76.11699999999999,0.031925,36.707666666666675,0.06795866666666665,75.49000000000002,0.059677,69.823,0.04484546408501127,47.08309108728368,0.0119354,13.964599999999999,0.024573,35.207,0.00442314,6.33726,2.0000167568745075,1.5000071609641525,13.333288116586859,8.767669308186818,0.0,0.7083333333333334,0.041666666666666664,0.0,0.0,60.0,False,False,False,2,60.0,120.0,0.0,180.0,0.45385,0.0,1.0,weak_rules_v2,True,ac_running_empty_room,turn_off_or_adjust_ac,0.003562,0.000114,train
synthetic_low_usage_normal_0198_1773416400000,1773416400000,synthetic_scenario,low_usage_normal,low_usage_normal_0198,2026-03-13T18:40:00+03:00,2026-03-13,synthetic_hourly_summary,18,Friday,True,59,26.451,36.396,562.891,21,45,0,0,0,0.371,2.582,3.72,0.0018,2.526,3.523,0.001762,5.108,7.816,0.003562,0.000114,0.032,37.0,72.0,63.0,0,0,0,0,0.002,0.003763,5.275,3.115,False,False,True,False,False,evening,0.083548,90.77,124.895,-0.079986,-85.66199999999999,0.032249,36.84366666666667,0.06770483333333331,75.33750000000003,0.003763,3.115,0.04452995572645493,46.944795519135575,0.002,3.0,0.002,5.275,0.002,3.0,-0.1004999999999999,0.6643333333333331,0.781,-0.0556666666666669,0.3559322033898305,0.7627118644067796,0.0,0.0,0.0,0.0,False,False,False,0,0.0,0.0,0.0,0.0,0.016064659999999998,0.9814444444444443,0.018555555555555634,weak_rules_v2,False,normal,keep_monitoring,0.003704,0.000119,train
synthetic_low_usage_normal_0198_1773420000000,1773420000000,synthetic_scenario,low_usage_normal,low_usage_normal_0198,2026-03-13T19:40:00+03:00,2026-03-13,synthetic_hourly_summary,19,Friday,True,176,22.139,52.381,40.0,4,58,0,8,0,0.0236,2.873,3.809,0.002084,2.049,2.42,0.001486,5.105,7.067,0.003704,0.000119,0.032,21.0,34.0,82.0,0,0,3,0,0.002649,0.003541,3.369,4.316,False,False,True,False,False,evening,0.003562,5.108,7.816,0.00014199999999999977,-0.0029999999999992255,0.03027133333333333,33.661,0.039830666666666646,49.05350000000004,0.003541,4.316,0.0461390013907255,49.457844807473364,0.002,3.0,0.002649,3.369,0.002,3.0,0.08149999999999998,0.2630000000000002,0.5275,0.5786666666666668,0.022727272727272728,0.32954545454545453,0.045454545454545456,0.0,0.0,0.0,False,False,False,0,0.0,0.0,0.0,60.0,0.024922610000000005,0.8071111111111111,0.19288888888888892,weak_rules_v2,False,normal,keep_monitoring,0.018598,0.000595,train
synthetic_smoke_gas_0175_1773434400000,1773434400000,synthetic_scenario,smoke_gas,smoke_gas_0175,2026-03-13T23:40:00+03:00,2026-03-13,synthetic_hourly_summary,23,Friday,True,125,26.091,60.166,373.287,115,61,10,1,0,0.9203,22.148,31.279,0.011312,14.266,19.179,0.007286,36.415,63.92,0.018598,0.000595,0.032,72.0,36.0,34.0,1,1,1,0,0.015182,0.021611,31.065,26.402,True,False,False,False,True,night,0.003704,5.105,7.067,0.014894000000000001,31.31,0.008621333333333333,15.542666666666676,0.020273166666666648,26.1251666666667,0.021611,26.402,0.008640338496457695,18.075970965164384,0.0043222,5.2804,0.015182,31.065,0.00273276,5.5917,-0.697098699736245,1.8962578592530865,1.2500182965207338,0.9567752204159732,0.92,0.488,0.008,0.08,0.0,0.0,False,False,False,2,60.0,60.0,0.0,0.0,0.014511377499999997,0.6810749265280089,0.31892507347199106,weak_rules_v2,False,smoke_gas_safety,check_smoke_gas_sensor,0.301366,0.009644,train
synthetic_high_energy_0184_1773438000000,1773438000000,synthetic_scenario,high_energy,high_energy_0184,2026-03-14T00:40:00+03:00,2026-03-14,synthetic_hourly_summary,0,Saturday,True,98,27.106,75.538,351.999,39,51,0,1,0,0.4034,85.508,120.767,0.082882,225.405,341.145,0.218484,310.913,408.638,0.301366,0.009644,0.032,57.0,5.0,22.0,1,1,2,0,0.161147,0.121946,146.008,106.612,True,False,False,False,True,night,0.018598,36.415,63.92,0.282768,274.498,0.10788933333333334,117.47766666666668,0.07006916666666665,77.1606666666667,0.121946,106.612,0.1677211173863726,168.24981474383085,0.0243892,21.322400000000002,0.161147,146.008,0.02900646,26.28144,7.356534859691996,9.581519903950774,4.834061102251016,6.274580083891903,0.3979591836734694,0.5204081632653061,0.01020408163265306,0.0,0.0,0.0,False,False,False,2,120.0,120.0,60.0,0.0,0.5966,0.0,1.0,weak_rules_v2,True,unusual_same_hour_usage,review_unusual_usage,0.046278,0.001481,train
synthetic_smoke_gas_0175_1773438000000,1773438000000,synthetic_scenario,smoke_gas,smoke_gas_0175,2026-03-14T00:40:00+03:00,2026-03-14,synthetic_hourly_summary,0,Saturday,True,132,29.714,54.6,399.752,132,29,18,10,0,1.0,17.206,22.36,0.012685,33.964,52.615,0.02504,62.771,81.33,0.046278,0.001481,0.032,65.0,40.0,79.0,1,1,2,0,0.022092,0.03442,71.428,33.969,True,False,False,False,True,night,0.301366,310.913,408.638,-0.25508800000000004,-248.142,0.12208066666666667,136.69966666666667,0.07617599999999998,85.18033333333337,0.03442,33.969,0.15588126462578297,151.44759429364794,0.006884,6.793800000000001,0.022092,71.428,0.00397656,12.85704,1.7225450319581639,4.239453619476581,6.082141348301044,-0.6733276088430927,1.0,0.2196969696969697,0.07575757575757576,0.13636363636363635,0.0,0.0,False,False,False,2,180.0,180.0,0.0,0.0,0.0,0.775557463718969,0.22444253628103092,weak_rules_v2,False,smoke_gas_safety,check_smoke_gas_sensor,0.004771,0.000153,train
synthetic_smoke_gas_0175_1773441600000,1773441600000,synthetic_scenario,smoke_gas,smoke_gas_0175,2026-03-14T01:40:00+03:00,2026-03-14,synthetic_hourly_summary,1,Saturday,True,98,29.361,44.832,115.652,86,93,12,1,0,0.8791,5.373,8.539,0.004088,0.0,0.0,0.0,6.271,11.353,0.004771,0.000153,0.032,45.0,19.0,53.0,0,0,2,0,0.006101,0.004025,4.619,6.099,True,False,False,False,True,night,0.046278,62.771,81.33,-0.041507,-56.5,0.11747166666666668,126.65166666666669,0.06304649999999999,71.0971666666667,0.004025,6.099,0.16060371146500127,162.05629182889936,0.002,3.0,0.006101,4.619,0.002,3.0,0.37300000000000005,0.057333333333333236,-0.6649999999999998,0.5506666666666667,0.8775510204081632,0.9489795918367347,0.01020408163265306,0.12244897959183673,0.0,0.0,False,False,False,0,0.0,0.0,0.0,0.0,0.0037908195,0.8164444444444444,0.18355555555555558,weak_rules_v2,False,smoke_gas_safety,check_smoke_gas_sensor,0.143511,0.004592,train
synthetic_high_energy_0184_1773441600000,1773441600000,synthetic_scenario,high_energy,high_energy_0184,2026-03-14T01:40:00+03:00,2026-03-14,synthetic_hourly_summary,1,Saturday,True,104,25.873,63.651,492.802,87,90,0,5,0,0.8424,121.008,131.901,0.042353,284.619,353.991,0.099617,410.032,433.473,0.143511,0.004592,0.032,68.0,69.0,75.0,1,1,0,0,0.054336,0.072076,211.908,224.448,True,False,False,False,True,night,0.004771,6.271,11.353,0.13874,403.76099999999997,0.06485333333333333,159.69133333333335,0.08637133333333331,138.58450000000002,0.072076,224.448,0.07121080786182234,218.63416828193476,0.014415200000000001,44.8896,0.054336,211.908,0.00978048,38.14344,4.955533048448859,4.134231536926147,9.117650667451905,5.194182800502524,0.8365384615384616,0.8653846153846154,0.04807692307692308,0.0,0.0,0.0,False,False,False,2,60.0,60.0,60.0,0.0,0.15759999999999996,0.0,1.0,weak_rules_v2,True,unusual_same_hour_usage,review_unusual_usage,0.035609,0.001139,train
synthetic_smoke_gas_0215_1773445200000,1773445200000,synthetic_scenario,smoke_gas,smoke_gas_0215,2026-03-14T02:40:00+03:00,2026-03-14,synthetic_hourly_summary,2,Saturday,True,80,24.189,50.818,862.593,71,58,11,1,0,0.8934,47.564,82.968,0.026495,13.192,21.019,0.007349,63.923,69.492,0.035609,0.001139,0.032,44.0,19.0,77.0,1,1,0,0,0.036784,0.032336,34.18,48.361,True,False,False,False,True,night,0.143511,410.032,433.473,-0.107902,-346.109,0.06129700000000001,160.07533333333333,0.09168883333333333,148.38750000000002,0.032336,48.361,0.07284985866836012,218.37969155654875,0.006467199999999999,9.6722,0.036784,34.18,0.0066211199999999994,6.1524,0.5060922810489865,1.608941088893944,-0.17746242327581974,4.834373577790781,0.8875,0.725,0.0125,0.1375,0.0,0.0,False,False,False,2,120.0,120.0,0.0,0.0,0.034070959000000005,0.0,1.0,weak_rules_v2,False,smoke_gas_safety,check_smoke_gas_sensor,0.050192,0.001606,train
synthetic_smoke_gas_0175_1773445200000,1773445200000,synthetic_scenario,smoke_gas,smoke_gas_0175,2026-03-14T02:40:00+03:00,2026-03-14,synthetic_hourly_summary,2,Saturday,True,136,26.946,54.364,479.243,69,28,19,11,0,0.5124,19.321,30.567,0.018204,33.95,36.091,0.031988,53.271,75.918,0.050192,0.001606,0.032,79.0,32.0,46.0,1,1,0,0,0.046836,0.039409,33.717,46.496,True,False,False,False,True,night,0.035609,63.923,69.492,0.014582999999999999,-10.652000000000001,0.07643733333333334,175.742,0.0969545,151.19683333333336,0.039409,46.496,0.05854334754977185,202.9709815490875,0.0078818,9.2992,0.046836,33.717,0.00843048,6.0690599999999995,1.3680885077012868,0.7285572952512042,0.3980793501674872,3.2219157497207154,0.5073529411764706,0.20588235294117646,0.08088235294117647,0.13970588235294118,0.0,0.0,False,False,False,2,180.0,180.0,0.0,0.0,0.129874698,0.0,1.0,weak_rules_v2,False,smoke_gas_safety,check_smoke_gas_sensor,0.24384,0.007803,train
synthetic_high_energy_0184_1773445200000,1773445200000,synthetic_scenario,high_energy,high_energy_0184,2026-03-14T02:40:00+03:00,2026-03-14,synthetic_hourly_summary,2,Saturday,True,166,27.256,57.34,374.277,120,30,0,14,0,0.7253,96.288,134.765,0.073084,220.308,259.408,0.167217,321.257,403.126,0.24384,0.007803,0.032,32.0,23.0,37.0,1,1,2,0,0.093651,0.085878,107.741,151.548,True,False,False,False,True,night,0.050192,53.271,75.918,0.193648,267.986,0.10988033333333334,146.15033333333335,0.08736683333333332,152.92083333333338,0.085878,151.548,0.11624138760498937,151.74032031511393,0.0171756,30.309600000000003,0.093651,107.741,0.01685718,19.39338,9.196883951652344,5.5991830971045475,8.909497318056758,11.009736312081753,0.7228915662650602,0.18072289156626506,0.08433734939759036,0.0,0.0,0.0,False,False,False,2,240.0,240.0,60.0,0.0,0.27470000000000006,0.0,1.0,weak_rules_v2,True,unusual_same_hour_usage,review_unusual_usage,0.056876,0.00182,train
synthetic_smoke_gas_0215_1773448800000,1773448800000,synthetic_scenario,smoke_gas,smoke_gas_0215,2026-03-14T03:40:00+03:00,2026-03-14,synthetic_hourly_summary,3,Saturday,True,84,26.195,71.214,367.908,67,38,6,1,0,0.8049,11.608,20.071,0.009543,55.739,90.015,0.04582,69.19,87.271,0.056876,0.00182,0.032,79.0,55.0,32.0,1,1,2,0,0.057047,0.06594,52.648,51.718,True,False,False,False,True,night,0.24384,321.257,403.126,-0.186964,-252.067,0.11696933333333333,147.90600000000003,0.08913316666666665,153.9906666666667,0.06594,51.718,0.109924035175813,150.33722273941356,0.013188,10.343600000000002,0.057047,52.648,0.01026846,9.47664,-0.687291477100394,1.6891604470397146,-0.01665293529896377,1.745555386719343,0.7976190476190477,0.4523809523809524,0.011904761904761904,0.07142857142857142,0.0,0.0,False,False,False,2,300.0,300.0,0.0,0.0,0.06749484500000001,0.4181482044268857,0.5818517955731143,weak_rules_v2,False,smoke_gas_safety,check_smoke_gas_sensor,0.245508,0.007856,train
synthetic_high_energy_0184_1773448800000,1773448800000,synthetic_scenario,high_energy,high_energy_0184,2026-03-14T03:40:00+03:00,2026-03-14,synthetic_hourly_summary,3,Saturday,True,156,25.695,42.817,452.284,156,39,0,18,0,1.0,83.779,142.44,0.05563,284.266,436.902,0.188755,369.735,369.735,0.245508,0.007856,0.032,32.0,76.0,9.0,1,1,3,0,0.097333,0.108084,170.013,238.971,True,False,False,False,True,night,0.056876,69.19,87.271,0.188632,300.545,0.1820746666666667,253.394,0.129256,214.568,0.108084,238.971,0.10842843334353483,161.3563272171252,0.021616800000000002,47.794200000000004,0.097333,170.013,0.01751994,30.602339999999998,6.35727767292106,2.7359805164643407,8.45750613301187,6.52636367022914,1.0,0.25,0.11538461538461539,0.0,0.0,0.0,False,False,False,2,360.0,360.0,60.0,0.0,0.0,0.0,1.0,weak_rules_v2,True,unusual_same_hour_usage,review_unusual_usage,0.018228,0.000583,train
synthetic_smoke_gas_0215_1773452400000,1773452400000,synthetic_scenario,smoke_gas,smoke_gas_0215,2026-03-14T04:40:00+03:00,2026-03-14,synthetic_hourly_summary,4,Saturday,True,67,29.902,36.583,93.296,67,14,7,4,0,1.0,23.285,30.416,0.018228,0.0,0.0,0.0,23.285,29.141,0.018228,0.000583,0.032,38.0,52.0,38.0,0,1,0,0,0.022123,0.0109,18.298,12.876,True,False,False,False,True,night,0.245508,369.735,369.735,-0.22728,-346.45,0.10687066666666667,154.07000000000002,0.1083755,150.11016666666671,0.0109,12.876,0.12160859188944413,188.17641038397997,0.00218,3.0,0.022123,18.298,0.00398214,3.2936399999999995,3.3614678899082575,3.469666666666667,-0.9781172937164436,1.5141302631738753,1.0,0.208955223880597,0.05970149253731343,0.1044776119402985,0.0,0.0,False,False,False,1,0.0,420.0,0.0,0.0,0.0,0.4952899122753749,0.5047100877246251,weak_rules_v2,False,smoke_gas_safety,check_smoke_gas_sensor,0.038151,0.001221,train
synthetic_smoke_gas_0215_1773456000000,1773456000000,synthetic_scenario,smoke_gas,smoke_gas_0215,2026-03-14T05:40:00+03:00,2026-03-14,synthetic_hourly_summary,5,Saturday,True,135,24.128,38.721,40.519,75,108,8,12,0,0.5608,5.509,7.072,0.004984,29.804,43.938,0.026967,42.165,81.96,0.038151,0.001221,0.032,31.0,63.0,12.0,1,0,3,0,0.02617,0.034631,20.013,39.888,True,True,False,False,True,morning,0.018228,23.285,29.141,0.019922999999999996,18.88,0.10062900000000001,145.0616666666667,0.10879916666666666,146.48383333333337,0.034631,39.888,0.12586371583184744,194.8016776964033,0.0069262,7.9776,0.02617,20.013,0.0047106,3.6023400000000003,0.5082151829285892,0.2854241877256319,2.5434127287394386,6.149336264761237,0.5555555555555556,0.8,0.08888888888888889,0.05925925925925926,0.0,0.0,False,False,False,1,60.0,0.0,0.0,0.0,0.09259434,0.0,1.0,weak_rules_v2,False,smoke_gas_safety,check_smoke_gas_sensor,0.084934,0.002718,train
synthetic_power_spike_0219_1773463200000,1773463200000,synthetic_scenario,power_spike,power_spike_0219,2026-03-14T07:40:00+03:00,2026-03-14,synthetic_hourly_summary,7,Saturday,True,170,28.16,68.293,179.013,27,89,0,2,0,0.1635,63.49,108.6,0.027277,127.414,220.168,0.054741,197.691,219.677,0.084934,0.002718,0.032,13.0,25.0,80.0,1,1,3,0,0.030568,0.044199,84.663,105.011,False,True,False,False,False,morning,0.038151,42.165,81.96,0.046783,155.526,0.04710433333333333,87.7136666666667,0.11458949999999997,170.5538333333334,0.044199,105.011,0.034242433358822204,95.709842677404,0.0088398,21.002200000000002,0.030568,84.663,0.00550224,15.239339999999999,4.608135930677164,4.412871032558494,9.880703131815405,7.416856635523587,0.1588235294117647,0.5235294117647059,0.011764705882352941,0.0,0.0,0.0,False,False,False,2,120.0,60.0,60.0,60.0,0.8268426075,0.0,1.0,weak_rules_v2,True,ac_running_empty_room,turn_off_or_adjust_ac,0.312698,0.010006,train
synthetic_power_spike_0219_1773466800000,1773466800000,synthetic_scenario,power_spike,power_spike_0219,2026-03-14T08:40:00+03:00,2026-03-14,synthetic_hourly_summary,8,Saturday,True,178,28.252,62.704,732.256,88,139,0,0,0,0.4979,115.509,148.411,0.113441,201.003,203.475,0.197405,318.397,457.391,0.312698,0.010006,0.032,31.0,41.0,86.0,1,1,2,0,0.158782,0.220291,127.653,161.238,False,True,False,False,False,morning,0.084934,197.691,219.677,0.22776399999999997,120.70599999999999,0.145261,186.08433333333335,0.12606583333333332,170.0771666666667,0.220291,161.238,0.14687928376391288,138.481282090156,0.0440582,32.2476,0.158782,127.653,0.02858076,22.97754,2.0973848228025656,4.873509966633176,5.385301160640934,8.30132381447274,0.4943820224719101,0.7808988764044944,0.0,0.0,0.0,0.0,False,False,False,2,180.0,120.0,120.0,0.0,0.5021,0.0,1.0,weak_rules_v2,True,unusual_same_hour_usage,review_unusual_usage,0.095073,0.003042,train
synthetic_power_spike_0219_1773470400000,1773470400000,synthetic_scenario,power_spike,power_spike_0219,2026-03-14T09:40:00+03:00,2026-03-14,synthetic_hourly_summary,9,Saturday,True,156,25.43,42.36,337.056,80,96,0,3,0,0.5171,79.965,156.115,0.032055,157.203,241.093,0.063017,237.168,328.14,0.095073,0.003042,0.032,77.0,48.0,48.0,1,1,1,0,0.037492,0.052637,109.299,131.009,False,True,False,False,False,morning,0.312698,318.397,457.391,-0.21762499999999996,-81.22899999999998,0.164235,251.08533333333335,0.13243199999999997,198.07350000000005,0.052637,131.009,0.12867263348124977,61.54472954147509,0.010527400000000001,26.2018,0.037492,109.299,0.006748559999999999,19.67382,4.03100480650493,4.051591875367342,8.532338750785355,6.499449522258514,0.5128205128205128,0.6153846153846154,0.019230769230769232,0.0,0.0,0.0,False,False,False,2,240.0,180.0,180.0,0.0,0.4829,0.0,1.0,weak_rules_v2,True,unusual_same_hour_usage,review_unusual_usage,0.151483,0.004847,train
synthetic_power_spike_0219_1773474000000,1773474000000,synthetic_scenario,power_spike,power_spike_0219,2026-03-14T10:40:00+03:00,2026-03-14,synthetic_hourly_summary,10,Saturday,True,131,29.727,38.195,339.886,18,85,0,14,0,0.1392,50.0,60.559,0.037855,150.085,251.13,0.113628,200.085,315.734,0.151483,0.004847,0.032,33.0,12.0,36.0,1,1,0,0,0.063855,0.06885,94.425,88.897,False,True,False,False,False,morning,0.095073,237.168,328.14,0.05641,-37.083,0.18641799999999997,251.88333333333335,0.11676116666666665,169.79850000000005,0.06885,88.897,0.11294025334219877,60.51312347196529,0.01377,17.779400000000003,0.063855,94.425,0.011493899999999998,16.996499999999997,6.00094408133624,6.253754344916025,7.623870052810624,6.216574000529523,0.13740458015267176,0.648854961832061,0.10687022900763359,0.0,0.0,0.0,False,False,False,2,300.0,240.0,240.0,60.0,0.8608,0.0,1.0,weak_rules_v2,True,ac_running_empty_room,turn_off_or_adjust_ac,0.258687,0.008278,train
synthetic_power_spike_0019_1773492000000,1773492000000,synthetic_scenario,power_spike,power_spike_0019,2026-03-14T15:40:00+03:00,2026-03-14,synthetic_hourly_summary,15,Saturday,True,105,24.732,52.704,168.284,74,68,0,8,0,0.7105,246.431,397.206,0.175696,115.757,158.261,0.082531,362.834,362.834,0.258687,0.008278,0.032,8.0,35.0,41.0,1,1,0,0,0.138984,0.118432,195.975,140.364,False,False,False,False,False,afternoon,0.151483,200.085,315.734,0.107204,162.749,0.16841433333333333,266.69566666666674,0.15683766666666665,226.39000000000001,0.118432,140.364,0.08311069597430512,85.29784038493182,0.0236864,28.0728,0.138984,195.975,0.025017119999999997,35.2755,5.921330383680087,7.924752785614545,4.784843339281261,4.730166829669318,0.7047619047619048,0.6476190476190476,0.0761904761904762,0.0,0.0,0.0,False,False,False,2,360.0,300.0,300.0,0.0,0.2895,0.0,1.0,weak_rules_v2,True,unusual_same_hour_usage,review_unusual_usage,0.10552,0.003377,train
synthetic_power_spike_0019_1773495600000,1773495600000,synthetic_scenario,power_spike,power_spike_0019,2026-03-14T16:40:00+03:00,2026-03-14,synthetic_hourly_summary,16,Saturday,True,114,28.513,64.129,579.651,48,63,0,6,0,0.4248,105.344,162.799,0.070933,50.349,67.966,0.033902,156.71,212.803,0.10552,0.003377,0.032,49.0,5.0,59.0,1,1,1,0,0.046317,0.0545,67.058,120.546,False,False,False,False,False,afternoon,0.258687,362.834,362.834,-0.153167,-206.124,0.17189666666666667,239.87633333333338,0.16806583333333328,245.48083333333338,0.0545,120.546,0.0785975242124927,108.67055029000878,0.0109,24.1092,0.046317,67.058,0.008337059999999999,12.070440000000001,4.680733944954128,1.500008295588406,7.101184350358522,7.427401155218864,0.42105263157894735,0.5526315789473685,0.05263157894736842,0.0,0.0,0.0,False,False,False,2,420.0,360.0,360.0,0.0,0.45069796,0.0,1.0,weak_rules_v2,True,unusual_same_hour_usage,review_unusual_usage,0.163433,0.00523,train
synthetic_power_spike_0019_1773499200000,1773499200000,synthetic_scenario,power_spike,power_spike_0019,2026-03-14T17:40:00+03:00,2026-03-14,synthetic_hourly_summary,17,Saturday,True,111,22.704,32.262,429.285,48,45,0,3,0,0.4348,154.616,189.641,0.12617,40.0,56.985,0.032641,200.281,293.558,0.163433,0.00523,0.032,5.0,79.0,14.0,1,1,2,0,0.079741,0.081334,77.063,99.004,False,False,True,False,False,evening,0.10552,156.71,212.803,0.05791299999999999,43.571,0.17588,239.94166666666672,0.18114899999999998,245.91250000000005,0.081334,99.004,0.07733840138637496,108.63471914785497,0.0162668,19.800800000000002,0.079741,77.063,0.01435338,13.87134,5.047028303046695,5.114793341683164,5.830821729794653,8.882919746758425,0.43243243243243246,0.40540540540540543,0.02702702702702703,0.0,0.0,0.0,False,False,False,2,480.0,420.0,420.0,0.0,0.5651999999999999,0.0,1.0,weak_rules_v2,True,unusual_same_hour_usage,review_unusual_usage,0.207065,0.006626,train
synthetic_power_spike_0019_1773502800000,1773502800000,synthetic_scenario,power_spike,power_spike_0019,2026-03-14T18:40:00+03:00,2026-03-14,synthetic_hourly_summary,18,Saturday,True,68,27.483,49.413,646.09,0,56,0,2,0,0.0,69.676,106.512,0.057068,182.289,200.253,0.149303,252.811,374.445,0.207065,0.006626,0.032,44.0,68.0,88.0,1,1,1,0,0.079946,0.11357,113.239,104.576,False,False,True,False,False,evening,0.163433,200.281,293.558,0.043632000000000004,52.53,0.15867266666666666,203.26733333333337,0.16354349999999998,234.98150000000007,0.11357,104.576,0.05093959497614189,48.12004977484286,0.022714,20.9152,0.079946,113.239,0.01439028,20.38302,4.1161838513691995,7.087429238066097,8.83367106129971,6.847464212859528,0.0,0.8235294117647058,0.029411764705882353,0.0,0.0,60.0,False,False,False,2,540.0,480.0,480.0,60.0,1.0,0.0,1.0,weak_rules_v2,True,ac_running_empty_room,turn_off_or_adjust_ac,0.003577,0.000114,train
synthetic_low_usage_normal_0168_1773513600000,1773513600000,synthetic_scenario,low_usage_normal,low_usage_normal_0168,2026-03-14T21:40:00+03:00,2026-03-14,synthetic_hourly_summary,21,Saturday,True,141,28.579,60.736,644.551,18,107,0,3,0,0.1307,4.521,7.124,0.002607,1.534,2.3,0.000885,6.204,8.075,0.003577,0.000114,0.032,55.0,77.0,53.0,0,0,3,0,0.002,0.003488,4.51,7.568,False,False,True,False,False,evening,0.207065,252.811,374.445,-0.203488,-246.607,0.12469166666666666,153.09866666666673,0.14829416666666664,196.48750000000004,0.003488,7.568,0.10713314014502413,129.89758483641407,0.002,3.0,0.002,4.51,0.002,3.0,0.04449999999999983,-0.4546666666666666,0.7884999999999999,0.5646666666666667,0.1276595744680851,0.7588652482269503,0.02127659574468085,0.0,0.0,0.0,False,False,False,0,0.0,0.0,0.0,120.0,0.026965686,0.8117777777777778,0.1882222222222222,weak_rules_v2,False,normal,keep_monitoring,0.006739,0.000216,train
synthetic_low_usage_normal_0168_1773517200000,1773517200000,synthetic_scenario,low_usage_normal,low_usage_normal_0168,2026-03-14T22:40:00+03:00,2026-03-14,synthetic_hourly_summary,22,Saturday,True,48,25.078,38.308,543.871,8,11,0,1,0,0.1672,2.853,4.349,0.00284,0.069,0.102,6.9e-05,6.771,9.091,0.006739,0.000216,0.032,23.0,29.0,17.0,0,0,3,0,0.005514,0.00645,6.046,7.987,False,False,False,False,False,night,0.003577,6.204,8.075,0.0031620000000000003,0.5670000000000002,0.07246033333333333,88.59533333333341,0.12417016666666664,164.26850000000005,0.00645,7.987,0.1165817814983687,142.21522160561238,0.002,3.0,0.005514,6.046,0.002,3.0,0.1445000000000001,-0.4053333333333334,0.6125000000000002,0.24166666666666656,0.16666666666666666,0.22916666666666666,0.020833333333333332,0.0,0.0,0.0,False,False,False,0,0.0,0.0,0.0,180.0,0.028194443999999996,0.9194444444444445,0.08055555555555552,weak_rules_v2,False,normal,keep_monitoring,0.002802,9e-05,train
synthetic_low_usage_normal_0168_1773520800000,1773520800000,synthetic_scenario,low_usage_normal,low_usage_normal_0168,2026-03-14T23:40:00+03:00,2026-03-14,synthetic_hourly_summary,23,Saturday,True,153,24.342,64.669,198.495,23,14,0,18,0,0.1561,0.0,0.0,0.0,5.377,7.515,0.002802,5.377,6.532,0.002802,9e-05,0.032,41.0,7.0,52.0,0,0,0,0,0.002,0.002944,1.12,5.56,True,False,False,False,True,night,0.006739,6.771,9.091,-0.003937,-1.3940000000000001,0.004372666666666667,6.117333333333391,0.08152266666666665,104.69233333333337,0.002944,5.56,0.002085618932927319,0.7010294811966682,0.002,3.0,0.002,1.12,0.002,3.0,-0.0710000000000001,-0.06099999999999994,0.40099999999999986,1.4189999999999998,0.1503267973856209,0.0915032679738562,0.11764705882352941,0.0,0.0,0.0,False,False,False,0,0.0,0.0,0.0,240.0,0.0226882515,0.5270000000000001,0.4729999999999999,weak_rules_v2,False,normal,keep_monitoring,0.003592,0.000115,train
synthetic_low_usage_normal_0168_1773524400000,1773524400000,synthetic_scenario,low_usage_normal,low_usage_normal_0168,2026-03-15T00:40:00+03:00,2026-03-15,synthetic_hourly_summary,0,Sunday,False,50,27.274,44.919,325.804,14,37,0,0,0,0.291,0.495,0.899,0.000327,2.846,5.012,0.00188,5.436,7.393,0.003592,0.000115,0.032,74.0,78.0,7.0,0,0,0,0,0.003766,0.002,3.159,5.689,True,False,False,False,True,night,0.002802,5.377,6.532,0.0007900000000000003,0.05900000000000016,0.004377666666666667,5.86133333333339,0.06453466666666664,79.48000000000003,0.002,5.689,0.0020827737115166616,0.7883465820989354,0.002,3.0,0.003766,3.159,0.002,3.0,0.796,-0.08433333333333337,-0.08699999999999984,0.759,0.28,0.74,0.0,0.0,0.0,0.0,False,False,False,0,0.0,0.0,0.0,0.0,0.019270620000000002,0.747,0.253,weak_rules_v2,False,normal,keep_monitoring,0.111477,0.003567,train
synthetic_ac_left_on_0061_1773538800000,1773538800000,synthetic_scenario,ac_left_on,ac_left_on_0061,2026-03-15T04:40:00+03:00,2026-03-15,synthetic_hourly_summary,4,Sunday,False,150,25.882,35.542,448.921,0,94,0,14,0,0.0003,17.196,29.877,0.013896,114.634,168.352,0.09264,137.943,246.949,0.111477,0.003567,0.032,28.0,35.0,47.0,1,1,2,0,0.058634,0.129564,91.328,102.933,True,False,False,False,True,night,0.003592,5.436,7.393,0.10788500000000001,132.507,0.03929033333333334,49.58533333333339,0.05587533333333331,69.09033333333338,0.129564,102.933,0.06251673502617826,76.51998963887458,0.025912800000000003,20.586600000000004,0.058634,91.328,0.01055412,16.43904,-0.6979948133740855,1.7006207921657777,5.0068598803121445,2.835627871213892,0.0,0.6266666666666667,0.09333333333333334,0.0,0.0,60.0,False,False,False,2,60.0,60.0,60.0,60.0,0.6895080855000001,0.05479070959536936,0.9452092904046306,weak_rules_v2,True,ac_running_empty_room,turn_off_or_adjust_ac,0.207765,0.006648,train
synthetic_ac_left_on_0061_1773542400000,1773542400000,synthetic_scenario,ac_left_on,ac_left_on_0061,2026-03-15T05:40:00+03:00,2026-03-15,synthetic_hourly_summary,5,Sunday,False,90,26.127,45.882,47.541,7,80,0,5,0,0.0805,9.0,12.616,0.007705,233.69,315.148,0.20006,242.69,305.179,0.207765,0.006648,0.032,75.0,29.0,57.0,1,0,1,0,0.041553,0.18212,337.965,120.939,True,True,False,False,True,morning,0.111477,137.943,246.949,0.096288,104.74699999999999,0.10761133333333334,128.68966666666674,0.055991999999999986,67.40350000000005,0.18212,120.939,0.1021413775917154,118.89736440448715,0.036424000000000005,24.1878,0.041553,337.965,0.00747954,60.83369999999999,0.7040687458818361,5.033570643051456,22.22222222222222,-1.5661549437236266,0.07777777777777778,0.8888888888888888,0.05555555555555555,0.0,0.0,0.0,False,False,False,1,120.0,0.0,120.0,120.0,0.9195,0.4779483520921245,0.5220516479078755,weak_rules_v2,True,ac_running_empty_room,turn_off_or_adjust_ac,0.131262,0.0042,train
synthetic_ac_left_on_0061_1773546000000,1773546000000,synthetic_scenario,ac_left_on,ac_left_on_0061,2026-03-15T06:40:00+03:00,2026-03-15,synthetic_hourly_summary,6,Sunday,False,129,28.039,53.523,523.509,11,121,0,4,0,0.0859,0.0,0.0,0.0,136.55,140.549,0.129276,138.647,218.633,0.131262,0.0042,0.032,57.0,60.0,89.0,1,0,2,0,0.099837,0.096185,39.567,123.458,False,True,False,False,False,morning,0.207765,242.69,305.179,-0.07650300000000002,-104.043,0.150168,173.0933333333334,0.07727283333333332,89.47733333333338,0.096185,123.458,0.05085196518326548,60.27350920871766,0.019237000000000004,24.6916,0.099837,39.567,0.01797066,7.122059999999999,1.8234132141186243,0.6151484715449785,1.7486836877443563,13.911705321213244,0.08527131782945736,0.937984496124031,0.031007751937984496,0.0,0.0,0.0,False,False,False,1,180.0,0.0,180.0,180.0,0.6336861134999999,0.0,1.0,weak_rules_v2,True,ac_running_empty_room,turn_off_or_adjust_ac,0.13466,0.004309,train
synthetic_ac_left_on_0061_1773549600000,1773549600000,synthetic_scenario,ac_left_on,ac_left_on_0061,2026-03-15T07:40:00+03:00,2026-03-15,synthetic_hourly_summary,7,Sunday,False,104,29.491,57.835,497.663,5,30,0,2,0,0.0555,14.703,14.703,0.007983,227.857,406.503,0.12372,248.006,362.902,0.13466,0.004309,0.032,33.0,8.0,38.0,1,1,1,0,0.109026,0.084894,174.333,214.366,False,True,False,False,False,morning,0.131262,138.647,218.633,0.003398000000000012,109.35900000000001,0.15789566666666666,209.78100000000006,0.09859299999999999,129.68316666666672,0.084894,214.366,0.04322151554877937,61.66116631235586,0.0169788,42.873200000000004,0.109026,174.333,0.01962468,31.379939999999998,2.931066977642708,0.7846393551216141,1.306212381552209,2.3477737688472318,0.04807692307692308,0.28846153846153844,0.019230769230769232,0.0,0.0,0.0,False,False,False,2,240.0,60.0,240.0,240.0,0.9445,0.21740874371758945,0.7825912562824106,weak_rules_v2,True,ac_running_empty_room,turn_off_or_adjust_ac,0.207018,0.006625,train
synthetic_power_spike_0089_1773564000000,1773564000000,synthetic_scenario,power_spike,power_spike_0089,2026-03-15T11:40:00+03:00,2026-03-15,synthetic_hourly_summary,11,Sunday,False,53,24.816,48.857,508.153,37,34,0,4,0,0.7102,154.305,207.886,0.121038,109.563,139.238,0.085942,263.916,414.983,0.207018,0.006625,0.032,43.0,75.0,70.0,1,1,0,0,0.078337,0.118268,116.219,139.39,False,True,False,True,False,morning,0.13466,248.006,362.902,0.072358,15.909999999999997,0.15764666666666668,216.8563333333334,0.132629,172.77300000000002,0.118268,139.39,0.04279057159390813,68.19682463526682,0.0236536,27.878,0.078337,116.219,0.014100660000000001,20.91942,3.7520715662732105,4.4668197144701915,9.12588488765774,7.060281786015101,0.6981132075471698,0.6415094339622641,0.07547169811320754,0.0,0.0,0.0,False,False,False,2,300.0,120.0,300.0,0.0,0.28979999999999995,0.0,1.0,weak_rules_v2,True,unusual_same_hour_usage,review_unusual_usage,0.257028,0.008225,train
synthetic_power_spike_0089_1773567600000,1773567600000,synthetic_scenario,power_spike,power_spike_0089,2026-03-15T12:40:00+03:00,2026-03-15,synthetic_hourly_summary,12,Sunday,False,99,28.246,55.146,128.544,52,31,0,11,0,0.5306,83.687,111.886,0.065429,244.887,354.573,0.19146,328.752,429.428,0.257028,0.008225,0.032,63.0,42.0,30.0,1,1,3,0,0.09595,0.125835,211.028,144.832,False,False,False,True,False,afternoon,0.207018,263.916,414.983,0.05000999999999997,64.83600000000001,0.19956866666666664,280.22466666666674,0.17486833333333332,226.65900000000002,0.125835,144.832,0.061523176781871185,42.77217068764783,0.025167000000000002,28.9664,0.09595,211.028,0.017270999999999998,37.98504,5.212897842412682,6.349425541316837,9.326501071159749,3.0992201140238373,0.5252525252525253,0.31313131313131315,0.1111111111111111,0.0,0.0,0.0,False,False,False,2,360.0,180.0,360.0,0.0,0.46940000000000004,0.0,1.0,weak_rules_v2,True,unusual_same_hour_usage,review_unusual_usage,0.183508,0.005872,train
synthetic_power_spike_0089_1773571200000,1773571200000,synthetic_scenario,power_spike,power_spike_0089,2026-03-15T13:40:00+03:00,2026-03-15,synthetic_hourly_summary,13,Sunday,False,102,25.295,60.644,166.092,48,68,0,2,0,0.476,187.644,281.029,0.130292,71.254,91.911,0.049476,264.284,401.088,0.183508,0.005872,0.032,15.0,24.0,10.0,1,1,0,0,0.104344,0.082858,134.666,184.902,False,False,False,True,False,afternoon,0.257028,328.752,429.428,-0.07351999999999997,-64.46800000000002,0.2158513333333333,285.6506666666667,0.1868735,247.7158333333334,0.082858,184.902,0.0375475489657231,37.32730310822462,0.016571600000000002,36.980399999999996,0.104344,134.666,0.01878192,24.23988,6.0736440657510435,2.1465965754832292,4.214904546500038,5.347303699523265,0.47058823529411764,0.6666666666666666,0.0196078431372549,0.0,0.0,0.0,False,False,False,2,420.0,240.0,420.0,0.0,0.524,0.0,1.0,weak_rules_v2,True,unusual_same_hour_usage,review_unusual_usage,0.090823,0.002906,train
synthetic_routine_anomaly_0103_1773571200000,1773571200000,synthetic_scenario,routine_anomaly,routine_anomaly_0103,2026-03-15T13:40:00+03:00,2026-03-15,synthetic_hourly_summary,13,Sunday,False,89,30.391,48.319,620.315,39,30,0,2,13,0.4429,25.841,28.645,0.015006,127.028,170.519,0.073768,156.396,231.682,0.090823,0.002906,0.032,7.0,38.0,32.0,1,1,3,0,0.038372,0.033173,73.675,86.35,False,False,False,True,False,afternoon,0.183508,264.284,401.088,-0.092685,-107.888,0.17711966666666665,249.81066666666672,0.16738316666666664,233.33350000000004,0.033173,86.35,0.08328645513127195,87.08476168270374,0.006634600000000001,17.27,0.038372,73.675,0.00690696,13.2615,8.689295511409881,4.055935147654893,7.5939342344533625,6.237680503713757,0.43820224719101125,0.33707865168539325,0.02247191011235955,0.0,0.14606741573033707,0.0,False,False,False,2,480.0,300.0,480.0,0.0,0.4356410579999999,0.0,1.0,weak_rules_v2,True,unusual_same_hour_usage,review_unusual_usage,0.21146,0.006767,train
synthetic_routine_anomaly_0103_1773574800000,1773574800000,synthetic_scenario,routine_anomaly,routine_anomaly_0103,2026-03-15T14:40:00+03:00,2026-03-15,synthetic_hourly_summary,14,Sunday,False,160,27.238,61.558,511.621,62,113,0,14,0,0.3905,44.219,72.387,0.035887,208.5,208.5,0.169213,260.556,361.651,0.21146,0.006767,0.032,48.0,17.0,40.0,1,1,1,0,0.085108,0.09966,104.696,132.864,False,False,False,True,False,afternoon,0.090823,156.396,231.682,0.12063700000000001,104.16,0.16193033333333334,227.0786666666667,0.18074949999999998,253.65166666666673,0.09966,132.864,0.06314679893971964,61.24135874826197,0.019932000000000002,26.5728,0.085108,104.696,0.01531944,18.84528,5.60907084085892,4.805364884393063,8.247821069177464,8.270505930397425,0.3875,0.70625,0.0875,0.0,0.0,0.0,False,False,False,2,540.0,360.0,540.0,0.0,0.6094999999999999,0.0,1.0,weak_rules_v2,True,unusual_same_hour_usage,review_unusual_usage,0.191484,0.006127,train
synthetic_power_spike_0089_1773574800000,1773574800000,synthetic_scenario,power_spike,power_spike_0089,2026-03-15T14:40:00+03:00,2026-03-15,synthetic_hourly_summary,14,Sunday,False,163,25.334,28.124,40.0,60,156,0,17,0,0.3714,119.426,130.365,0.072287,196.634,248.808,0.11902,316.354,428.83,0.191484,0.006127,0.032,55.0,72.0,82.0,1,1,1,0,0.078127,0.072161,141.69,133.6,False,False,False,True,False,afternoon,0.21146,260.556,361.651,-0.01997600000000002,55.798,0.164589,244.43533333333338,0.19022016666666663,265.04300000000006,0.072161,133.6,0.06465931650582184,81.1883449845685,0.014432200000000001,26.72,0.078127,141.69,0.01406286,25.504199999999997,8.26783165421765,6.839595808383233,8.060735867384016,6.848440648991147,0.36809815950920244,0.9570552147239264,0.10429447852760736,0.0,0.0,0.0,False,False,False,2,600.0,420.0,600.0,0.0,0.6286,0.0,1.0,weak_rules_v2,True,unusual_same_hour_usage,review_unusual_usage,0.10914,0.003492,train
synthetic_routine_anomaly_0103_1773578400000,1773578400000,synthetic_scenario,routine_anomaly,routine_anomaly_0103,2026-03-15T15:40:00+03:00,2026-03-15,synthetic_hourly_summary,15,Sunday,False,109,31.114,59.32,683.279,5,44,0,6,16,0.0498,25.171,44.649,0.015052,156.419,231.941,0.093538,182.509,272.26,0.10914,0.003492,0.032,27.0,9.0,40.0,1,1,3,0,0.039233,0.070415,72.453,68.955,False,False,False,True,False,afternoon,0.191484,316.354,428.83,-0.08234399999999999,-133.845,0.17069466666666666,253.13966666666673,0.17390716666666664,251.47516666666672,0.070415,68.955,0.0542355315760192,67.22999707223927,0.014083000000000002,13.791,0.039233,72.453,0.007061939999999999,13.04154,2.7497692253071073,8.233920672902617,9.899121204654811,8.438880684336358,0.045871559633027525,0.4036697247706422,0.05504587155963303,0.0,0.14678899082568808,0.0,False,False,False,2,660.0,480.0,660.0,60.0,0.867100259,0.0,1.0,weak_rules_v2,True,ac_running_empty_room,turn_off_or_adjust_ac,0.132284,0.004233,train
synthetic_routine_anomaly_0103_1773582000000,1773582000000,synthetic_scenario,routine_anomaly,routine_anomaly_0103,2026-03-15T16:40:00+03:00,2026-03-15,synthetic_hourly_summary,16,Sunday,False,126,21.864,47.357,532.729,19,12,0,13,0,0.1515,13.382,21.35,0.01094,143.558,158.444,0.117371,161.799,262.75,0.132284,0.004233,0.032,55.0,72.0,34.0,1,1,2,0,0.038907,0.050752,77.855,74.569,False,False,False,True,False,afternoon,0.10914,182.509,272.26,0.023144000000000012,-20.70999999999998,0.14430266666666666,220.22066666666672,0.1531165,223.6496666666667,0.050752,74.569,0.0424672797025354,83.89540725411211,0.0101504,14.913800000000002,0.038907,77.855,0.007003259999999999,14.0139,8.032392812105929,5.848945272164036,13.33336189146198,5.9900527333575955,0.15079365079365079,0.09523809523809523,0.10317460317460317,0.0,0.0,0.0,False,False,False,2,720.0,540.0,720.0,120.0,0.6864322575,0.0,1.0,weak_rules_v2,True,ac_running_empty_room,turn_off_or_adjust_ac,0.001102,3.5e-05,train
synthetic_low_usage_normal_0218_1773585600000,1773585600000,synthetic_scenario,low_usage_normal,low_usage_normal_0218,2026-03-15T17:40:00+03:00,2026-03-15,synthetic_hourly_summary,17,Sunday,False,166,24.928,52.327,552.543,54,94,0,18,0,0.3303,0.138,0.151,6.8e-05,2.084,2.75,0.001033,2.222,2.666,0.001102,3.5e-05,0.032,49.0,63.0,55.0,0,0,1,0,0.002,0.002,1.766,1.939,False,False,True,True,False,evening,0.132284,161.799,262.75,-0.13118200000000002,-159.577,0.08084200000000001,115.51000000000005,0.12271549999999999,179.9726666666667,0.002,1.939,0.07001972496375605,98.65522912142104,0.002,3.0,0.002,1.766,0.002,3.0,-0.44900000000000007,0.09433333333333331,-0.44900000000000007,0.152,0.3253012048192771,0.5662650602409639,0.10843373493975904,0.0,0.0,0.0,False,False,False,0,0.0,0.0,0.0,0.0,0.007440367,0.9493333333333334,0.050666666666666665,weak_rules_v2,False,low_usage_normal,keep_monitoring,0.007875,0.000252,train
synthetic_low_usage_normal_0218_1773589200000,1773589200000,synthetic_scenario,low_usage_normal,low_usage_normal_0218,2026-03-15T18:40:00+03:00,2026-03-15,synthetic_hourly_summary,18,Sunday,False,59,26.411,51.192,245.909,0,32,0,2,0,0.0,0.463,0.62,0.000486,0.0,0.0,0.0,7.5,9.375,0.007875,0.000252,0.032,24.0,28.0,25.0,0,0,0,0,0.005807,0.004088,7.009,4.529,False,False,True,False,False,evening,0.001102,2.222,2.666,0.006773,5.2780000000000005,0.04708700000000001,57.173666666666726,0.10889083333333333,155.15666666666672,0.004088,4.529,0.07386044265369686,90.646619365167,0.002,3.0,0.005807,7.009,0.002,3.0,1.8935000000000002,0.9903333333333334,1.0340000000000003,0.16366666666666654,0.0,0.5423728813559322,0.03389830508474576,0.0,0.0,60.0,False,False,False,0,0.0,0.0,0.0,60.0,0.0375,0.9454444444444445,0.05455555555555552,weak_rules_v2,False,normal,keep_monitoring,0.007755,0.000248,train
synthetic_low_usage_normal_0218_1773592800000,1773592800000,synthetic_scenario,low_usage_normal,low_usage_normal_0218,2026-03-15T19:40:00+03:00,2026-03-15,synthetic_hourly_summary,19,Sunday,False,155,24.11,44.98,563.59,34,149,0,16,0,0.2231,0.657,0.89,0.000555,0.0,0.0,0.0,9.181,11.238,0.007755,0.000248,0.032,10.0,50.0,46.0,0,0,1,0,0.007489,0.009024,7.4,9.829,False,False,True,False,False,evening,0.007875,7.5,9.375,-0.00012000000000000031,1.6809999999999992,0.0055773333333333334,6.301000000000056,0.07493999999999999,113.26083333333337,0.009024,9.829,0.0038762167552103817,3.631132192605568,0.002,3.0,0.007489,7.4,0.002,3.0,-0.6345000000000005,-0.2160000000000005,0.13299999999999987,0.5936666666666662,0.21935483870967742,0.9612903225806452,0.1032258064516129,0.0,0.0,0.0,False,False,False,0,0.0,0.0,0.0,0.0,0.0356635945,0.8021111111111112,0.19788888888888875,weak_rules_v2,False,normal,keep_monitoring,0.15508,0.004963,train
synthetic_ac_left_on_0001_1773596400000,1773596400000,synthetic_scenario,ac_left_on,ac_left_on_0001,2026-03-15T20:40:00+03:00,2026-03-15,synthetic_hourly_summary,20,Sunday,False,112,26.783,47.767,365.651,2,71,0,5,0,0.0249,5.862,6.475,0.003119,281.458,401.977,0.149721,291.533,407.43,0.15508,0.004963,0.032,32.0,73.0,47.0,1,0,2,0,0.108345,0.094598,193.94,282.221,False,False,True,False,False,evening,0.007755,9.181,11.238,0.14732499999999998,282.35200000000003,0.056903333333333334,102.73800000000006,0.06887266666666665,109.12400000000004,0.094598,282.221,0.08502350856282852,163.5034264442189,0.0189196,56.4442,0.108345,193.94,0.019502099999999998,34.9092,3.19679062982304,0.1649770924204792,2.396408591895232,2.7956240761747626,0.017857142857142856,0.6339285714285714,0.044642857142857144,0.0,0.0,0.0,False,False,False,1,60.0,0.0,60.0,60.0,0.9751,0.06812530794174576,0.9318746920582542,weak_rules_v2,True,ac_running_empty_room,turn_off_or_adjust_ac,0.002866,9.2e-05,train
synthetic_low_usage_normal_0218_1773596400000,1773596400000,synthetic_scenario,low_usage_normal,low_usage_normal_0218,2026-03-15T20:40:00+03:00,2026-03-15,synthetic_hourly_summary,20,Sunday,False,60,27.213,39.326,439.296,25,45,0,0,0,0.4171,2.28,3.517,0.001453,0.392,0.458,0.00025,4.497,6.356,0.002866,9.2e-05,0.032,29.0,56.0,57.0,0,0,2,0,0.002499,0.002327,2.666,3.605,False,False,True,False,False,evening,0.15508,291.533,407.43,-0.152214,-287.036,0.055233666666666674,101.73700000000007,0.051160333333333315,79.45533333333337,0.002327,3.605,0.08650400736574794,164.38484168560097,0.002,3.0,0.002499,2.666,0.002,3.0,0.26949999999999996,0.2973333333333333,0.18350000000000005,0.6103333333333333,0.4166666666666667,0.75,0.0,0.0,0.0,0.0,False,False,False,0,0.0,0.0,0.0,0.0,0.013106506499999998,0.7965555555555556,0.20344444444444443,weak_rules_v2,False,low_usage_normal,keep_monitoring,0.289824,0.009274,train
synthetic_ac_left_on_0001_1773600000000,1773600000000,synthetic_scenario,ac_left_on,ac_left_on_0001,2026-03-15T21:40:00+03:00,2026-03-15,synthetic_hourly_summary,21,Sunday,False,119,23.819,52.721,284.691,5,82,0,6,0,0.0488,13.011,15.283,0.012534,284.755,416.975,0.274332,300.837,392.759,0.289824,0.009274,0.032,52.0,11.0,69.0,1,1,1,0,0.131235,0.194776,155.94,217.215,False,False,True,False,False,evening,0.002866,4.497,6.356,0.28695800000000005,296.34,0.14925666666666668,198.95566666666673,0.07741699999999999,102.62833333333337,0.194776,217.215,0.14356760375980848,168.47038578139885,0.0389552,43.443000000000005,0.131235,155.94,0.0236223,28.0692,2.4399309976588497,1.9248670671914918,6.713529165237934,5.162135009191569,0.04201680672268908,0.6890756302521008,0.05042016806722689,0.0,0.0,0.0,False,False,False,2,60.0,60.0,60.0,60.0,0.9512,0.0,1.0,weak_rules_v2,True,ac_running_empty_room,turn_off_or_adjust_ac,0.172186,0.00551,train
synthetic_ac_left_on_0001_1773603600000,1773603600000,synthetic_scenario,ac_left_on,ac_left_on_0001,2026-03-15T22:40:00+03:00,2026-03-15,synthetic_hourly_summary,22,Sunday,False,65,24.766,55.135,530.863,0,25,0,3,0,0.0075,4.327,5.854,0.00386,187.155,250.848,0.166919,193.06,328.895,0.172186,0.00551,0.032,45.0,40.0,73.0,1,0,1,0,0.1359,0.132286,94.809,89.785,False,False,False,False,False,night,0.289824,300.837,392.759,-0.11763800000000002,-107.77699999999999,0.1549586666666667,166.1313333333334,0.105931,134.43466666666671,0.132286,89.785,0.14425258819630715,149.99404560292845,0.0264572,17.957,0.1359,94.809,0.024461999999999998,17.06562,1.5080960948248499,5.751239071114329,1.4833619491456143,5.757247612451233,0.0,0.38461538461538464,0.046153846153846156,0.0,0.0,60.0,False,False,False,1,120.0,0.0,120.0,120.0,0.9580602500000001,0.0,1.0,weak_rules_v2,True,ac_running_empty_room,turn_off_or_adjust_ac,0.139777,0.004473,train
synthetic_ac_left_on_0001_1773607200000,1773607200000,synthetic_scenario,ac_left_on,ac_left_on_0001,2026-03-15T23:40:00+03:00,2026-03-15,synthetic_hourly_summary,23,Sunday,False,172,29.162,47.007,166.71,13,48,0,0,0,0.0773,7.06,10.481,0.00411,231.172,377.79,0.134574,240.11,331.832,0.139777,0.004473,0.032,39.0,65.0,86.0,1,0,1,0,0.120421,0.099103,106.513,130.719,True,False,False,False,True,night,0.172186,193.06,328.895,-0.03240899999999999,47.05000000000001,0.2005956666666667,244.66900000000007,0.12791466666666665,173.20300000000006,0.099103,130.719,0.07895478087065641,54.03294173927593,0.0198206,26.1438,0.120421,106.513,0.02167578,19.172340000000002,2.052107403408576,4.184204285528501,0.892978245765551,6.968215669031531,0.0755813953488372,0.27906976744186046,0.0,0.0,0.0,0.0,False,False,False,1,180.0,0.0,180.0,180.0,0.9227,0.0,1.0,weak_rules_v2,True,ac_running_empty_room,turn_off_or_adjust_ac,0.139473,0.004463,train
synthetic_ac_left_on_0071_1773618000000,1773618000000,synthetic_scenario,ac_left_on,ac_left_on_0071,2026-03-16T02:40:00+03:00,2026-03-16,synthetic_hourly_summary,2,Monday,False,116,28.372,45.716,40.0,4,63,0,10,0,0.0387,4.459,6.921,0.002247,270.73,353.268,0.13643,276.769,344.053,0.139473,0.004463,0.032,26.0,9.0,54.0,1,0,2,0,0.154079,0.122527,158.621,215.079,True,False,False,False,True,night,0.139777,240.11,331.832,-0.0003039999999999987,36.65899999999999,0.15047866666666668,236.6463333333334,0.14986766666666665,217.80100000000004,0.122527,215.079,0.01879971660247488,41.96185065429464,0.0245054,43.015800000000006,0.154079,158.621,0.027734219999999997,28.55178,0.6915210525027143,1.4341242055244814,-0.5266418164996161,4.138025720287842,0.034482758620689655,0.5431034482758621,0.08620689655172414,0.0,0.0,0.0,False,False,False,1,240.0,0.0,240.0,240.0,0.9613,0.0,1.0,weak_rules_v2,True,ac_running_empty_room,turn_off_or_adjust_ac,0.126618,0.004052,train
synthetic_ac_left_on_0071_1773621600000,1773621600000,synthetic_scenario,ac_left_on,ac_left_on_0071,2026-03-16T03:40:00+03:00,2026-03-16,synthetic_hourly_summary,3,Monday,False,60,27.746,48.419,298.324,4,24,0,3,0,0.0681,6.556,8.24,0.003357,240.4,252.666,0.123108,247.255,374.315,0.126618,0.004052,0.032,62.0,44.0,12.0,1,0,3,0,0.076188,0.101792,136.838,202.554,True,False,False,False,True,night,0.139473,276.769,344.053,-0.012855000000000005,-29.51400000000001,0.13528933333333337,254.71133333333339,0.145124,210.42133333333337,0.101792,202.554,0.007511133092508053,19.433688541635984,0.0203584,40.5108,0.076188,136.838,0.01371384,24.63084,1.2194475007859171,1.1034341459561399,3.6773070124779057,4.482875939269631,0.06666666666666667,0.4,0.05,0.0,0.0,0.0,False,False,False,1,300.0,0.0,300.0,300.0,0.9319,0.0,1.0,weak_rules_v2,True,ac_running_empty_room,turn_off_or_adjust_ac,0.181214,0.005799,train
synthetic_high_energy_0134_1773625200000,1773625200000,synthetic_scenario,high_energy,high_energy_0134,2026-03-16T04:40:00+03:00,2026-03-16,synthetic_hourly_summary,4,Monday,False,84,26.654,42.451,353.803,20,27,0,6,0,0.2495,112.943,155.685,0.057288,244.319,256.772,0.123926,357.262,480.558,0.181214,0.005799,0.032,71.0,29.0,34.0,1,1,0,0,0.072368,0.097208,151.097,196.205,True,False,False,False,True,night,0.126618,247.255,374.315,0.05459599999999998,110.007,0.1491016666666667,293.762,0.17484866666666665,269.2155,0.097208,196.205,0.028543199195839437,56.93818182028601,0.019441600000000003,39.24100000000001,0.072368,151.097,0.01302624,27.19746,4.32094066331989,4.104304171657194,8.355903161618395,7.580303454807912,0.23809523809523808,0.32142857142857145,0.07142857142857142,0.0,0.0,0.0,False,False,False,2,360.0,60.0,360.0,0.0,0.7505,0.0,1.0,weak_rules_v2,True,unusual_same_hour_usage,review_unusual_usage,0.063548,0.002034,train
synthetic_ac_left_on_0071_1773625200000,1773625200000,synthetic_scenario,ac_left_on,ac_left_on_0071,2026-03-16T04:40:00+03:00,2026-03-16,synthetic_hourly_summary,4,Monday,False,95,25.159,41.062,456.146,13,75,0,6,0,0.1378,7.415,10.496,0.004837,90.0,129.84,0.058711,97.415,108.448,0.063548,0.002034,0.032,59.0,51.0,12.0,1,0,2,0,0.041014,0.061155,70.32,60.185,True,False,False,False,True,night,0.181214,357.262,480.558,-0.11766599999999999,-259.847,0.12379333333333335,233.97733333333338,0.13713599999999998,235.31183333333334,0.061155,60.185,0.05888383432940971,130.43135426857043,0.012231,12.037,0.041014,70.32,0.00738252,12.657599999999999,0.1956503965333981,3.092963362964194,3.052345269636925,2.1406111743142473,0.1368421052631579,0.7894736842105263,0.06315789473684211,0.0,0.0,0.0,False,False,False,1,420.0,0.0,0.0,60.0,0.419956065,0.2864629418952509,0.7135370581047491,weak_rules_v2,True,ac_running_empty_room,turn_off_or_adjust_ac,0.100744,0.003224,train
synthetic_ac_left_on_0071_1773628800000,1773628800000,synthetic_scenario,ac_left_on,ac_left_on_0071,2026-03-16T05:40:00+03:00,2026-03-16,synthetic_hourly_summary,5,Monday,False,57,31.384,45.576,355.276,1,13,0,2,8,0.024,0.0,0.0,0.0,195.247,285.502,0.098495,199.705,249.704,0.100744,0.003224,0.032,67.0,32.0,54.0,1,0,2,0,0.113168,0.117278,137.385,177.297,True,True,False,False,True,morning,0.063548,97.415,108.448,0.03719600000000001,102.29,0.11516866666666668,218.12733333333338,0.12522899999999998,236.41933333333338,0.117278,177.297,0.06014461858997336,130.89939887689837,0.0234556,35.4594,0.113168,137.385,0.02037024,24.7293,-0.7049062910349764,0.6319339864746728,-0.6099093579653457,2.5200875075315525,0.017543859649122806,0.22807017543859648,0.03508771929824561,0.0,0.14035087719298245,0.0,False,False,False,1,480.0,0.0,60.0,120.0,0.9745604000000001,0.15997083082281582,0.8400291691771842,weak_rules_v2,True,ac_running_empty_room,turn_off_or_adjust_ac,0.235989,0.007552,train
synthetic_high_energy_0134_1773628800000,1773628800000,synthetic_scenario,high_energy,high_energy_0134,2026-03-16T05:40:00+03:00,2026-03-16,synthetic_hourly_summary,5,Monday,False,164,27.126,62.905,484.459,160,50,0,12,0,0.9789,59.054,95.004,0.039142,296.982,386.376,0.196846,356.037,472.402,0.235989,0.007552,0.032,50.0,16.0,50.0,1,1,2,0,0.087833,0.161515,121.032,228.962,True,True,False,False,True,morning,0.100744,199.705,249.704,0.135245,156.33199999999997,0.13342700000000002,217.71900000000005,0.14126433333333333,255.74050000000003,0.161515,228.962,0.09074749851648825,130.24865783569518,0.032303,45.7924,0.087833,121.032,0.015809939999999998,21.78576,2.3054824629291404,2.775023803076493,9.37106655686233,10.787092118888669,0.975609756097561,0.3048780487804878,0.07317073170731707,0.0,0.0,0.0,False,False,False,2,540.0,60.0,120.0,0.0,0.021100000000000008,0.0,1.0,weak_rules_v2,True,unusual_same_hour_usage,review_unusual_usage,0.290124,0.009284,train
synthetic_high_energy_0134_1773632400000,1773632400000,synthetic_scenario,high_energy,high_energy_0134,2026-03-16T06:40:00+03:00,2026-03-16,synthetic_hourly_summary,6,Monday,False,133,27.562,56.575,570.505,54,64,0,13,0,0.4127,100.095,133.872,0.077505,272.686,331.952,0.211145,374.685,454.708,0.290124,0.009284,0.032,40.0,33.0,67.0,1,1,2,0,0.127194,0.163848,202.493,200.858,False,True,False,False,False,morning,0.235989,356.037,472.402,0.05413499999999999,18.648000000000025,0.20895233333333332,310.1423333333334,0.1663728333333333,272.05983333333336,0.163848,200.858,0.09754195050506921,96.09495523352544,0.0327696,40.171600000000005,0.127194,202.493,0.02289492,36.44874,3.853449538596748,4.327111690846269,7.116425827214072,4.724223663149947,0.40601503759398494,0.48120300751879697,0.09774436090225563,0.0,0.0,0.0,False,False,False,2,600.0,120.0,180.0,0.0,0.5872999999999999,0.0,1.0,weak_rules_v2,True,unusual_same_hour_usage,review_unusual_usage,0.138766,0.004441,train
synthetic_high_energy_0134_1773636000000,1773636000000,synthetic_scenario,high_energy,high_energy_0134,2026-03-16T07:40:00+03:00,2026-03-16,synthetic_hourly_summary,7,Monday,False,113,31.467,60.206,582.068,92,112,0,2,16,0.8226,49.145,75.289,0.021651,264.719,432.595,0.116625,314.977,408.089,0.138766,0.004441,0.032,68.0,63.0,20.0,1,1,2,0,0.054063,0.062997,173.123,165.891,False,True,False,False,False,morning,0.290124,374.685,454.708,-0.151358,-59.70800000000003,0.22162633333333337,348.5663333333334,0.16839749999999998,283.34683333333334,0.062997,165.891,0.07669436541450338,30.547004130245337,0.0125994,33.1782,0.054063,173.123,0.00973134,31.162139999999997,6.013699065034843,4.493492715096057,8.704145575018446,4.552126394400385,0.8141592920353983,0.9911504424778761,0.017699115044247787,0.0,0.1415929203539823,0.0,False,False,False,2,660.0,180.0,240.0,0.0,0.1774,0.0,1.0,weak_rules_v2,True,unusual_same_hour_usage,review_unusual_usage,0.044594,0.001427,train
synthetic_hub_offline_0147_1773636000000,1773636000000,synthetic_scenario,hub_offline,hub_offline_0147,2026-03-16T07:40:00+03:00,2026-03-16,synthetic_hourly_summary,7,Monday,False,110,29.151,44.503,369.45,12,43,0,7,0,0.1093,9.125,11.891,0.004123,89.566,126.435,0.040471,98.691,154.231,0.044594,0.001427,0.032,813.0,746.0,730.0,1,0,3,0,0.048283,0.026911,61.693,120.495,False,True,False,False,False,morning,0.138766,314.977,408.089,-0.094172,-216.28599999999997,0.15782800000000002,262.78433333333334,0.14562749999999997,240.2516666666667,0.026911,120.495,0.12386995240170247,145.2109770276796,0.0053822,24.099000000000004,0.048283,61.693,0.00869094,11.10474,3.2854594775370667,-0.904767832690153,-0.42446501759303346,3.331730414219514,0.10909090909090909,0.39090909090909093,0.06363636363636363,0.0,0.0,0.0,True,True,True,1,720.0,0.0,0.0,60.0,0.43952036850000004,0.0,1.0,weak_rules_v2,False,hub_offline_or_stale,wait_for_fresh_data,0.044861,0.001436,train
synthetic_hub_offline_0147_1773639600000,1773639600000,synthetic_scenario,hub_offline,hub_offline_0147,2026-03-16T08:40:00+03:00,2026-03-16,synthetic_hourly_summary,8,Monday,False,138,29.235,38.684,251.597,29,45,0,0,0,0.217,6.051,8.961,0.005611,39.685,61.274,0.036797,48.383,65.606,0.044861,0.001436,0.032,959.0,1720.0,3078.0,1,0,1,0,0.030971,0.035689,23.878,56.736,False,True,False,True,False,morning,0.044594,98.691,154.231,0.0002669999999999964,-50.308,0.07607366666666669,154.01700000000005,0.14251299999999997,232.07966666666672,0.035689,56.736,0.05429331741875203,141.64679634922936,0.0071378,11.3472,0.030971,23.878,0.00557478,4.29804,1.2849897727591135,-0.7361287366046244,2.491578142993984,5.701436003387591,0.21014492753623187,0.32608695652173914,0.0,0.0,0.0,0.0,True,True,True,1,780.0,0.0,0.0,0.0,0.18941944500000002,0.0,1.0,weak_rules_v2,False,hub_offline_or_stale,wait_for_fresh_data,0.001701,5.4e-05,train
synthetic_hub_offline_0147_1773643200000,1773643200000,synthetic_scenario,hub_offline,hub_offline_0147,2026-03-16T09:40:00+03:00,2026-03-16,synthetic_hourly_summary,9,Monday,False,122,23.699,30.492,605.343,48,61,0,11,0,0.3975,0.008,0.013,8e-06,0.0,0.0,0.0,1.646,2.19,0.001701,5.4e-05,0.032,1098.0,1445.0,529.0,0,0,1,0,0.002,0.002,1.391,1.311,False,True,False,True,False,morning,0.044861,48.383,65.606,-0.04316,-46.737,0.03038533333333335,49.57333333333339,0.1260058333333333,199.06983333333335,0.002,1.311,0.024841720075980206,48.53344904633795,0.002,3.0,0.002,1.391,0.002,3.0,-0.1495,0.11166666666666665,-0.1495,0.08499999999999996,0.39344262295081966,0.5,0.09016393442622951,0.0,0.0,0.0,True,True,True,0,0.0,0.0,0.0,0.0,0.004958575,0.9716666666666667,0.02833333333333332,weak_rules_v2,False,hub_offline_or_stale,wait_for_fresh_data,0.045712,0.001463,train
synthetic_hub_offline_0147_1773646800000,1773646800000,synthetic_scenario,hub_offline,hub_offline_0147,2026-03-16T10:40:00+03:00,2026-03-16,synthetic_hourly_summary,10,Monday,False,107,30.035,64.493,596.353,55,57,0,3,16,0.5195,13.521,22.369,0.013111,32.424,43.114,0.031441,47.142,72.978,0.045712,0.001463,0.032,248.0,602.0,2943.0,1,1,1,0,0.043186,0.04153,41.175,48.625,False,True,False,True,False,morning,0.001701,1.646,2.19,0.044011,45.496,0.030758000000000018,32.390333333333395,0.09429299999999997,147.58733333333336,0.04153,48.625,0.025167697292363178,26.632603033378025,0.008306,9.725000000000001,0.043186,41.175,0.00777348,7.411499999999999,0.5034914519624375,-0.15249357326478116,0.32495098720264287,0.8051001821493633,0.514018691588785,0.5327102803738317,0.028037383177570093,0.0,0.14953271028037382,0.0,True,True,True,2,60.0,60.0,0.0,0.0,0.11325865500000001,0.7316332726168788,0.2683667273831211,weak_rules_v2,False,hub_offline_or_stale,wait_for_fresh_data,0.037619,0.001204,train
synthetic_smoke_gas_0045_1773686400000,1773686400000,synthetic_scenario,smoke_gas,smoke_gas_0045,2026-03-16T21:40:00+03:00,2026-03-16,synthetic_hourly_summary,21,Monday,False,180,25.22,32.108,477.31,92,41,1,21,0,0.5141,15.006,20.599,0.01018,38.847,63.792,0.026353,55.454,80.88,0.037619,0.001204,0.032,34.0,46.0,20.0,1,1,1,0,0.041191,0.039195,48.209,63.429,False,False,True,False,False,evening,0.045712,47.142,72.978,-0.008093000000000003,8.311999999999998,0.02834400000000002,34.747333333333394,0.052208833333333315,94.3821666666667,0.039195,63.429,0.023425653651499772,28.96629139764865,0.007839,12.6858,0.041191,48.209,0.007414379999999999,8.677620000000001,-0.20104605179232057,-0.6286556622365165,-0.4817665131811425,0.8349063452882238,0.5111111111111111,0.22777777777777777,0.11666666666666667,0.005555555555555556,0.0,0.0,False,False,False,2,120.0,120.0,0.0,0.0,0.134725493,0.7216978849039254,0.2783021150960746,weak_rules_v2,False,smoke_gas_safety,check_smoke_gas_sensor,0.063076,0.002018,train
synthetic_smoke_gas_0045_1773690000000,1773690000000,synthetic_scenario,smoke_gas,smoke_gas_0045,2026-03-16T22:40:00+03:00,2026-03-16,synthetic_hourly_summary,22,Monday,False,130,34.196,40.075,255.918,46,76,19,5,19,0.3598,26.078,33.387,0.019214,55.733,64.72,0.041063,85.609,102.696,0.063076,0.002018,0.032,9.0,75.0,13.0,1,1,2,0,0.050872,0.049467,77.921,69.021,False,False,False,False,False,night,0.037619,55.454,80.88,0.025456999999999994,30.154999999999994,0.04880233333333336,62.73500000000005,0.039593833333333314,56.154166666666704,0.049467,69.021,0.01300681868611074,20.240732274306108,0.0098934,13.804200000000002,0.050872,77.921,0.00915696,14.025780000000001,1.3755635069844538,1.2016632619057963,1.3327567227551493,0.5481335084394584,0.35384615384615387,0.5846153846153846,0.038461538461538464,0.14615384615384616,0.14615384615384616,0.0,False,False,False,2,180.0,180.0,0.0,0.0,0.274034409,0.8172888305201805,0.18271116947981947,weak_rules_v2,False,smoke_gas_safety,check_smoke_gas_sensor,0.037676,0.001206,train
synthetic_smoke_gas_0045_1773693600000,1773693600000,synthetic_scenario,smoke_gas,smoke_gas_0045,2026-03-16T23:40:00+03:00,2026-03-16,synthetic_hourly_summary,23,Monday,False,179,26.941,54.153,470.146,72,104,15,4,0,0.4024,0.0,0.0,0.0,52.939,66.917,0.033537,59.473,70.78,0.037676,0.001206,0.032,41.0,71.0,25.0,1,0,2,0,0.031005,0.038573,37.664,57.9,True,False,False,False,True,night,0.063076,85.609,102.696,-0.025399999999999992,-26.135999999999996,0.04612366666666668,66.84533333333339,0.03844083333333331,49.61783333333337,0.038573,57.9,0.014681178983084405,16.373590941924338,0.007714600000000001,11.58,0.031005,37.664,0.0055809,6.77952,-0.11627304072797058,0.13583765112262525,1.195326918597359,3.2168944114037568,0.4022346368715084,0.5810055865921788,0.0223463687150838,0.08379888268156424,0.0,0.0,False,False,False,1,240.0,0.0,0.0,0.0,0.177705324,0.0,1.0,weak_rules_v2,False,smoke_gas_safety,check_smoke_gas_sensor,0.005418,0.000173,train
synthetic_smoke_gas_0045_1773697200000,1773697200000,synthetic_scenario,smoke_gas,smoke_gas_0045,2026-03-17T00:40:00+03:00,2026-03-17,synthetic_hourly_summary,0,Tuesday,False,87,27.754,63.58,346.86,46,22,1,9,0,0.5401,8.217,10.741,0.002876,1.039,1.275,0.000363,15.481,20.496,0.005418,0.000173,0.032,49.0,59.0,81.0,0,0,0,0,0.005145,0.003832,10.023,17.625,True,False,False,False,True,night,0.037676,59.473,70.78,-0.032258,-43.992,0.03539000000000001,53.52100000000005,0.03186699999999998,44.13416666666671,0.003832,17.625,0.028896895819447887,35.440849651216666,0.002,3.5250000000000004,0.005145,10.023,0.002,3.0,0.793,-0.6082269503546099,0.1364999999999999,1.8193333333333335,0.5287356321839081,0.25287356321839083,0.10344827586206896,0.011494252873563218,0.0,0.0,False,False,False,0,0.0,0.0,0.0,0.0,0.0355985595,0.39355555555555555,0.6064444444444445,weak_rules_v2,False,smoke_gas_safety,check_smoke_gas_sensor,0.004256,0.000136,train
synthetic_low_usage_normal_0038_1773700800000,1773700800000,synthetic_scenario,low_usage_normal,low_usage_normal_0038,2026-03-17T01:40:00+03:00,2026-03-17,synthetic_hourly_summary,1,Tuesday,False,47,30.435,50.132,615.26,3,23,0,0,7,0.0779,1.766,2.291,0.001364,2.204,3.201,0.001703,5.507,6.617,0.004256,0.000136,0.032,23.0,25.0,66.0,0,0,1,0,0.002909,0.002853,6.341,5.561,True,False,False,False,True,night,0.005418,15.481,20.496,-0.0011619999999999998,-9.974,0.015783333333333347,26.82033333333339,0.03229283333333332,44.777666666666704,0.002853,5.561,0.018968505511329992,28.7144153576823,0.002,3.0,0.002909,6.341,0.002,3.0,0.7015000000000001,-0.01800000000000009,0.6735,-0.2780000000000002,0.06382978723404255,0.48936170212765956,0.0,0.0,0.14893617021276595,0.0,False,False,False,0,0.0,0.0,0.0,60.0,0.025390023499999997,0.9073333333333333,0.09266666666666673,weak_rules_v2,False,high_temperature_comfort,verify_occupancy,0.201971,0.006463,train
synthetic_ac_left_on_0181_1773704400000,1773704400000,synthetic_scenario,ac_left_on,ac_left_on_0181,2026-03-17T02:40:00+03:00,2026-03-17,synthetic_hourly_summary,2,Tuesday,False,71,25.199,72.433,620.721,7,65,0,2,0,0.1034,7.542,10.032,0.005911,246.829,391.241,0.193453,257.697,257.697,0.201971,0.006463,0.032,24.0,13.0,20.0,1,0,2,0,0.141258,0.219166,282.913,214.181,True,False,False,False,True,night,0.004256,5.507,6.617,0.197715,252.19,0.07054833333333335,92.89500000000005,0.05833599999999998,79.8701666666667,0.219166,214.181,0.11381685088919549,142.80981959235197,0.0438332,42.836200000000005,0.141258,282.913,0.025426439999999998,50.92434,-0.39228256207623413,1.0158697550202862,2.3877900327375765,-0.4951659658230231,0.09859154929577464,0.9154929577464789,0.028169014084507043,0.0,0.0,0.0,False,False,False,1,60.0,0.0,60.0,120.0,0.8966,0.8349446780589923,0.1650553219410077,weak_rules_v2,True,ac_running_empty_room,turn_off_or_adjust_ac,0.007317,0.000234,train
synthetic_low_usage_normal_0038_1773704400000,1773704400000,synthetic_scenario,low_usage_normal,low_usage_normal_0038,2026-03-17T02:40:00+03:00,2026-03-17,synthetic_hourly_summary,2,Tuesday,False,86,29.274,34.959,546.834,18,48,0,5,0,0.217,0.0,0.0,0.0,1.16,1.73,0.001162,7.304,10.391,0.007317,0.000234,0.032,54.0,18.0,42.0,0,0,0,0,0.0068,0.004112,6.374,7.086,True,False,False,False,True,night,0.201971,257.697,257.697,-0.19465400000000002,-250.393,0.07118133333333335,90.16933333333338,0.053285666666666655,71.8451666666667,0.004112,7.086,0.11327751370123447,145.08599734755055,0.002,3.0,0.0068,6.374,0.002,3.0,1.6024999999999998,0.07266666666666666,0.25850000000000006,0.3100000000000002,0.20930232558139536,0.5581395348837209,0.05813953488372093,0.0,0.0,0.0,False,False,False,0,0.0,0.0,0.0,0.0,0.028595160000000005,0.8966666666666666,0.1033333333333334,weak_rules_v2,False,normal,keep_monitoring,0.005994,0.000192,train
synthetic_low_usage_normal_0038_1773708000000,1773708000000,synthetic_scenario,low_usage_normal,low_usage_normal_0038,2026-03-17T03:40:00+03:00,2026-03-17,synthetic_hourly_summary,3,Tuesday,False,165,26.901,45.916,40.0,34,151,0,18,0,0.2118,1.408,2.42,0.000726,2.118,3.546,0.001092,11.623,16.732,0.005994,0.000192,0.032,23.0,36.0,33.0,0,0,0,0,0.0048,0.003837,7.127,9.183,True,False,False,False,True,night,0.007317,7.304,10.391,-0.0013229999999999995,4.318999999999999,0.07176066666666668,92.20800000000007,0.043771999999999985,59.51416666666671,0.003837,9.183,0.11276739671701819,143.3339467153546,0.002,3.0,0.0048,7.127,0.002,3.0,1.0785,0.8133333333333331,0.5970000000000003,1.4986666666666666,0.20606060606060606,0.9151515151515152,0.10909090909090909,0.0,0.0,0.0,False,False,False,0,0.0,0.0,0.0,0.0,0.045806243,0.5004444444444445,0.49955555555555553,weak_rules_v2,False,normal,keep_monitoring,0.151084,0.004835,train
synthetic_ac_left_on_0181_1773708000000,1773708000000,synthetic_scenario,ac_left_on,ac_left_on_0181,2026-03-17T03:40:00+03:00,2026-03-17,synthetic_hourly_summary,3,Tuesday,False,122,28.627,43.716,555.281,6,107,0,0,0,0.0514,4.762,6.455,0.003265,212.411,275.216,0.145646,220.342,308.4,0.151084,0.004835,0.032,52.0,55.0,22.0,1,0,1,0,0.15315,0.137793,190.193,189.136,True,False,False,False,True,night,0.005994,11.623,16.732,0.14509,208.71900000000002,0.054798333333333345,79.75633333333339,0.06267333333333332,86.32566666666669,0.137793,189.136,0.08338845715285395,121.76990882124144,0.027558600000000003,37.8272,0.15315,190.193,0.027567,34.23474,0.48228139310414886,0.8249619321546405,-0.0749446802336131,0.8806551473736911,0.04918032786885246,0.8770491803278688,0.0,0.0,0.0,0.0,False,False,False,1,60.0,0.0,60.0,60.0,0.9486,0.7064482842087696,0.29355171579123035,weak_rules_v2,True,ac_running_empty_room,turn_off_or_adjust_ac,0.204682,0.00655,train
synthetic_ac_left_on_0181_1773711600000,1773711600000,synthetic_scenario,ac_left_on,ac_left_on_0181,2026-03-17T04:40:00+03:00,2026-03-17,synthetic_hourly_summary,4,Tuesday,False,49,29.445,52.935,447.674,3,47,0,1,0,0.0791,7.441,8.715,0.006252,234.997,244.427,0.197454,243.6,246.631,0.204682,0.00655,0.032,5.0,57.0,73.0,1,0,0,0,0.211463,0.160954,308.917,185.266,True,False,False,False,True,night,0.151084,220.342,308.4,0.05359800000000001,23.25799999999998,0.12058666666666669,158.52166666666673,0.09588399999999997,124.34550000000003,0.160954,185.266,0.10279492128180924,127.74837510643094,0.032190800000000006,37.0532,0.211463,308.917,0.03806334,55.605059999999995,1.3584005367993335,1.5743309619681973,-0.1781504198002595,-1.1746592846046742,0.061224489795918366,0.9591836734693877,0.02040816326530612,0.0,0.0,0.0,False,False,False,1,120.0,0.0,120.0,120.0,0.9209,0.6084469051317754,0.3915530948682247,weak_rules_v2,True,ac_running_empty_room,turn_off_or_adjust_ac,0.0778,0.00249,train
synthetic_ac_left_on_0101_1773711600000,1773711600000,synthetic_scenario,ac_left_on,ac_left_on_0101,2026-03-17T04:40:00+03:00,2026-03-17,synthetic_hourly_summary,4,Tuesday,False,64,30.57,43.528,539.13,6,11,0,1,9,0.1007,1.774,2.498,0.001054,125.861,186.004,0.074819,130.876,188.784,0.0778,0.00249,0.032,61.0,63.0,17.0,1,0,2,0,0.028817,0.093981,65.384,99.563,True,False,False,False,True,night,0.204682,243.6,246.631,-0.126882,-112.72399999999999,0.144522,198.27266666666674,0.10814133333333333,145.24033333333338,0.093981,99.563,0.0636950183609364,59.51442387634571,0.0187962,19.9126,0.028817,65.384,0.005187059999999999,11.76912,-0.8608654940892309,1.5725219207938692,9.443306998569518,5.564732112511386,0.09375,0.171875,0.015625,0.0,0.140625,0.0,False,False,False,1,180.0,0.0,180.0,180.0,0.5884839340000001,0.0,1.0,weak_rules_v2,True,ac_running_empty_room,turn_off_or_adjust_ac,0.00767,0.000245,train
synthetic_low_usage_normal_0038_1773711600000,1773711600000,synthetic_scenario,low_usage_normal,low_usage_normal_0038,2026-03-17T04:40:00+03:00,2026-03-17,synthetic_hourly_summary,4,Tuesday,False,164,32.484,47.724,277.196,34,122,0,9,24,0.2105,2.709,3.677,0.00228,0.0,0.0,0.0,9.113,13.874,0.00767,0.000245,0.032,32.0,76.0,56.0,0,0,2,0,0.005678,0.007125,5.091,6.235,True,False,False,False,True,night,0.0778,130.876,188.784,-0.07013,-121.763,0.09671733333333336,127.86300000000006,0.07575783333333332,103.8096666666667,0.007125,6.235,0.09985905648128947,117.27253267069864,0.002,3.0,0.005678,5.091,0.002,3.0,0.27249999999999974,0.959333333333333,0.9959999999999999,1.3406666666666665,0.2073170731707317,0.7439024390243902,0.054878048780487805,0.0,0.14634146341463414,0.0,False,False,False,0,0.0,0.0,0.0,0.0,0.0359735675,0.5531111111111111,0.44688888888888884,weak_rules_v2,False,high_temperature_comfort,verify_occupancy,0.15058,0.004819,train
synthetic_ac_left_on_0181_1773715200000,1773715200000,synthetic_scenario,ac_left_on,ac_left_on_0181,2026-03-17T05:40:00+03:00,2026-03-17,synthetic_hourly_summary,5,Tuesday,False,145,26.49,58.826,374.851,7,119,0,1,0,0.0521,12.691,19.092,0.008903,200.009,270.796,0.140318,214.637,283.522,0.15058,0.004819,0.032,45.0,21.0,34.0,1,1,3,0,0.102897,0.162423,161.107,256.262,True,True,False,False,True,morning,0.00767,9.113,13.874,0.14290999999999998,205.524,0.07868333333333334,118.20866666666673,0.09963499999999997,138.3651666666667,0.162423,256.262,0.07145909482587476,103.34589805276948,0.0324846,51.2524,0.102897,161.107,0.01852146,28.99926,-0.3645727513960467,-0.8121570892289922,2.57447307069745,1.8459091714754101,0.04827586206896552,0.8206896551724138,0.006896551724137931,0.0,0.0,0.0,False,False,False,2,60.0,60.0,60.0,60.0,0.9479,0.38469694284153,0.61530305715847,weak_rules_v2,True,ac_running_empty_room,turn_off_or_adjust_ac,0.133794,0.004281,train
synthetic_ac_left_on_0101_1773715200000,1773715200000,synthetic_scenario,ac_left_on,ac_left_on_0101,2026-03-17T05:40:00+03:00,2026-03-17,synthetic_hourly_summary,5,Tuesday,False,157,26.283,49.731,514.813,0,141,0,16,0,0.005,5.514,8.233,0.004551,156.621,208.628,0.129244,162.136,172.414,0.133794,0.004281,0.032,22.0,20.0,9.0,1,0,1,0,0.074156,0.083118,105.673,161.903,True,True,False,False,True,morning,0.15058,214.637,283.522,-0.016785999999999995,-52.501000000000005,0.09734800000000003,128.62866666666673,0.12093499999999997,163.4506666666667,0.083118,161.903,0.07811562079379532,106.7805445028888,0.0166236,32.3806,0.074156,105.673,0.01334808,19.02114,3.0484371616256407,0.007195666541077191,4.467908493206513,2.9684340686204926,0.0,0.8980891719745223,0.10191082802547771,0.0,0.0,60.0,False,False,False,1,120.0,0.0,120.0,120.0,0.8066266,0.01052197712650249,0.9894780228734975,weak_rules_v2,True,ac_running_empty_room,turn_off_or_adjust_ac,0.186328,0.005963,train
synthetic_ac_left_on_0101_1773718800000,1773718800000,synthetic_scenario,ac_left_on,ac_left_on_0101,2026-03-17T06:40:00+03:00,2026-03-17,synthetic_hourly_summary,6,Tuesday,False,116,24.187,65.069,475.501,14,95,0,12,0,0.1232,15.857,23.825,0.009893,278.77,382.716,0.17393,298.641,507.108,0.186328,0.005963,0.032,46.0,45.0,11.0,1,1,1,0,0.167593,0.136063,345.697,263.059,False,True,False,False,False,morning,0.133794,162.136,172.414,0.052534,136.50500000000002,0.1569006666666667,225.13800000000006,0.12680899999999998,176.50050000000002,0.136063,263.059,0.02683129533461544,68.85569698289312,0.0272126,52.61180000000001,0.167593,345.697,0.030166739999999997,62.22546,1.8471222889396826,0.6763121581090171,0.6210482140264412,-0.756217792524153,0.1206896551724138,0.8189655172413793,0.10344827586206896,0.0,0.0,0.0,False,False,False,2,180.0,60.0,180.0,180.0,0.8768,0.747927402491949,0.252072597508051,weak_rules_v2,True,ac_running_empty_room,turn_off_or_adjust_ac,0.206082,0.006595,train
synthetic_ac_left_on_0101_1773722400000,1773722400000,synthetic_scenario,ac_left_on,ac_left_on_0101,2026-03-17T07:40:00+03:00,2026-03-17,synthetic_hourly_summary,7,Tuesday,False,143,31.044,50.138,126.893,1,16,0,3,21,0.0131,0.18,0.265,0.000189,195.254,248.865,0.205017,196.269,285.77,0.206082,0.006595,0.032,31.0,33.0,77.0,1,0,1,0,0.194641,0.153955,117.188,155.342,False,True,False,False,False,morning,0.186328,298.641,507.108,0.019753999999999994,-102.37200000000001,0.17540133333333333,219.0153333333334,0.1270423333333333,168.61200000000005,0.153955,155.342,0.03736218367993705,71.03837354791659,0.030791000000000002,31.068400000000004,0.194641,117.188,0.03503538,21.09384,1.6929297522003175,1.3173192053662237,0.3265556132115587,3.749009189412644,0.006993006993006993,0.11188811188811189,0.02097902097902098,0.0,0.14685314685314685,0.0,False,False,False,1,240.0,0.0,240.0,240.0,0.9684893805,0.0,1.0,weak_rules_v2,True,ac_running_empty_room,turn_off_or_adjust_ac,0.207611,0.006644,train
synthetic_power_spike_0049_1773726000000,1773726000000,synthetic_scenario,power_spike,power_spike_0049,2026-03-17T08:40:00+03:00,2026-03-17,synthetic_hourly_summary,8,Tuesday,False,106,25.485,55.584,700.587,44,25,0,1,0,0.4233,86.967,131.518,0.057316,225.09,321.605,0.148347,315.013,491.072,0.207611,0.006644,0.032,75.0,30.0,38.0,1,1,3,0,0.078141,0.091122,139.45,118.566,False,True,False,True,False,morning,0.206082,196.269,285.77,0.0015290000000000026,118.74399999999997,0.20000700000000002,269.9743333333334,0.1486775,199.30150000000003,0.091122,118.566,0.011871004211945157,64.35345924915995,0.018224399999999998,23.7132,0.078141,139.45,0.01406538,25.100999999999996,6.391925111389127,8.284288919251724,9.204870398098024,6.994263176765867,0.41509433962264153,0.2358490566037736,0.009433962264150943,0.0,0.0,0.0,False,False,False,2,300.0,60.0,300.0,0.0,0.5767,0.0,1.0,weak_rules_v2,True,unusual_same_hour_usage,review_unusual_usage,0.248837,0.007963,train
synthetic_power_spike_0049_1773729600000,1773729600000,synthetic_scenario,power_spike,power_spike_0049,2026-03-17T09:40:00+03:00,2026-03-17,synthetic_hourly_summary,9,Tuesday,False,150,25.024,27.617,294.118,92,121,0,15,0,0.6169,187.572,316.266,0.115823,215.412,364.107,0.133014,402.984,603.88,0.248837,0.007963,0.032,17.0,40.0,25.0,1,1,2,0,0.092065,0.101671,186.901,189.006,False,True,False,True,False,morning,0.207611,315.013,491.072,0.04122600000000001,87.971,0.22084333333333336,304.75533333333334,0.18887199999999996,264.9466666666667,0.101671,189.006,0.02425527757691821,103.73855406903095,0.0203342,37.8012,0.092065,186.901,0.016571699999999998,33.64218,7.237363653352481,5.6606139487635305,9.460224358394132,6.422978534684731,0.6133333333333333,0.8066666666666666,0.1,0.0,0.0,0.0,False,False,False,2,360.0,120.0,360.0,0.0,0.3831,0.0,1.0,weak_rules_v2,True,unusual_same_hour_usage,review_unusual_usage,0.240452,0.007694,train
synthetic_power_spike_0049_1773733200000,1773733200000,synthetic_scenario,power_spike,power_spike_0049,2026-03-17T10:40:00+03:00,2026-03-17,synthetic_hourly_summary,10,Tuesday,False,52,26.881,57.574,359.179,51,41,0,1,0,0.9977,90.029,163.664,0.089903,150.412,213.576,0.150202,240.789,299.07,0.240452,0.007694,0.032,58.0,65.0,26.0,1,1,1,0,0.12283,0.115423,103.477,102.969,False,True,False,True,False,morning,0.248837,402.984,603.88,-0.008385000000000004,-162.195,0.23230000000000003,319.5953333333334,0.20385066666666662,269.3053333333334,0.115423,102.969,0.021788462474438546,81.19453701040018,0.0230846,20.5938,0.12283,103.477,0.022109399999999998,18.62586,5.4161215702243055,6.692305451155201,5.319999638162954,7.3721159720947105,0.9807692307692307,0.7884615384615384,0.019230769230769232,0.0,0.0,0.0,False,False,False,2,420.0,180.0,420.0,0.0,0.0022999999999999687,0.0,1.0,weak_rules_v2,True,unusual_same_hour_usage,review_unusual_usage,0.145199,0.004646,train
synthetic_power_spike_0049_1773736800000,1773736800000,synthetic_scenario,power_spike,power_spike_0049,2026-03-17T11:40:00+03:00,2026-03-17,synthetic_hourly_summary,11,Tuesday,False,119,25.464,41.667,63.216,28,53,0,12,0,0.239,92.755,116.971,0.054685,146.97,224.649,0.086648,246.283,353.507,0.145199,0.004646,0.032,7.0,32.0,21.0,1,1,1,0,0.061098,0.080938,104.004,129.249,False,True,False,True,False,morning,0.240452,240.789,299.07,-0.095253,5.494,0.21149600000000002,296.6853333333334,0.20575149999999998,283.3298333333334,0.080938,129.249,0.05756775323911832,92.09832197349344,0.0161876,25.849800000000002,0.061098,104.004,0.01099764,18.72072,3.969766982134473,4.527462494874235,7.647186123568329,7.600081620792363,0.23529411764705882,0.44537815126050423,0.10084033613445378,0.0,0.0,0.0,False,False,False,2,480.0,240.0,480.0,0.0,0.761,0.0,1.0,weak_rules_v2,True,unusual_same_hour_usage,review_unusual_usage,0.055334,0.001771,train
synthetic_hub_offline_0197_1773747600000,1773747600000,synthetic_scenario,hub_offline,hub_offline_0197,2026-03-17T14:40:00+03:00,2026-03-17,synthetic_hourly_summary,14,Tuesday,False,140,24.671,57.597,618.836,0,90,0,0,0,0.0,17.0,25.783,0.008905,85.307,124.054,0.044685,105.636,146.028,0.055334,0.001771,0.032,1789.0,710.0,1353.0,1,1,2,0,0.023922,0.025147,110.665,66.874,False,False,False,True,False,afternoon,0.145199,246.283,353.507,-0.089865,-140.647,0.14699500000000001,197.56933333333336,0.18391916666666663,251.16233333333335,0.025147,66.874,0.09257206756360162,79.66397769590307,0.0050294,13.3748,0.023922,110.665,0.004305959999999999,19.9197,6.002107607269258,2.8981367945688907,7.295005062750237,-0.25246364152070616,0.0,0.6428571428571429,0.0,0.0,0.0,60.0,True,True,True,2,540.0,300.0,540.0,60.0,0.52818,0.9158454528264313,0.08415454717356873,weak_rules_v2,False,hub_offline_or_stale,wait_for_fresh_data,0.022449,0.000718,train
synthetic_hub_offline_0197_1773751200000,1773751200000,synthetic_scenario,hub_offline,hub_offline_0197,2026-03-17T15:40:00+03:00,2026-03-17,synthetic_hourly_summary,15,Tuesday,False,82,27.652,55.81,404.858,0,70,0,9,0,0.0,8.991,13.905,0.004118,40.026,67.79,0.018332,49.017,73.184,0.022449,0.000718,0.032,1077.0,1652.0,2237.0,1,0,2,0,0.012738,0.019047,37.797,57.43,False,False,False,True,False,afternoon,0.055334,105.636,146.028,-0.032885,-56.61899999999999,0.07432733333333334,133.64533333333335,0.15331366666666665,226.62033333333338,0.019047,57.43,0.06354093687012617,101.57194865873842,0.0038094000000000005,11.486,0.012738,37.797,0.00229284,6.803459999999999,0.8930540242557878,-0.7324569040571127,4.235358769037526,1.6491608681465029,0.0,0.8536585365853658,0.10975609756097561,0.0,0.0,60.0,True,True,True,1,600.0,0.0,0.0,120.0,0.24508500000000003,0.45027971061783234,0.5497202893821677,weak_rules_v2,False,hub_offline_or_stale,wait_for_fresh_data,0.034663,0.001109,train
synthetic_hub_offline_0197_1773754800000,1773754800000,synthetic_scenario,hub_offline,hub_offline_0197,2026-03-17T16:40:00+03:00,2026-03-17,synthetic_hourly_summary,16,Tuesday,False,156,26.21,41.255,299.187,15,129,0,16,0,0.1023,1.991,3.148,0.001609,39.589,59.782,0.031991,42.896,60.937,0.034663,0.001109,0.032,291.0,190.0,514.0,1,0,2,0,0.030976,0.023149,18.188,29.378,False,False,False,True,False,afternoon,0.022449,49.017,73.184,0.012214,-6.121000000000002,0.03748200000000002,65.8496666666667,0.12448899999999997,181.26750000000004,0.023149,29.378,0.016622751787836735,34.59163049544565,0.0046298,5.8756,0.030976,18.188,0.0055756799999999995,3.27384,2.4869324808847035,2.3007012049833206,0.6612646349862258,7.547100652444836,0.09615384615384616,0.8269230769230769,0.10256410256410256,0.0,0.0,0.0,True,True,True,1,660.0,0.0,0.0,180.0,0.19253869599999998,0.0,1.0,weak_rules_v2,False,hub_offline_or_stale,wait_for_fresh_data,0.015605,0.000499,train
synthetic_hub_offline_0197_1773758400000,1773758400000,synthetic_scenario,hub_offline,hub_offline_0197,2026-03-17T17:40:00+03:00,2026-03-17,synthetic_hourly_summary,17,Tuesday,False,115,29.643,69.292,293.019,65,58,0,2,0,0.5698,15.669,21.95,0.010241,0.0,0.0,0.0,23.875,36.408,0.015605,0.000499,0.032,1495.0,568.0,3474.0,0,1,3,0,0.015036,0.017118,19.15,18.979,False,False,True,True,False,evening,0.034663,42.896,60.937,-0.019058,-19.021,0.02423900000000002,38.59600000000004,0.08561699999999998,118.0826666666667,0.017118,18.979,0.00965426931466231,13.110970253956538,0.0034236000000000006,3.7958,0.015036,19.15,0.00270648,3.4469999999999996,-0.44193246874634895,1.2898466726381792,0.2102361739233248,1.3707571801566585,0.5652173913043478,0.5043478260869565,0.017391304347826087,0.0,0.0,0.0,True,True,True,1,0.0,60.0,0.0,0.0,0.051355125,0.5430809399477805,0.4569190600522195,weak_rules_v2,False,hub_offline_or_stale,wait_for_fresh_data,0.008314,0.000266,train
synthetic_low_usage_normal_0128_1773805200000,1773805200000,synthetic_scenario,low_usage_normal,low_usage_normal_0128,2026-03-18T06:40:00+03:00,2026-03-18,synthetic_hourly_summary,6,Wednesday,False,100,26.235,54.436,397.459,24,60,0,6,0,0.2402,1.892,2.484,0.001277,1.168,1.457,0.000788,12.323,15.309,0.008314,0.000266,0.032,30.0,52.0,46.0,0,0,3,0,0.005655,0.005949,6.251,11.549,False,True,False,False,False,morning,0.015605,23.875,36.408,-0.007291000000000001,-11.552,0.019527333333333355,26.364666666666707,0.046927333333333314,80.00500000000004,0.005949,11.549,0.013605365644971248,15.43780788627309,0.002,3.0,0.005655,6.251,0.002,3.0,1.1824999999999999,0.2580000000000003,1.3295,2.024,0.24,0.6,0.06,0.0,0.0,0.0,False,False,False,0,0.0,0.0,0.0,0.0,0.046815077000000004,0.32533333333333336,0.6746666666666666,weak_rules_v2,False,sudden_power_spike,reduce_peak_load,0.004712,0.000151,train
synthetic_low_usage_normal_0128_1773808800000,1773808800000,synthetic_scenario,low_usage_normal,low_usage_normal_0128,2026-03-18T07:40:00+03:00,2026-03-18,synthetic_hourly_summary,7,Wednesday,False,112,23.148,47.371,537.2,23,44,0,7,0,0.2095,1.483,2.094,0.000865,4.588,6.66,0.002676,8.078,8.502,0.004712,0.000151,0.032,42.0,21.0,45.0,0,0,0,0,0.004226,0.003,7.136,7.131,False,True,False,False,False,morning,0.008314,12.323,15.309,-0.003602,-4.245000000000001,0.009543666666666688,14.758666666666704,0.023512833333333316,40.3041666666667,0.003,7.131,0.0055496326304868655,8.175307721027039,0.002,3.0,0.004226,7.136,0.002,3.0,0.856,0.3156666666666664,0.24300000000000016,0.3139999999999998,0.20535714285714285,0.39285714285714285,0.0625,0.0,0.0,0.0,False,False,False,0,0.0,0.0,0.0,0.0,0.031928294999999995,0.8953333333333334,0.10466666666666659,weak_rules_v2,False,normal,keep_monitoring,0.001685,5.4e-05,train
synthetic_smoke_gas_0115_1773812400000,1773812400000,synthetic_scenario,smoke_gas,smoke_gas_0115,2026-03-18T08:40:00+03:00,2026-03-18,synthetic_hourly_summary,8,Wednesday,False,103,27.821,59.915,587.925,32,51,15,6,0,0.3191,0.0,0.0,0.0,0.0,0.0,0.0,1.605,2.094,0.001685,5.4e-05,0.032,30.0,16.0,66.0,0,0,0,0,0.002021,0.002,1.264,1.0,False,True,False,True,False,morning,0.004712,8.078,8.502,-0.003027,-6.472999999999999,0.004903666666666687,7.335333333333371,0.014571333333333316,22.965666666666706,0.002,1.0,0.0033186536928948855,5.397457395245453,0.002,3.0,0.002021,1.264,0.002,3.0,-0.15749999999999997,0.20166666666666666,-0.16799999999999984,0.11366666666666665,0.3106796116504854,0.49514563106796117,0.05825242718446602,0.14563106796116504,0.0,0.0,False,False,False,0,0.0,0.0,0.0,0.0,0.0054642225,0.9621111111111111,0.03788888888888888,weak_rules_v2,False,smoke_gas_safety,check_smoke_gas_sensor,0.004798,0.000154,train
synthetic_low_usage_normal_0128_1773812400000,1773812400000,synthetic_scenario,low_usage_normal,low_usage_normal_0128,2026-03-18T08:40:00+03:00,2026-03-18,synthetic_hourly_summary,8,Wednesday,False,60,25.982,80.623,408.049,17,51,0,5,0,0.2975,2.451,3.153,0.001818,1.54,2.038,0.001142,6.468,9.707,0.004798,0.000154,0.032,44.0,57.0,45.0,0,0,2,0,0.004002,0.004246,6.621,5.247,False,True,False,True,False,morning,0.001685,1.605,2.094,0.0031130000000000003,4.8629999999999995,0.0037316666666666874,5.383666666666705,0.011629499999999982,15.874166666666705,0.004246,5.247,0.001772986839591579,3.3699801681154278,0.002,3.0,0.004002,6.621,0.002,3.0,0.2760000000000002,0.40700000000000003,0.3979999999999999,-0.051000000000000156,0.2833333333333333,0.85,0.08333333333333333,0.0,0.0,0.0,False,False,False,0,0.0,0.0,0.0,0.0,0.022718850000000002,0.983,0.017000000000000053,weak_rules_v2,False,normal,keep_monitoring,0.084168,0.002693,train
synthetic_hub_offline_0067_1773816000000,1773816000000,synthetic_scenario,hub_offline,hub_offline_0067,2026-03-18T09:40:00+03:00,2026-03-18,synthetic_hourly_summary,9,Wednesday,False,118,25.833,63.358,374.037,33,18,0,7,0,0.2831,22.409,32.549,0.01975,68.938,79.238,0.060756,95.503,110.142,0.084168,0.002693,0.032,523.0,862.0,833.0,1,1,2,0,0.051102,0.071028,93.749,54.24,False,True,False,True,False,morning,0.004798,6.468,9.707,0.07937000000000001,89.035,0.03021700000000002,34.52533333333337,0.019880333333333316,24.64200000000004,0.071028,54.24,0.046748855526098504,52.86415672583333,0.014205599999999999,10.848,0.051102,93.749,0.00919836,16.87482,0.9249873289407005,3.803742625368731,3.5947712418300664,0.10394184945380187,0.2796610169491525,0.15254237288135594,0.059322033898305086,0.0,0.0,0.0,True,True,True,2,60.0,60.0,0.0,0.0,0.3423305035,0.9653527168487327,0.03464728315126729,weak_rules_v2,False,hub_offline_or_stale,wait_for_fresh_data,0.001901,6.1e-05,train
synthetic_low_usage_normal_0128_1773816000000,1773816000000,synthetic_scenario,low_usage_normal,low_usage_normal_0128,2026-03-18T09:40:00+03:00,2026-03-18,synthetic_hourly_summary,9,Wednesday,False,128,23.082,61.183,653.622,4,112,0,1,0,0.0339,1.048,1.695,0.000883,1.209,1.429,0.001018,2.257,2.417,0.001901,6.1e-05,0.032,8.0,15.0,66.0,0,0,3,0,0.002,0.002,1.853,1.748,False,True,False,True,False,morning,0.084168,95.503,110.142,-0.082267,-93.246,0.03028900000000002,34.74266666666671,0.017596333333333318,21.039000000000037,0.002,1.748,0.04668306045023216,52.66209937263677,0.002,3.0,0.002,1.853,0.002,3.0,-0.049500000000000065,0.16966666666666672,-0.049500000000000065,0.1346666666666667,0.03125,0.875,0.0078125,0.0,0.0,0.0,False,False,False,0,0.0,0.0,0.0,60.0,0.0109024385,0.9551111111111111,0.0448888888888889,weak_rules_v2,False,low_usage_normal,keep_monitoring,0.010933,0.00035,train
synthetic_smoke_gas_0115_1773816000000,1773816000000,synthetic_scenario,smoke_gas,smoke_gas_0115,2026-03-18T09:40:00+03:00,2026-03-18,synthetic_hourly_summary,9,Wednesday,False,75,26.599,54.527,499.379,9,12,8,6,0,0.1322,11.369,17.744,0.006774,0.0,0.0,0.0,18.35,26.098,0.010933,0.00035,0.032,70.0,37.0,73.0,0,1,2,0,0.010063,0.011128,9.382,14.959,False,True,False,True,False,morning,0.001901,2.257,2.417,0.009032,16.093,0.03233400000000002,38.703333333333376,0.018032833333333317,22.043500000000037,0.011128,14.959,0.04511614924835707,49.843733430928566,0.0022256000000000003,3.0,0.010063,9.382,0.002,3.0,-0.08761682242990686,1.1303333333333339,0.4349999999999996,2.989333333333334,0.12,0.16,0.08,0.10666666666666667,0.0,0.0,False,False,False,1,0.0,60.0,0.0,120.0,0.07962065000000002,0.003555555555555312,0.9964444444444447,weak_rules_v2,False,smoke_gas_safety,check_smoke_gas_sensor,0.294577,0.009426,train
synthetic_high_energy_0064_1773816000000,1773816000000,synthetic_scenario,high_energy,high_energy_0064,2026-03-18T09:40:00+03:00,2026-03-18,synthetic_hourly_summary,9,Wednesday,False,146,23.814,64.416,306.335,77,130,0,17,0,0.5288,130.789,170.016,0.095703,268.473,434.849,0.19645,402.574,526.841,0.294577,0.009426,0.032,75.0,50.0,57.0,1,1,0,0,0.13139,0.157175,193.686,279.728,False,True,False,True,False,morning,0.010933,18.35,26.098,0.28364399999999995,384.224,0.10247033333333334,141.06033333333338,0.06634366666666665,87.79283333333338,0.157175,279.728,0.1664305344260282,226.62037541300955,0.031435000000000005,55.945600000000006,0.13139,193.686,0.0236502,34.86348,4.370987752505168,2.195811645598581,6.900026215423124,5.991599232205161,0.5273972602739726,0.8904109589041096,0.11643835616438356,0.0,0.0,0.0,False,False,False,2,60.0,120.0,60.0,0.0,0.47119999999999995,0.0,1.0,weak_rules_v2,True,unusual_same_hour_usage,review_unusual_usage,0.026867,0.00086,train
synthetic_smoke_gas_0115_1773819600000,1773819600000,synthetic_scenario,smoke_gas,smoke_gas_0115,2026-03-18T10:40:00+03:00,2026-03-18,synthetic_hourly_summary,10,Wednesday,False,123,28.219,47.138,442.901,72,72,9,3,0,0.5915,21.321,23.966,0.016817,12.74,19.544,0.010049,34.061,34.061,0.026867,0.00086,0.032,31.0,42.0,15.0,1,1,3,0,0.018766,0.015005,29.808,36.998,False,True,False,True,False,morning,0.294577,402.574,526.841,-0.26771,-368.51300000000003,0.11079233333333334,151.6616666666667,0.07054066666666664,93.2021666666667,0.015005,36.998,0.1593614629241755,217.43840080430454,0.003001,7.3995999999999995,0.018766,29.808,0.00337788,5.3654399999999995,3.9526824391869373,-0.39691334666738715,2.3982497898089914,0.7926656527703227,0.5853658536585366,0.5853658536585366,0.024390243902439025,0.07317073170731707,0.0,0.0,False,False,False,2,120.0,180.0,0.0,0.0,0.0695695925,0.7357781157432257,0.26422188425677423,weak_rules_v2,False,smoke_gas_safety,check_smoke_gas_sensor,0.233682,0.007478,train
synthetic_high_energy_0064_1773819600000,1773819600000,synthetic_scenario,high_energy,high_energy_0064,2026-03-18T10:40:00+03:00,2026-03-18,synthetic_hourly_summary,10,Wednesday,False,173,21.547,57.683,350.957,81,60,0,15,0,0.4715,40.904,51.102,0.040512,192.367,210.467,0.190524,235.943,309.629,0.233682,0.007478,0.032,25.0,76.0,60.0,1,1,0,0,0.085111,0.09975,157.295,106.372,False,True,False,True,False,morning,0.026867,34.061,34.061,0.206815,201.882,0.185042,224.1926666666667,0.10868799999999997,131.44800000000006,0.09975,106.372,0.14032657704440746,184.5372876746955,0.019950000000000002,21.2744,0.085111,157.295,0.01531998,28.313099999999995,6.713383458646615,6.090465536043321,9.697858613392446,2.7777954374476845,0.4682080924855491,0.3468208092485549,0.08670520231213873,0.0,0.0,0.0,False,False,False,2,180.0,240.0,60.0,0.0,0.5285,0.07406818751743849,0.9259318124825615,weak_rules_v2,True,unusual_same_hour_usage,review_unusual_usage,0.085721,0.002743,train
synthetic_hub_offline_0067_1773819600000,1773819600000,synthetic_scenario,hub_offline,hub_offline_0067,2026-03-18T10:40:00+03:00,2026-03-18,synthetic_hourly_summary,10,Wednesday,False,47,25.761,56.771,322.036,0,12,0,4,0,0.0,13.43,22.093,0.014102,64.599,64.599,0.067828,81.639,119.412,0.085721,0.002743,0.032,1139.0,895.0,1727.0,1,1,3,0,0.061662,0.066535,76.406,92.176,False,True,False,True,False,morning,0.233682,235.943,309.629,-0.147961,-154.30400000000003,0.11542333333333336,117.21433333333336,0.10894683333333331,129.13733333333337,0.066535,92.176,0.10655882183251351,105.53809140463646,0.013307,18.435200000000002,0.061662,76.406,0.01109916,13.75308,1.4417975501615699,-0.5715696059711859,2.1676415152137642,0.3804965869463415,0.0,0.2553191489361702,0.0851063829787234,0.0,0.0,60.0,True,True,True,2,240.0,300.0,0.0,60.0,0.408195,0.8731678043512195,0.12683219564878048,weak_rules_v2,False,hub_offline_or_stale,wait_for_fresh_data,0.234909,0.007517,train
synthetic_high_energy_0064_1773823200000,1773823200000,synthetic_scenario,high_energy,high_energy_0064,2026-03-18T11:40:00+03:00,2026-03-18,synthetic_hourly_summary,11,Wednesday,False,159,23.39,59.046,517.401,80,49,0,0,0,0.5087,35.0,60.83,0.028366,253.292,359.716,0.205279,289.851,373.811,0.234909,0.007517,0.032,74.0,30.0,21.0,1,1,2,0,0.085675,0.167792,118.856,109.47,False,True,False,True,False,morning,0.085721,81.639,119.412,0.149188,208.212,0.18477066666666672,202.4776666666667,0.14778149999999998,177.06966666666673,0.167792,109.47,0.08578172143489168,108.0648214607017,0.0335584,21.894000000000002,0.085675,118.856,0.0154215,21.39408,2.0000059597597026,8.238832556864894,9.677009370035341,7.99263160650049,0.5031446540880503,0.3081761006289308,0.0,0.0,0.0,0.0,False,False,False,2,300.0,360.0,60.0,0.0,0.49129999999999996,0.0,1.0,weak_rules_v2,True,unusual_same_hour_usage,review_unusual_usage,0.005708,0.000183,train
synthetic_smoke_gas_0115_1773823200000,1773823200000,synthetic_scenario,smoke_gas,smoke_gas_0115,2026-03-18T11:40:00+03:00,2026-03-18,synthetic_hourly_summary,11,Wednesday,False,80,26.119,70.405,320.902,40,72,11,6,0,0.5046,2.716,3.252,0.001915,0.0,0.0,0.0,8.099,10.351,0.005708,0.000183,0.032,38.0,9.0,36.0,0,0,0,0,0.003488,0.003975,4.934,5.711,False,True,False,True,False,morning,0.234909,289.851,373.811,-0.22920100000000002,-281.752,0.10877933333333334,126.52966666666669,0.14691066666666663,175.3611666666667,0.003975,5.711,0.11632729538819925,146.14180216944564,0.002,3.0,0.003488,4.934,0.002,3.0,0.8665,0.7959999999999999,1.11,1.055,0.5,0.9,0.075,0.1375,0.0,0.0,False,False,False,0,0.0,0.0,0.0,0.0,0.020061223,0.6483333333333334,0.3516666666666666,weak_rules_v2,False,smoke_gas_safety,check_smoke_gas_sensor,0.010875,0.000348,train
synthetic_hub_offline_0067_1773823200000,1773823200000,synthetic_scenario,hub_offline,hub_offline_0067,2026-03-18T11:40:00+03:00,2026-03-18,synthetic_hourly_summary,11,Wednesday,False,130,28.369,40.454,430.729,27,39,0,11,0,0.2102,2.353,4.151,0.000854,27.599,33.694,0.010021,29.951,39.009,0.010875,0.000348,0.032,975.0,892.0,3356.0,1,0,1,0,0.004754,0.008944,29.803,20.605,False,True,False,True,False,morning,0.005708,8.099,10.351,0.005166999999999999,21.852,0.08383066666666668,109.30033333333336,0.09962699999999998,113.25733333333339,0.008944,20.605,0.13086317883321252,156.74273476411403,0.002,4.121,0.004754,29.803,0.002,5.36454,0.9654999999999994,2.267896141713176,3.0604999999999993,0.027588572365943715,0.2076923076923077,0.3,0.08461538461538462,0.0,0.0,0.0,True,True,True,1,60.0,0.0,0.0,0.0,0.11827649900000001,0.9908038092113521,0.009196190788647906,weak_rules_v2,False,hub_offline_or_stale,wait_for_fresh_data,0.054722,0.001751,train
synthetic_hub_offline_0067_1773826800000,1773826800000,synthetic_scenario,hub_offline,hub_offline_0067,2026-03-18T12:40:00+03:00,2026-03-18,synthetic_hourly_summary,12,Wednesday,False,82,24.625,61.908,757.552,39,72,0,7,0,0.4876,0.0,0.0,0.0,44.834,58.488,0.047076,52.117,71.428,0.054722,0.001751,0.032,1645.0,1460.0,564.0,1,0,0,0,0.040194,0.037951,27.101,51.877,False,False,False,True,False,afternoon,0.010875,29.951,39.009,0.043847,22.165999999999997,0.023768333333333353,30.055666666666685,0.10426949999999997,116.26666666666671,0.037951,51.877,0.026930866720797683,22.009186657699576,0.0075902,10.3754,0.040194,27.101,0.00723492,4.8781799999999995,2.209559695396696,0.023131638298281982,2.008038789647985,5.128142052978775,0.47560975609756095,0.8780487804878049,0.08536585365853659,0.0,0.0,0.0,True,True,True,1,120.0,0.0,0.0,0.0,0.133523754,0.0,1.0,weak_rules_v2,False,hub_offline_or_stale,wait_for_fresh_data,0.265152,0.008485,train
synthetic_high_energy_0064_1773826800000,1773826800000,synthetic_scenario,high_energy,high_energy_0064,2026-03-18T12:40:00+03:00,2026-03-18,synthetic_hourly_summary,12,Wednesday,False,177,26.334,57.438,234.696,94,24,0,16,0,0.5351,68.991,96.81,0.046328,321.378,497.562,0.215807,394.861,491.939,0.265152,0.008485,0.032,63.0,50.0,9.0,1,1,3,0,0.112284,0.112457,189.359,250.034,False,False,False,True,False,afternoon,0.054722,52.117,71.428,0.21043,342.74399999999997,0.11024966666666669,158.97633333333334,0.1095145,142.75300000000004,0.112457,250.034,0.1359289869981137,204.58253802642434,0.0224914,50.0068,0.112284,189.359,0.02021112,34.08462,6.789039366157731,2.8961461241271187,7.563559070452306,6.029170928119486,0.5310734463276836,0.13559322033898305,0.0903954802259887,0.0,0.0,0.0,False,False,False,2,180.0,60.0,60.0,0.0,0.4649,0.0,1.0,weak_rules_v2,True,unusual_same_hour_usage,review_unusual_usage,0.069869,0.002236,train
synthetic_stale_data_0096_1773862800000,1773862800000,synthetic_scenario,stale_data,stale_data_0096,2026-03-18T22:40:00+03:00,2026-03-18,synthetic_hourly_summary,22,Wednesday,False,51,30.854,29.721,313.751,0,18,0,2,7,0.0,20.386,29.223,0.018079,58.398,62.523,0.051789,78.784,136.069,0.069869,0.002236,0.032,572.0,859.0,38.0,1,1,1,0,0.049256,0.037936,54.988,68.764,False,False,False,False,False,night,0.265152,394.861,491.939,-0.19528299999999998,-316.077,0.12991433333333338,175.25400000000002,0.10687249999999998,142.27716666666672,0.037936,68.764,0.11736386908385972,190.65206020129975,0.0075872,13.7528,0.049256,54.988,0.00886608,9.89784,4.208799029945172,0.7285789075679141,2.324928265930377,2.404160907834437,0.0,0.35294117647058826,0.0392156862745098,0.0,0.13725490196078433,60.0,True,True,False,2,240.0,120.0,0.0,60.0,0.39392000000000005,0.19861303072185432,0.8013869692781457,weak_rules_v2,False,possible_sensor_stale,check_sensor_connection,0.008804,0.000282,train
synthetic_stale_data_0096_1773866400000,1773866400000,synthetic_scenario,stale_data,stale_data_0096,2026-03-18T23:40:00+03:00,2026-03-18,synthetic_hourly_summary,23,Wednesday,False,51,26.262,49.049,444.708,21,35,0,0,0,0.4148,0.0,0.0,0.0,22.531,31.904,0.007886,25.154,40.415,0.008804,0.000282,0.032,1452.0,1188.0,45.0,1,0,2,0,0.005289,0.007855,20.086,9.287,True,False,False,False,True,night,0.069869,78.784,136.069,-0.061065,-53.63000000000001,0.11460833333333335,166.26633333333334,0.06918833333333331,98.16100000000004,0.007855,9.287,0.13390212931963913,199.77658883446117,0.002,3.0,0.005289,20.086,0.002,3.61548,0.4745000000000001,5.289,1.7574999999999994,1.4017502516954876,0.4117647058823529,0.6862745098039216,0.0,0.0,0.0,0.0,True,True,False,1,300.0,0.0,0.0,0.0,0.07360060399999999,0.5327499161015041,0.46725008389849587,weak_rules_v2,False,possible_sensor_stale,check_sensor_connection,0.062936,0.002014,train
synthetic_stale_data_0096_1773870000000,1773870000000,synthetic_scenario,stale_data,stale_data_0096,2026-03-19T00:40:00+03:00,2026-03-19,synthetic_hourly_summary,0,Thursday,False,81,22.067,42.032,182.528,0,62,0,4,0,0.0,6.413,10.821,0.004606,74.903,137.897,0.053797,87.628,126.779,0.062936,0.002014,0.032,636.0,623.0,83.0,1,0,1,0,0.048827,0.036274,67.929,50.019,True,False,False,False,True,night,0.008804,25.154,40.415,0.054132000000000007,62.474000000000004,0.04720300000000002,63.855333333333355,0.07872633333333333,111.41583333333335,0.036274,50.019,0.033434697890066783,33.806789042046546,0.0072548000000000005,10.0038,0.048827,67.929,0.00878886,12.227219999999999,3.6750840822627784,3.7594714008676706,1.6053276534158016,1.6110775793680001,0.0,0.7654320987654321,0.04938271604938271,0.0,0.0,60.0,True,True,False,1,360.0,0.0,0.0,60.0,0.43814,0.46297414021066663,0.5370258597893334,weak_rules_v2,False,possible_sensor_stale,check_sensor_connection,0.071531,0.002289,train
synthetic_stale_data_0096_1773873600000,1773873600000,synthetic_scenario,stale_data,stale_data_0096,2026-03-19T01:40:00+03:00,2026-03-19,synthetic_hourly_summary,1,Thursday,False,143,21.426,35.155,659.875,34,10,0,11,0,0.2431,15.243,18.836,0.0118,76.88,111.056,0.059516,92.401,111.381,0.071531,0.002289,0.032,653.0,848.0,71.0,1,1,3,0,0.056962,0.08772,79.439,95.195,True,False,False,False,True,night,0.062936,87.628,126.779,0.008594999999999992,4.772999999999996,0.04775700000000002,68.39433333333335,0.08883566666666665,121.82416666666671,0.08772,95.195,0.03400692081032971,37.523195524014675,0.017544,19.038999999999998,0.056962,79.439,0.010253159999999999,14.299019999999999,-0.9227656178750575,-0.14675140501076722,1.4209277920172902,0.906495689914414,0.23776223776223776,0.06993006993006994,0.07692307692307693,0.0,0.0,0.0,True,True,False,2,420.0,60.0,0.0,0.0,0.3496915845,0.6978347700285287,0.3021652299714713,weak_rules_v2,False,possible_sensor_stale,check_sensor_connection,0.083704,0.002679,train
synthetic_power_spike_0229_1773877200000,1773877200000,synthetic_scenario,power_spike,power_spike_0229,2026-03-19T02:40:00+03:00,2026-03-19,synthetic_hourly_summary,2,Thursday,False,92,26.571,41.073,530.772,33,78,0,0,0,0.3693,50.0,68.341,0.02516,115.382,148.055,0.05806,166.344,250.792,0.083704,0.002679,0.032,49.0,70.0,12.0,1,1,0,0,0.032711,0.040765,55.922,72.473,True,False,False,False,True,night,0.071531,92.401,111.381,0.012173000000000003,73.943,0.07272366666666669,115.45766666666668,0.09366599999999999,140.86200000000002,0.040765,72.473,0.010435242993498853,44.13342919299833,0.008153,14.4946,0.032711,55.922,0.005887979999999999,10.065959999999999,5.266650312768306,6.476273922702247,8.660525341458362,10.96984291612524,0.358695652173913,0.8478260869565217,0.0,0.0,0.0,0.0,False,False,False,2,480.0,120.0,60.0,0.0,0.5245658040000001,0.0,1.0,weak_rules_v2,True,unusual_same_hour_usage,review_unusual_usage,0.124562,0.003986,train
synthetic_power_spike_0229_1773880800000,1773880800000,synthetic_scenario,power_spike,power_spike_0229,2026-03-19T03:40:00+03:00,2026-03-19,synthetic_hourly_summary,3,Thursday,False,85,24.533,60.947,606.302,38,50,0,8,0,0.4479,120.489,165.604,0.085287,51.928,71.82,0.036757,175.974,245.135,0.124562,0.003986,0.032,13.0,79.0,7.0,1,1,2,0,0.050506,0.054809,64.056,65.539,True,False,False,False,True,night,0.083704,166.344,250.792,0.040858000000000005,9.629999999999995,0.09326566666666669,144.90633333333335,0.07023433333333332,104.38083333333334,0.054809,65.539,0.027778424043371594,45.725176285426976,0.0109618,13.107800000000001,0.050506,64.056,0.00909108,11.53008,6.363279753325184,8.425136178458626,8.146006855071127,9.706610882144789,0.4470588235294118,0.5882352941176471,0.09411764705882353,0.0,0.0,0.0,False,False,False,2,540.0,180.0,120.0,0.0,0.485776227,0.0,1.0,weak_rules_v2,True,unusual_same_hour_usage,review_unusual_usage,0.234212,0.007495,train
synthetic_power_spike_0229_1773884400000,1773884400000,synthetic_scenario,power_spike,power_spike_0229,2026-03-19T04:40:00+03:00,2026-03-19,synthetic_hourly_summary,4,Thursday,False,56,28.182,66.25,40.0,51,50,0,1,0,0.9195,84.203,156.303,0.067894,206.27,313.076,0.166318,290.474,318.802,0.234212,0.007495,0.032,42.0,61.0,70.0,1,1,1,0,0.082852,0.093795,176.641,201.449,True,False,False,False,True,night,0.124562,175.974,245.135,0.10965,114.5,0.1474926666666667,210.93066666666667,0.09762483333333331,139.66250000000002,0.093795,201.449,0.07783011063420994,69.0546206515778,0.018759,40.28980000000001,0.082852,176.641,0.014913359999999999,31.795379999999998,7.485313716082947,2.209616329691385,10.149288959697882,3.580174226570024,0.9107142857142857,0.8928571428571429,0.017857142857142856,0.0,0.0,0.0,False,False,False,2,600.0,240.0,180.0,0.0,0.08050000000000002,0.0,1.0,weak_rules_v2,True,unusual_same_hour_usage,review_unusual_usage,0.019563,0.000626,train
synthetic_smoke_gas_0075_1773884400000,1773884400000,synthetic_scenario,smoke_gas,smoke_gas_0075,2026-03-19T04:40:00+03:00,2026-03-19,synthetic_hourly_summary,4,Thursday,False,108,27.075,58.962,574.836,45,28,8,8,0,0.4202,4.39,6.013,0.001825,42.676,54.591,0.017738,47.066,64.968,0.019563,0.000626,0.032,71.0,77.0,88.0,1,0,3,0,0.013039,0.014963,18.183,31.941,True,False,False,False,True,night,0.234212,290.474,318.802,-0.214649,-243.408,0.12611233333333335,171.17133333333334,0.09941799999999999,143.31450000000004,0.014963,31.941,0.10733289780087633,121.77505007731818,0.0029926,6.3882,0.013039,18.183,0.00234702,3.2729399999999997,1.537124908106663,2.3676465984158295,2.77969510272601,8.824787499923618,0.4166666666666667,0.25925925925925924,0.07407407407407407,0.07407407407407407,0.0,0.0,False,False,False,1,660.0,0.0,0.0,0.0,0.136444334,0.0,1.0,weak_rules_v2,False,smoke_gas_safety,check_smoke_gas_sensor,0.056648,0.001813,train
synthetic_smoke_gas_0075_1773888000000,1773888000000,synthetic_scenario,smoke_gas,smoke_gas_0075,2026-03-19T05:40:00+03:00,2026-03-19,synthetic_hourly_summary,5,Thursday,False,80,25.545,66.778,467.877,48,76,5,6,0,0.6105,26.916,36.844,0.01757,57.272,72.579,0.037387,86.779,96.098,0.056648,0.001813,0.032,14.0,11.0,36.0,1,1,1,0,0.049661,0.043274,101.538,70.785,True,True,False,False,True,morning,0.019563,47.066,64.968,0.03708499999999999,39.712999999999994,0.10347433333333335,141.43966666666668,0.09836999999999997,143.17300000000003,0.043274,70.785,0.11473045550477591,130.58600605092943,0.0086548,14.157,0.049661,101.538,0.00893898,18.27684,1.5452696769422742,1.1297591297591298,0.7816328037427089,-0.8075247143379272,0.6,0.95,0.075,0.0625,0.0,0.0,False,False,False,2,720.0,60.0,0.0,0.0,0.16900210249999997,0.730825095220691,0.26917490477930905,weak_rules_v2,False,smoke_gas_safety,check_smoke_gas_sensor,0.220061,0.007042,train
synthetic_power_spike_0229_1773888000000,1773888000000,synthetic_scenario,power_spike,power_spike_0229,2026-03-19T05:40:00+03:00,2026-03-19,synthetic_hourly_summary,5,Thursday,False,169,27.457,40.577,322.993,100,147,0,18,0,0.5972,101.855,143.573,0.055951,294.204,413.026,0.161611,400.61,557.0,0.220061,0.007042,0.032,42.0,8.0,61.0,1,1,3,0,0.083254,0.07828,186.813,308.162,True,True,False,False,True,morning,0.056648,86.779,96.098,0.163413,313.831,0.09875733333333336,178.15166666666673,0.12312499999999998,194.54116666666673,0.07828,308.162,0.1066759530837825,193.6751484944141,0.015656,61.6324,0.083254,186.813,0.01498572,33.62634,9.05601686254471,1.4999902648606909,9.129157624725407,6.3580217174988425,0.591715976331361,0.8698224852071006,0.10650887573964497,0.0,0.0,0.0,False,False,False,2,780.0,120.0,60.0,0.0,0.40280000000000005,0.0,1.0,weak_rules_v2,True,unusual_same_hour_usage,review_unusual_usage,0.069388,0.00222,train
synthetic_smoke_gas_0075_1773891600000,1773891600000,synthetic_scenario,smoke_gas,smoke_gas_0075,2026-03-19T06:40:00+03:00,2026-03-19,synthetic_hourly_summary,6,Thursday,False,118,25.196,62.981,147.272,87,110,13,3,0,0.7429,14.739,29.068,0.014989,49.935,62.249,0.050781,68.231,112.52,0.069388,0.00222,0.032,16.0,44.0,72.0,1,1,0,0,0.061102,0.082775,66.543,29.943,False,True,False,False,False,morning,0.220061,400.61,557.0,-0.150673,-332.379,0.1153656666666667,185.2066666666667,0.12073899999999999,178.189,0.082775,29.943,0.09089230724507637,186.7751431115322,0.016555,5.988600000000001,0.061102,66.543,0.010998359999999999,11.97774,-0.8086378737541525,6.393480947132884,0.7533850501347482,0.1409280882704073,0.7372881355932204,0.9322033898305084,0.025423728813559324,0.11016949152542373,0.0,0.0,False,False,False,2,840.0,180.0,0.0,0.0,0.0877109505,0.9530239705765309,0.046976029423469096,weak_rules_v2,False,smoke_gas_safety,check_smoke_gas_sensor,0.045481,0.001455,train
synthetic_smoke_gas_0075_1773895200000,1773895200000,synthetic_scenario,smoke_gas,smoke_gas_0075,2026-03-19T07:40:00+03:00,2026-03-19,synthetic_hourly_summary,7,Thursday,False,59,27.059,62.611,256.074,41,37,8,0,0,0.7026,14.236,18.045,0.01009,49.029,69.159,0.034751,64.167,102.378,0.045481,0.001455,0.032,26.0,57.0,88.0,1,1,0,0,0.047541,0.015657,57.58,47.049,False,True,False,False,False,morning,0.069388,68.231,112.52,-0.023907000000000005,-4.063999999999993,0.11164333333333336,177.66933333333336,0.10755883333333333,159.55450000000005,0.015657,47.049,0.09465029844820017,193.08297352261113,0.0031314000000000003,9.4098,0.047541,57.58,0.00855738,10.3644,9.524174490643162,1.8191672511636805,-0.24072788633904296,0.6355408899695113,0.6949152542372882,0.6271186440677966,0.0,0.13559322033898305,0.0,0.0,False,False,False,2,900.0,240.0,0.0,0.0,0.095416329,0.7881530366768296,0.21184696332317043,weak_rules_v2,False,smoke_gas_safety,check_smoke_gas_sensor,0.066823,0.002138,train
synthetic_smoke_gas_0225_1773902400000,1773902400000,synthetic_scenario,smoke_gas,smoke_gas_0225,2026-03-19T09:40:00+03:00,2026-03-19,synthetic_hourly_summary,9,Thursday,False,94,31.866,34.869,288.726,64,61,2,9,14,0.6833,4.996,6.868,0.003944,79.651,95.854,0.062879,84.647,84.647,0.066823,0.002138,0.032,50.0,11.0,70.0,1,0,0,0,0.013365,0.0354,82.255,68.327,False,True,False,True,False,morning,0.045481,64.167,102.378,0.021341999999999993,20.480000000000004,0.06056400000000003,72.34833333333336,0.07966066666666664,125.25000000000004,0.0354,68.327,0.01312507039981231,10.843058855020505,0.00708,13.6654,0.013365,82.255,0.0024056999999999998,14.8059,4.438276836158191,1.1942570287002214,22.22139086336617,0.16155721705536374,0.6808510638297872,0.648936170212766,0.09574468085106383,0.02127659574468085,0.14893617021276595,0.0,False,False,False,1,960.0,0.0,0.0,0.0,0.1340385245,0.9461475943148787,0.05385240568512125,weak_rules_v2,False,smoke_gas_safety,check_smoke_gas_sensor,0.051405,0.001645,train
synthetic_smoke_gas_0225_1773906000000,1773906000000,synthetic_scenario,smoke_gas,smoke_gas_0225,2026-03-19T10:40:00+03:00,2026-03-19,synthetic_hourly_summary,10,Thursday,False,94,28.525,49.169,106.064,39,20,4,4,0,0.4233,12.543,17.022,0.010565,43.38,63.871,0.036541,61.027,99.192,0.051405,0.001645,0.032,79.0,53.0,26.0,1,1,3,0,0.029878,0.047665,52.872,40.159,False,True,False,True,False,morning,0.066823,84.647,84.647,-0.015417999999999994,-23.620000000000005,0.05456966666666669,69.94700000000002,0.08496766666666665,127.57683333333337,0.047665,40.159,0.011017330771714294,12.827018359701038,0.009533,8.0318,0.029878,52.872,0.00537804,9.51696,0.3923214098395049,2.5981722652456485,4.002759369584458,0.8568912762058475,0.4148936170212766,0.2127659574468085,0.0425531914893617,0.0425531914893617,0.0,0.0,False,False,False,2,1020.0,60.0,0.0,0.0,0.17597135449999998,0.7143695745980508,0.28563042540194916,weak_rules_v2,False,smoke_gas_safety,check_smoke_gas_sensor,0.024673,0.00079,train
synthetic_smoke_gas_0225_1773909600000,1773909600000,synthetic_scenario,smoke_gas,smoke_gas_0225,2026-03-19T11:40:00+03:00,2026-03-19,synthetic_hourly_summary,11,Thursday,False,119,30.608,63.642,415.841,119,17,13,3,17,1.0,14.037,20.882,0.00905,24.232,34.427,0.015623,38.269,57.059,0.024673,0.00079,0.032,46.0,32.0,14.0,1,1,0,0,0.019067,0.018768,21.505,34.285,False,True,False,True,False,morning,0.051405,61.027,99.192,-0.026732,-22.758000000000003,0.04763366666666669,61.31433333333336,0.07963849999999997,119.49183333333337,0.018768,34.285,0.021326575940205747,23.190335084544362,0.0037536,6.856999999999999,0.019067,21.505,0.00343206,3.8709,1.5731564364876387,0.5810121044188423,1.6334213271329756,4.3307757885763,1.0,0.14285714285714285,0.025210084033613446,0.1092436974789916,0.14285714285714285,0.0,False,False,False,2,1080.0,120.0,0.0,0.0,0.0,0.0,1.0,weak_rules_v2,False,smoke_gas_safety,check_smoke_gas_sensor,0.01191,0.000381,train
synthetic_smoke_gas_0225_1773913200000,1773913200000,synthetic_scenario,smoke_gas,smoke_gas_0225,2026-03-19T12:40:00+03:00,2026-03-19,synthetic_hourly_summary,12,Thursday,False,130,26.625,50.311,646.841,36,64,16,12,0,0.2841,31.349,53.925,0.011284,0.0,0.0,0.0,33.089,34.052,0.01191,0.000381,0.032,79.0,42.0,76.0,0,1,1,0,0.009738,0.008001,31.594,26.356,False,False,False,True,False,afternoon,0.024673,38.269,57.059,-0.012763,-5.18,0.02932933333333336,44.12833333333335,0.04494666666666664,58.23833333333337,0.008001,26.356,0.02015502012733708,14.86209276425986,0.002,5.2712,0.009738,31.594,0.002,5.68692,1.9545000000000006,1.2773182577022304,1.086,0.2628839512424999,0.27692307692307694,0.49230769230769234,0.09230769230769231,0.12307692307692308,0.0,0.0,False,False,False,1,0.0,180.0,0.0,0.0,0.11844207549999998,0.9123720162525,0.08762798374749997,weak_rules_v2,False,smoke_gas_safety,check_smoke_gas_sensor,0.014786,0.000473,train
synthetic_stale_data_0136_1773970800000,1773970800000,synthetic_scenario,stale_data,stale_data_0136,2026-03-20T04:40:00+03:00,2026-03-20,synthetic_hourly_summary,4,Friday,True,56,32.724,55.186,463.565,41,50,0,4,8,0.7378,18.204,25.672,0.014107,0.0,0.0,0.0,19.081,22.633,0.014786,0.000473,0.032,1793.0,855.0,80.0,0,1,2,0,0.011192,0.015662,6.751,18.073,True,False,False,False,True,night,0.01191,33.089,34.052,0.002876,-14.008,0.017123000000000027,30.14633333333335,0.03584633333333331,50.04666666666671,0.015662,18.073,0.006694753094777249,9.926696395754151,0.0031324,3.6146000000000003,0.011192,6.751,0.00201456,3.0,-0.279657770399693,0.2788690311514411,1.7840123898022398,4.109999999999999,0.7321428571428571,0.8928571428571429,0.07142857142857142,0.0,0.14285714285714285,0.0,True,True,False,1,0.0,240.0,0.0,0.0,0.025015191,0.0,1.0,weak_rules_v2,False,possible_sensor_stale,check_sensor_connection,0.014231,0.000455,train
synthetic_stale_data_0136_1773974400000,1773974400000,synthetic_scenario,stale_data,stale_data_0136,2026-03-20T05:40:00+03:00,2026-03-20,synthetic_hourly_summary,5,Friday,True,102,26.774,41.976,149.526,58,71,0,6,0,0.5763,3.945,7.764,0.002934,13.447,16.508,0.010003,19.131,21.04,0.014231,0.000455,0.032,1549.0,1140.0,86.0,1,0,1,0,0.007727,0.016008,24.238,15.936,True,True,False,False,True,morning,0.014786,19.081,22.633,-0.0005549999999999999,0.05000000000000071,0.013642333333333362,23.76700000000002,0.03063799999999998,42.5406666666667,0.016008,15.936,0.001525693394284353,8.073127522847086,0.0032016000000000006,3.1872000000000003,0.007727,24.238,0.002,4.362839999999999,-0.5550349825087457,1.0024472891566265,3.2520000000000002,-1.170567795289307,0.5686274509803921,0.696078431372549,0.058823529411764705,0.0,0.0,0.0,True,True,False,1,60.0,0.0,0.0,0.0,0.0405290235,0.6098107349035644,0.39018926509643564,weak_rules_v2,False,possible_sensor_stale,check_sensor_connection,0.059144,0.001893,train
synthetic_stale_data_0136_1773978000000,1773978000000,synthetic_scenario,stale_data,stale_data_0136,2026-03-20T06:40:00+03:00,2026-03-20,synthetic_hourly_summary,6,Friday,True,115,26.517,75.121,329.391,95,88,0,6,0,0.8303,19.12,25.498,0.013609,59.906,77.804,0.04264,83.092,87.474,0.059144,0.001893,0.032,444.0,977.0,48.0,1,1,1,0,0.07199,0.070479,61.573,66.182,False,True,False,False,False,morning,0.014231,19.131,21.04,0.044913,63.961,0.029387000000000028,40.434666666666686,0.029358166666666647,42.28150000000003,0.070479,66.182,0.025771811985190903,36.94234278349802,0.0140958,13.236400000000001,0.07199,61.573,0.0129582,11.08314,-0.804140240355283,1.277537699072255,-0.9913413900078712,1.9415977782469587,0.8260869565217391,0.7652173913043478,0.05217391304347826,0.0,0.0,0.0,True,True,False,2,120.0,60.0,0.0,0.0,0.07050356199999998,0.3528007405843471,0.6471992594156529,weak_rules_v2,False,possible_sensor_stale,check_sensor_connection,0.019936,0.000638,train
synthetic_stale_data_0136_1773981600000,1773981600000,synthetic_scenario,stale_data,stale_data_0136,2026-03-20T07:40:00+03:00,2026-03-20,synthetic_hourly_summary,7,Friday,True,159,23.21,62.843,98.948,27,54,0,2,0,0.1735,23.899,31.877,0.012833,12.223,18.049,0.006563,37.127,48.57,0.019936,0.000638,0.032,1299.0,1765.0,8.0,1,1,2,0,0.014351,0.016378,24.584,16.196,False,True,False,False,False,morning,0.059144,83.092,87.474,-0.03920800000000001,-45.964999999999996,0.031103666666666693,46.45000000000002,0.024113333333333316,38.2981666666667,0.016378,16.196,0.024450602780572973,32.98395256787957,0.0032756,3.2392000000000003,0.014351,24.584,0.0025831799999999996,4.42512,1.086213212846501,6.461780686589281,2.162063812819858,2.83449940340601,0.16981132075471697,0.33962264150943394,0.012578616352201259,0.0,0.0,0.0,True,True,False,2,180.0,120.0,0.0,60.0,0.15342732750000002,0.05516686553132999,0.94483313446867,weak_rules_v2,False,possible_sensor_stale,check_sensor_connection,0.054742,0.001752,train
synthetic_normal_usage_0000_1773981600000,1773981600000,synthetic_scenario,normal_usage,normal_usage_0000,2026-03-20T07:40:00+03:00,2026-03-20,synthetic_hourly_summary,7,Friday,True,134,28.651,61.406,40.0,102,75,0,15,0,0.7667,12.528,17.703,0.006832,84.453,103.661,0.046055,100.384,160.063,0.054742,0.001752,0.032,67.0,38.0,47.0,1,1,1,0,0.046103,0.033296,97.334,79.305,False,True,False,False,False,morning,0.019936,37.127,48.57,0.034806000000000004,63.257,0.04460733333333336,73.53433333333335,0.02912483333333331,48.6506666666667,0.033296,79.305,0.021479069284616653,32.69363479843496,0.0066592000000000005,15.861000000000002,0.046103,97.334,0.00829854,17.52012,3.22050696780394,1.3289830401614016,1.0410264938169849,0.1740855656239796,0.7611940298507462,0.5597014925373134,0.11194029850746269,0.0,0.0,0.0,False,False,False,2,240.0,180.0,60.0,0.0,0.11709793599999999,0.9419714781253401,0.058028521874659865,weak_rules_v2,True,unusual_same_hour_usage,review_unusual_usage,0.056578,0.001811,train
synthetic_normal_usage_0000_1773985200000,1773985200000,synthetic_scenario,normal_usage,normal_usage_0000,2026-03-20T08:40:00+03:00,2026-03-20,synthetic_hourly_summary,8,Friday,True,105,26.058,48.479,475.816,55,57,0,0,0,0.5279,16.928,22.292,0.00929,84.514,117.626,0.046379,103.1,141.591,0.056578,0.001811,0.032,32.0,77.0,39.0,1,1,1,0,0.030772,0.052625,96.482,93.68,False,True,False,False,False,morning,0.054742,100.384,160.063,0.0018360000000000043,2.715999999999994,0.043752000000000034,80.20366666666669,0.03656949999999998,60.319166666666696,0.052625,93.68,0.020645680323012592,37.33019652149491,0.010525,18.736,0.030772,96.482,0.00553896,17.36676,0.3755819477434684,0.5027754056362077,4.658997356904546,0.38107280805400634,0.5238095238095238,0.5428571428571428,0.0,0.0,0.0,0.0,False,False,False,2,300.0,240.0,120.0,0.0,0.24336754999999996,0.8729757306486645,0.12702426935133546,weak_rules_v2,True,unusual_same_hour_usage,review_unusual_usage,0.093656,0.002997,train
synthetic_normal_usage_0000_1773988800000,1773988800000,synthetic_scenario,normal_usage,normal_usage_0000,2026-03-20T09:40:00+03:00,2026-03-20,synthetic_hourly_summary,9,Friday,True,167,28.917,54.236,502.204,92,136,0,0,0,0.5542,9.799,15.602,0.008567,97.323,145.284,0.085088,107.122,137.143,0.093656,0.002997,0.032,25.0,63.0,52.0,1,0,1,0,0.030839,0.068652,84.7,98.257,False,True,False,False,False,morning,0.056578,103.1,141.591,0.037078,4.022000000000006,0.06832533333333336,103.53533333333336,0.049714499999999974,74.9926666666667,0.068652,98.257,0.021956200248070303,3.3900291050976703,0.013730400000000002,19.651400000000002,0.030839,84.7,0.005551019999999999,15.246,1.8210685777544715,0.4511128978088072,11.316298626198432,1.4706808343171978,0.5508982035928144,0.8143712574850299,0.0,0.0,0.0,0.0,False,False,False,1,360.0,0.0,180.0,0.0,0.238774938,0.5097730552276007,0.49022694477239925,weak_rules_v2,True,unusual_same_hour_usage,review_unusual_usage,0.031684,0.001014,train
synthetic_normal_usage_0000_1773992400000,1773992400000,synthetic_scenario,normal_usage,normal_usage_0000,2026-03-20T10:40:00+03:00,2026-03-20,synthetic_hourly_summary,10,Friday,True,92,28.888,50.087,150.376,61,12,0,2,0,0.6738,17.005,23.06,0.009877,34.173,46.21,0.019849,54.548,78.884,0.031684,0.001014,0.032,37.0,54.0,15.0,1,1,2,0,0.020887,0.022928,24.603,48.951,False,True,False,False,False,morning,0.093656,107.122,137.143,-0.061972000000000006,-52.574,0.06063933333333336,88.25666666666667,0.05262333333333332,80.89550000000004,0.022928,48.951,0.031184980637052873,29.261745972060915,0.0045856000000000004,9.7902,0.020887,24.603,0.0037596599999999997,4.42854,1.9094556873691546,0.5716941431227146,2.8718022374363636,6.761822180673541,0.6630434782608695,0.13043478260869565,0.021739130434782608,0.0,0.0,0.0,False,False,False,2,420.0,60.0,0.0,0.0,0.088967788,0.0,1.0,weak_rules_v2,True,unusual_same_hour_usage,review_unusual_usage,0.165325,0.00529,train
synthetic_routine_anomaly_0113_1774003200000,1774003200000,synthetic_scenario,routine_anomaly,routine_anomaly_0113,2026-03-20T13:40:00+03:00,2026-03-20,synthetic_hourly_summary,13,Friday,True,120,28.796,46.538,468.999,4,76,0,2,0,0.0373,27.283,37.339,0.020918,182.302,302.699,0.13977,215.633,215.633,0.165325,0.00529,0.032,8.0,52.0,14.0,1,1,1,0,0.09068,0.077251,113.511,88.073,False,False,False,False,False,afternoon,0.031684,54.548,78.884,0.133641,161.085,0.09688833333333335,125.7676666666667,0.07032016666666664,102.9856666666667,0.077251,88.073,0.06687910887813445,82.14523705202507,0.0154502,17.6146,0.09068,113.511,0.016322399999999997,20.43198,5.70050873127856,7.241719936870552,4.573163260304858,4.998145064746541,0.03333333333333333,0.6333333333333333,0.016666666666666666,0.0,0.0,0.0,False,False,False,2,480.0,120.0,60.0,60.0,0.9627,0.0,1.0,weak_rules_v2,True,ac_running_empty_room,turn_off_or_adjust_ac,0.117948,0.003774,train
synthetic_normal_usage_0050_1774006800000,1774006800000,synthetic_scenario,normal_usage,normal_usage_0050,2026-03-20T14:40:00+03:00,2026-03-20,synthetic_hourly_summary,14,Friday,True,80,26.816,43.324,392.689,80,65,0,0,0,1.0,19.085,28.252,0.019725,90.652,126.875,0.09369,114.123,184.215,0.117948,0.003774,0.032,62.0,54.0,51.0,1,1,1,0,0.065254,0.033952,72.864,104.039,False,False,False,False,False,afternoon,0.165325,215.633,215.633,-0.047377,-101.51,0.10498566666666669,128.10133333333337,0.08665549999999998,115.81833333333337,0.033952,104.039,0.0677568873571784,81.44715868790874,0.006790400000000001,20.8078,0.065254,72.864,0.011745720000000001,13.11552,12.369816211121579,0.48462595757360233,4.486229877776755,3.145815034401991,1.0,0.8125,0.0,0.0,0.0,0.0,False,False,False,2,540.0,180.0,120.0,0.0,0.0,0.0,1.0,weak_rules_v2,True,unusual_same_hour_usage,review_unusual_usage,0.063885,0.002044,train
synthetic_routine_anomaly_0113_1774006800000,1774006800000,synthetic_scenario,routine_anomaly,routine_anomaly_0113,2026-03-20T14:40:00+03:00,2026-03-20,synthetic_hourly_summary,14,Friday,True,126,30.145,43.097,351.344,26,18,0,0,18,0.2113,40.453,54.179,0.020736,79.99,110.672,0.041002,124.633,129.621,0.063885,0.002044,0.032,77.0,44.0,83.0,1,1,3,0,0.023522,0.032437,64.573,52.643,False,False,False,False,False,afternoon,0.117948,114.123,184.215,-0.054063,10.509999999999991,0.11571933333333335,151.46300000000002,0.08817933333333332,119.85983333333338,0.032437,52.643,0.05075671006215201,55.82075510058991,0.006487400000000001,10.5286,0.023522,64.573,0.00423396,11.623139999999998,4.847550636618675,6.837566248124156,9.533155721830154,5.167278377443618,0.20634920634920634,0.14285714285714285,0.0,0.0,0.14285714285714285,0.0,False,False,False,2,600.0,240.0,180.0,0.0,0.49149023549999993,0.0,1.0,weak_rules_v2,True,unusual_same_hour_usage,review_unusual_usage,0.050157,0.001605,train
synthetic_routine_anomaly_0113_1774010400000,1774010400000,synthetic_scenario,routine_anomaly,routine_anomaly_0113,2026-03-20T15:40:00+03:00,2026-03-20,synthetic_hourly_summary,15,Friday,True,143,29.221,44.837,526.611,62,95,0,12,0,0.4402,19.397,34.08,0.008405,93.926,149.054,0.040701,115.748,171.937,0.050157,0.001605,0.032,78.0,76.0,88.0,1,1,0,0,0.020512,0.021505,44.365,65.121,False,False,False,False,False,afternoon,0.063885,124.633,129.621,-0.013727999999999997,-8.884999999999991,0.07733000000000002,118.16800000000002,0.08710916666666664,121.96783333333337,0.021505,65.121,0.035839655955380315,5.65750165709784,0.004301,13.0242,0.020512,44.365,0.00369216,7.9857000000000005,6.661706579865148,3.8871485388737894,8.029175333680014,8.93885320009517,0.43356643356643354,0.6643356643356644,0.08391608391608392,0.0,0.0,0.0,False,False,False,2,660.0,300.0,240.0,0.0,0.3239786520000001,0.0,1.0,weak_rules_v2,True,unusual_same_hour_usage,review_unusual_usage,0.034529,0.001105,train
synthetic_normal_usage_0050_1774010400000,1774010400000,synthetic_scenario,normal_usage,normal_usage_0050,2026-03-20T15:40:00+03:00,2026-03-20,synthetic_hourly_summary,15,Friday,True,113,28.758,42.604,182.829,51,79,0,11,0,0.4575,0.0,0.0,0.0,38.175,56.457,0.03433,38.396,51.114,0.034529,0.001105,0.032,37.0,8.0,31.0,1,0,1,0,0.028427,0.029456,21.664,29.787,False,False,False,False,False,afternoon,0.050157,115.748,171.937,-0.015628000000000003,-77.352,0.04952366666666669,92.9256666666667,0.07725466666666665,110.51350000000004,0.029456,29.787,0.014688244188239784,47.43257547649528,0.0058912,5.9574,0.028427,21.664,0.00511686,3.8995200000000003,0.8611148832156432,1.4450934971631924,1.1925282302036788,4.290784506811094,0.45132743362831856,0.6991150442477876,0.09734513274336283,0.0,0.0,0.0,False,False,False,1,720.0,0.0,0.0,0.0,0.10414915000000001,0.0,1.0,weak_rules_v2,False,sudden_power_spike,reduce_peak_load,0.141461,0.004527,train
synthetic_routine_anomaly_0113_1774014000000,1774014000000,synthetic_scenario,routine_anomaly,routine_anomaly_0113,2026-03-20T16:40:00+03:00,2026-03-20,synthetic_hourly_summary,16,Friday,True,163,24.756,48.734,390.938,49,29,0,4,0,0.304,31.646,45.19,0.028372,122.335,159.584,0.109678,157.786,158.267,0.141461,0.004527,0.032,55.0,57.0,38.0,1,1,0,0,0.05152,0.056829,55.182,72.704,False,False,False,False,False,afternoon,0.034529,38.396,51.114,0.106932,119.39,0.07538233333333336,103.97666666666669,0.09555083333333331,127.71983333333337,0.056829,72.704,0.05775682849095301,60.559196174762846,0.0113658,14.540799999999999,0.05152,55.182,0.0092736,9.93276,7.446198243854371,5.851259903169015,9.69860679779158,10.329857964956366,0.3006134969325153,0.17791411042944785,0.024539877300613498,0.0,0.0,0.0,False,False,False,2,780.0,60.0,60.0,0.0,0.54909528,0.0,1.0,weak_rules_v2,True,unusual_same_hour_usage,review_unusual_usage,0.068968,0.002207,train
synthetic_normal_usage_0050_1774014000000,1774014000000,synthetic_scenario,normal_usage,normal_usage_0050,2026-03-20T16:40:00+03:00,2026-03-20,synthetic_hourly_summary,16,Friday,True,75,27.018,59.928,291.827,39,33,0,6,0,0.529,16.414,22.625,0.014767,59.926,84.0,0.053915,76.657,105.86,0.068968,0.002207,0.032,78.0,35.0,30.0,1,1,1,0,0.036504,0.047125,88.853,74.642,False,False,False,False,False,afternoon,0.141461,157.786,158.267,-0.072493,-81.129,0.08165266666666669,90.94633333333337,0.07949133333333332,104.5571666666667,0.047125,74.642,0.05458286115928114,60.96418465241229,0.009425000000000001,14.9284,0.036504,88.853,0.00657072,15.993539999999998,2.3175596816976127,0.13497762653733827,4.94070665010836,-0.7625578827451583,0.52,0.44,0.08,0.0,0.0,0.0,False,False,False,2,840.0,120.0,0.0,0.0,0.18052723499999998,0.7458140390849473,0.2541859609150528,weak_rules_v2,True,unusual_same_hour_usage,review_unusual_usage,0.083885,0.002684,train
synthetic_normal_usage_0050_1774017600000,1774017600000,synthetic_scenario,normal_usage,normal_usage_0050,2026-03-20T17:40:00+03:00,2026-03-20,synthetic_hourly_summary,17,Friday,True,156,25.006,51.492,315.81,97,104,0,5,0,0.6266,9.666,13.923,0.00609,123.464,160.661,0.077795,133.13,176.745,0.083885,0.002684,0.032,49.0,15.0,15.0,1,0,2,0,0.062837,0.054003,129.796,128.158,False,False,True,False,False,evening,0.068968,76.657,105.86,0.014917,56.473,0.09810466666666669,122.52433333333336,0.07381416666666664,107.72500000000004,0.054003,128.158,0.03828130029574965,41.59133063912952,0.0108006,25.6316,0.062837,129.796,0.01131066,23.363279999999996,2.766698146399274,0.19397930679317751,1.8608993639628455,0.14270256573563317,0.6217948717948718,0.6666666666666666,0.03205128205128205,0.0,0.0,0.0,False,False,False,1,900.0,0.0,60.0,0.0,0.24855370999999996,0.9524324780881223,0.04756752191187772,weak_rules_v2,True,unusual_same_hour_usage,review_unusual_usage,0.175367,0.005612,train
synthetic_high_energy_0024_1774032000000,1774032000000,synthetic_scenario,high_energy,high_energy_0024,2026-03-20T21:40:00+03:00,2026-03-20,synthetic_hourly_summary,21,Friday,True,87,24.703,51.609,363.765,58,16,0,1,0,0.6731,37.535,56.278,0.025905,216.564,334.64,0.149462,254.099,371.031,0.175367,0.005612,0.032,49.0,50.0,23.0,1,1,1,0,0.109604,0.06977,139.078,119.139,False,False,True,False,False,evening,0.083885,133.13,176.745,0.091482,120.969,0.1094066666666667,154.6286666666667,0.09239449999999998,129.3026666666667,0.06977,119.139,0.057608188674296665,90.65351809132044,0.013954000000000001,23.8278,0.109604,139.078,0.019728719999999998,25.03404,7.567507524724093,5.663972334835779,3.333363745848692,4.594584014405984,0.6666666666666666,0.1839080459770115,0.011494252873563218,0.0,0.0,0.0,False,False,False,2,960.0,60.0,120.0,0.0,0.32689999999999997,0.0,1.0,weak_rules_v2,True,unusual_same_hour_usage,review_unusual_usage,0.211308,0.006762,train
synthetic_high_energy_0024_1774035600000,1774035600000,synthetic_scenario,high_energy,high_energy_0024,2026-03-20T22:40:00+03:00,2026-03-20,synthetic_hourly_summary,22,Friday,True,129,25.273,53.382,344.904,84,100,0,5,0,0.6541,103.938,156.468,0.07513,183.669,263.113,0.132762,292.332,415.872,0.211308,0.006762,0.032,66.0,42.0,57.0,1,1,3,0,0.131546,0.081457,126.806,119.711,False,False,False,False,False,night,0.175367,254.099,371.031,0.035941,38.233000000000004,0.15685333333333334,226.52033333333338,0.11925299999999998,158.73333333333338,0.081457,119.711,0.06569796132554925,83.10689708040658,0.0162914,23.9422,0.131546,126.806,0.02367828,22.82508,7.970524325717863,7.209905522466606,3.368572379412694,7.251935152034517,0.6511627906976745,0.7751937984496124,0.03875968992248062,0.0,0.0,0.0,False,False,False,2,1020.0,120.0,180.0,0.0,0.3459,0.0,1.0,weak_rules_v2,True,unusual_same_hour_usage,review_unusual_usage,0.170289,0.005449,train
synthetic_high_energy_0024_1774039200000,1774039200000,synthetic_scenario,high_energy,high_energy_0024,2026-03-20T23:40:00+03:00,2026-03-20,synthetic_hourly_summary,23,Friday,True,73,32.01,61.71,95.539,73,30,0,1,10,1.0,69.778,104.826,0.042687,207.5,310.991,0.12694,278.36,391.331,0.170289,0.005449,0.032,5.0,59.0,5.0,1,1,0,0,0.077309,0.059248,120.745,110.618,True,False,False,False,True,night,0.211308,292.332,415.872,-0.041019,-13.97199999999998,0.18565466666666666,274.9303333333334,0.14187966666666665,198.72733333333338,0.059248,110.618,0.022361052174112186,19.34586602696418,0.011849600000000002,22.1236,0.077309,120.745,0.01391562,21.7341,9.37086483931947,7.582039089479109,6.681700132656683,7.251968105419594,1.0,0.410958904109589,0.0136986301369863,0.0,0.136986301369863,0.0,False,False,False,2,1080.0,180.0,240.0,0.0,0.0,0.0,1.0,weak_rules_v2,True,unusual_same_hour_usage,review_unusual_usage,0.10478,0.003353,train
synthetic_high_energy_0024_1774042800000,1774042800000,synthetic_scenario,high_energy,high_energy_0024,2026-03-21T00:40:00+03:00,2026-03-21,synthetic_hourly_summary,0,Saturday,True,84,27.123,56.961,445.94,70,66,0,2,0,0.8351,35.0,51.343,0.01225,260.82,482.032,0.091287,299.37,454.116,0.10478,0.003353,0.032,24.0,39.0,41.0,1,1,1,0,0.058898,0.047534,130.926,166.005,True,False,False,False,True,night,0.170289,278.36,391.331,-0.065509,21.00999999999999,0.1621256666666667,290.0206666666667,0.13576616666666666,222.32466666666667,0.047534,166.005,0.053731124167779754,10.694003989770762,0.009506800000000001,33.201,0.058898,130.926,0.010601639999999999,23.566679999999998,6.0215845500063105,4.016897081413211,4.327820978641041,7.147548997143426,0.8333333333333334,0.7857142857142857,0.023809523809523808,0.0,0.0,0.0,False,False,False,2,1140.0,240.0,300.0,0.0,0.16490000000000005,0.0,1.0,weak_rules_v2,True,unusual_same_hour_usage,review_unusual_usage,0.178781,0.005721,train
synthetic_power_spike_0209_1774075200000,1774075200000,synthetic_scenario,power_spike,power_spike_0209,2026-03-21T09:40:00+03:00,2026-03-21,synthetic_hourly_summary,9,Saturday,True,148,23.488,70.005,568.806,139,134,0,17,0,0.9414,110.554,180.892,0.08485,122.05,163.269,0.093674,232.94,342.727,0.178781,0.005721,0.032,55.0,23.0,32.0,1,1,3,0,0.066382,0.089559,78.094,160.208,False,True,False,False,False,morning,0.10478,299.37,454.116,0.074001,-66.43,0.15128333333333335,270.22333333333336,0.1540683333333333,248.37183333333337,0.089559,160.208,0.040496277907152954,33.954237339885154,0.017911800000000002,32.0416,0.066382,78.094,0.01194876,14.056919999999998,4.981185587154836,2.2699240986717264,9.406750156501596,11.015642117903496,0.9391891891891891,0.9054054054054054,0.11486486486486487,0.0,0.0,0.0,False,False,False,2,1200.0,300.0,360.0,0.0,0.058599999999999985,0.0,1.0,weak_rules_v2,True,unusual_same_hour_usage,review_unusual_usage,0.1652,0.005286,train
synthetic_power_spike_0209_1774078800000,1774078800000,synthetic_scenario,power_spike,power_spike_0209,2026-03-21T10:40:00+03:00,2026-03-21,synthetic_hourly_summary,10,Saturday,True,128,26.426,59.368,368.601,84,58,0,11,0,0.664,155.412,181.738,0.092544,121.53,121.53,0.072368,277.426,424.651,0.1652,0.005286,0.032,7.0,31.0,77.0,1,1,1,0,0.06761,0.108802,104.996,150.992,False,True,False,False,False,morning,0.178781,232.94,342.727,-0.013580999999999982,44.48599999999999,0.14958700000000003,269.91200000000003,0.16762083333333333,272.4211666666667,0.108802,150.992,0.03939367115413377,33.84643809915481,0.0217604,30.1984,0.06761,104.996,0.0121698,18.899279999999997,2.591772210069669,4.186778107449402,8.019030715377411,9.123627990061,0.65625,0.453125,0.0859375,0.0,0.0,0.0,False,False,False,2,1260.0,360.0,420.0,0.0,0.33599999999999997,0.0,1.0,weak_rules_v2,True,unusual_same_hour_usage,review_unusual_usage,0.177393,0.005677,train
synthetic_power_spike_0209_1774082400000,1774082400000,synthetic_scenario,power_spike,power_spike_0209,2026-03-21T11:40:00+03:00,2026-03-21,synthetic_hourly_summary,11,Saturday,True,116,24.264,58.394,525.042,45,79,0,9,0,0.3891,139.833,228.734,0.078518,176.088,212.498,0.098875,315.921,441.155,0.177393,0.005677,0.032,72.0,21.0,48.0,1,1,2,0,0.065022,0.105456,156.083,136.632,False,True,False,False,False,morning,0.1652,277.426,424.651,0.012192999999999982,38.495000000000005,0.17379133333333333,275.42900000000003,0.16795849999999998,282.7248333333334,0.105456,136.632,0.007472609472825841,41.52652883398652,0.0210912,27.326400000000003,0.065022,156.083,0.01170396,28.094939999999998,3.4107589895311787,6.561017916739854,9.601109368111306,5.689209516019611,0.3879310344827586,0.6810344827586207,0.07758620689655173,0.0,0.0,0.0,False,False,False,2,1320.0,420.0,480.0,0.0,0.6109,0.0,1.0,weak_rules_v2,True,unusual_same_hour_usage,review_unusual_usage,0.198714,0.006359,train
synthetic_power_spike_0209_1774086000000,1774086000000,synthetic_scenario,power_spike,power_spike_0209,2026-03-21T12:40:00+03:00,2026-03-21,synthetic_hourly_summary,12,Saturday,True,136,26.566,53.438,480.866,43,64,0,13,0,0.3201,60.724,89.579,0.039496,244.091,339.719,0.158758,305.523,449.395,0.198714,0.006359,0.032,18.0,45.0,42.0,1,1,0,0,0.088628,0.141874,98.03,146.534,False,False,False,False,False,afternoon,0.177393,315.921,441.155,0.021321000000000007,-10.397999999999968,0.1804356666666667,299.6233333333334,0.16585949999999997,284.9233333333334,0.141874,146.534,0.016962912908264523,19.914085626340672,0.028374800000000002,29.3068,0.088628,98.03,0.015953039999999998,17.6454,2.003185925539563,5.424986692508225,6.900628344190199,11.759042016616231,0.3161764705882353,0.47058823529411764,0.09558823529411764,0.0,0.0,0.0,False,False,False,2,1380.0,480.0,540.0,0.0,0.6799,0.0,1.0,weak_rules_v2,True,unusual_same_hour_usage,review_unusual_usage,0.001317,4.2e-05,train
synthetic_low_usage_normal_0148_1774132800000,1774132800000,synthetic_scenario,low_usage_normal,low_usage_normal_0148,2026-03-22T01:40:00+03:00,2026-03-22,synthetic_hourly_summary,1,Sunday,False,65,29.415,45.744,799.528,10,34,0,1,0,0.16,0.429,0.649,0.000242,0.888,1.284,0.000502,2.332,3.488,0.001317,4.2e-05,0.032,45.0,6.0,76.0,0,0,2,0,0.002,0.002,1.168,1.092,True,False,False,False,True,night,0.198714,305.523,449.395,-0.197397,-303.19100000000003,0.125808,207.92533333333338,0.13769749999999997,238.9186666666667,0.002,1.092,0.10833814227223959,178.1249382718021,0.002,3.0,0.002,1.168,0.002,3.0,-0.3415,0.4133333333333333,-0.3415,0.38799999999999996,0.15384615384615385,0.5230769230769231,0.015384615384615385,0.0,0.0,0.0,False,False,False,0,0.0,0.0,0.0,60.0,0.009794399999999998,0.8706666666666667,0.12933333333333333,weak_rules_v2,False,low_usage_normal,keep_monitoring,0.001048,3.4e-05,train
synthetic_low_usage_normal_0148_1774136400000,1774136400000,synthetic_scenario,low_usage_normal,low_usage_normal_0148,2026-03-22T02:40:00+03:00,2026-03-22,synthetic_hourly_summary,2,Sunday,False,60,30.46,61.971,862.369,18,42,0,3,9,0.3055,1.095,1.544,0.000727,0.112,0.174,7.4e-05,1.578,1.84,0.001048,3.4e-05,0.032,68.0,64.0,34.0,0,0,2,0,0.002,0.002,1.07,1.442,True,False,False,False,True,night,0.001317,2.332,3.488,-0.0002689999999999999,-0.7539999999999998,0.06702633333333335,103.14433333333339,0.12040883333333331,189.28666666666672,0.002,1.442,0.11404494401039159,175.26547198559507,0.002,3.0,0.002,1.07,0.002,3.0,-0.476,0.04533333333333337,-0.476,0.16933333333333334,0.3,0.7,0.05,0.0,0.15,0.0,False,False,False,0,0.0,0.0,0.0,0.0,0.005479605000000001,0.9435555555555556,0.05644444444444444,weak_rules_v2,False,high_temperature_comfort,verify_occupancy,0.002521,8.1e-05,train
synthetic_low_usage_normal_0148_1774140000000,1774140000000,synthetic_scenario,low_usage_normal,low_usage_normal_0148,2026-03-22T03:40:00+03:00,2026-03-22,synthetic_hourly_summary,3,Sunday,False,169,27.67,56.043,224.307,61,118,0,17,0,0.3614,0.213,0.399,0.000147,3.452,4.421,0.002374,3.666,6.042,0.002521,8.1e-05,0.032,43.0,51.0,59.0,0,0,3,0,0.002,0.002,4.426,2.853,True,False,False,False,True,night,0.001048,1.578,1.84,0.0014729999999999997,2.088,0.0016286666666666851,2.525333333333371,0.09103216666666665,151.07433333333339,0.002,2.853,0.0007844006204344856,1.057340689415073,0.002,3.0,0.002,4.426,0.002,3.0,0.2604999999999999,0.2709999999999999,0.2604999999999999,-0.2533333333333334,0.3609467455621302,0.6982248520710059,0.10059171597633136,0.0,0.0,0.0,False,False,False,0,0.0,0.0,0.0,0.0,0.011705538,0.9155555555555556,0.08444444444444447,weak_rules_v2,False,low_usage_normal,keep_monitoring,0.277202,0.00887,train
synthetic_ac_left_on_0271_1774140000000,1774140000000,synthetic_scenario,ac_left_on,ac_left_on_0271,2026-03-22T03:40:00+03:00,2026-03-22,synthetic_hourly_summary,3,Sunday,False,150,25.668,59.426,432.523,1,27,0,8,0,0.0077,0.0,0.0,0.0,386.128,559.956,0.275126,389.041,561.112,0.277202,0.00887,0.032,42.0,31.0,46.0,1,0,3,0,0.195393,0.251862,306.349,283.11,True,False,False,False,True,night,0.002521,3.666,6.042,0.274681,385.375,0.09359033333333334,131.42833333333337,0.10969916666666664,169.67683333333335,0.251862,283.11,0.15901407338450693,223.1015563736241,0.0503724,56.62200000000001,0.195393,306.349,0.03517074,55.14281999999999,0.5030532593245514,1.870845254494719,2.326052849613059,1.4995968650134328,0.006666666666666667,0.18,0.05333333333333334,0.0,0.0,0.0,False,False,False,1,60.0,0.0,60.0,60.0,0.9923,0.5001343783288557,0.4998656216711443,weak_rules_v2,True,ac_running_empty_room,turn_off_or_adjust_ac,0.002824,9e-05,train
synthetic_low_usage_normal_0148_1774143600000,1774143600000,synthetic_scenario,low_usage_normal,low_usage_normal_0148,2026-03-22T04:40:00+03:00,2026-03-22,synthetic_hourly_summary,4,Sunday,False,85,26.37,46.639,656.787,13,44,0,0,0,0.1549,0.677,1.049,0.00053,2.933,3.255,0.002295,3.61,5.317,0.002824,9e-05,0.032,65.0,28.0,18.0,0,0,3,0,0.002381,0.002104,3.066,2.962,True,False,False,False,True,night,0.277202,389.041,561.112,-0.274378,-385.431,0.09418233333333335,132.10566666666674,0.0806043333333333,117.62500000000004,0.002104,2.962,0.15849975313019687,222.51252755818803,0.002,3.0,0.002381,3.066,0.002,3.0,0.36000000000000004,0.2159999999999999,0.2215000000000001,0.18133333333333335,0.15294117647058825,0.5176470588235295,0.0,0.0,0.0,0.0,False,False,False,0,0.0,0.0,0.0,120.0,0.015254054999999999,0.9395555555555556,0.060444444444444446,weak_rules_v2,False,low_usage_normal,keep_monitoring,0.171929,0.005502,train
synthetic_ac_left_on_0271_1774143600000,1774143600000,synthetic_scenario,ac_left_on,ac_left_on_0271,2026-03-22T04:40:00+03:00,2026-03-22,synthetic_hourly_summary,4,Sunday,False,166,25.716,80.191,444.712,1,158,0,9,0,0.0106,1.581,1.845,0.001504,176.975,248.615,0.168396,180.687,292.826,0.171929,0.005502,0.032,69.0,13.0,17.0,1,0,2,0,0.134555,0.096924,88.948,130.924,True,False,False,False,True,night,0.002824,3.61,5.317,0.169105,177.077,0.15065166666666668,191.11266666666674,0.07614016666666663,96.81900000000003,0.096924,130.924,0.13842097169985973,192.92688986850257,0.0193848,26.184800000000003,0.134555,88.948,0.0242199,16.01064,3.8692687053774093,1.9004536983288014,1.5431112432338694,5.729877131707417,0.006024096385542169,0.9518072289156626,0.05421686746987952,0.0,0.0,0.0,False,False,False,1,60.0,0.0,60.0,180.0,0.893858589,0.0,1.0,weak_rules_v2,True,ac_running_empty_room,turn_off_or_adjust_ac,0.150741,0.004824,train
synthetic_ac_left_on_0271_1774147200000,1774147200000,synthetic_scenario,ac_left_on,ac_left_on_0271,2026-03-22T05:40:00+03:00,2026-03-22,synthetic_hourly_summary,5,Sunday,False,89,27.167,47.71,266.667,6,53,0,5,0,0.0683,3.953,5.258,0.001982,292.06,387.224,0.146476,300.565,350.718,0.150741,0.004824,0.032,59.0,52.0,63.0,1,0,2,0,0.139785,0.170162,262.873,340.348,True,True,False,False,True,morning,0.171929,180.687,292.826,-0.021187999999999985,119.87799999999999,0.10849800000000002,161.62066666666672,0.10104416666666664,146.52450000000005,0.170162,340.348,0.0921275124107887,149.39281042383988,0.034032400000000004,68.06960000000001,0.139785,262.873,0.025161299999999998,47.317139999999995,-0.5706620749638577,-0.5844459200582934,0.43543060175746173,0.79658238008468,0.06741573033707865,0.5955056179775281,0.056179775280898875,0.0,0.0,0.0,False,False,False,1,120.0,0.0,120.0,240.0,0.9317,0.7344725399717733,0.26552746002822664,weak_rules_v2,True,ac_running_empty_room,turn_off_or_adjust_ac,0.099238,0.003176,train
synthetic_ac_left_on_0271_1774150800000,1774150800000,synthetic_scenario,ac_left_on,ac_left_on_0271,2026-03-22T06:40:00+03:00,2026-03-22,synthetic_hourly_summary,6,Sunday,False,143,27.593,52.26,294.655,0,94,0,4,0,0.0,5.46,7.199,0.003168,164.044,238.809,0.095165,171.066,215.444,0.099238,0.003176,0.032,32.0,51.0,17.0,1,0,1,0,0.128792,0.054361,180.013,131.29,False,True,False,False,False,morning,0.150741,300.565,350.718,-0.05150300000000001,-129.499,0.140636,217.43933333333337,0.11740916666666663,174.77250000000004,0.054361,131.29,0.037384203067606404,72.14948547518068,0.0108722,26.258,0.128792,180.013,0.023182559999999998,32.40234,4.127683449531834,1.51481453271384,-1.2748376365681782,-0.27612203316180256,0.0,0.6573426573426573,0.027972027972027972,0.0,0.0,60.0,False,False,False,1,180.0,0.0,180.0,300.0,0.85533,0.9079593222793991,0.09204067772060086,weak_rules_v2,True,ac_running_empty_room,turn_off_or_adjust_ac,0.022648,0.000725,train
synthetic_normal_usage_0160_1774154400000,1774154400000,synthetic_scenario,normal_usage,normal_usage_0160,2026-03-22T07:40:00+03:00,2026-03-22,synthetic_hourly_summary,7,Sunday,False,92,27.688,41.511,197.063,53,45,0,8,0,0.5798,25.988,39.406,0.022648,0.0,0.0,0.0,25.988,32.702,0.022648,0.000725,0.032,70.0,71.0,28.0,0,1,0,0,0.018212,0.014534,25.76,26.052,False,True,False,False,False,morning,0.099238,171.066,215.444,-0.07659,-145.078,0.09087566666666669,165.87300000000005,0.12076366666666664,178.49283333333338,0.014534,26.052,0.0644546400682942,137.3621405955805,0.0029068,5.2104,0.018212,25.76,0.0032781599999999996,4.6368,2.7913857162515483,-0.012283126055581156,1.3531981355394498,0.04917184265010308,0.5760869565217391,0.4891304347826087,0.08695652173913043,0.0,0.0,0.0,False,False,False,1,0.0,60.0,0.0,0.0,0.054600788000000004,0.9836093857832989,0.016390614216701026,weak_rules_v2,False,unusual_same_hour_usage,review_unusual_usage,0.050713,0.001623,train
synthetic_normal_usage_0160_1774158000000,1774158000000,synthetic_scenario,normal_usage,normal_usage_0160,2026-03-22T08:40:00+03:00,2026-03-22,synthetic_hourly_summary,8,Sunday,False,107,24.114,65.278,686.038,64,13,0,6,0,0.6027,16.006,22.486,0.015898,27.702,42.157,0.027516,51.056,59.854,0.050713,0.001623,0.032,65.0,19.0,56.0,1,1,0,0,0.02769,0.038924,28.725,38.852,False,True,False,True,False,morning,0.022648,25.988,32.702,0.028065,25.067999999999998,0.05753300000000002,82.70333333333338,0.08301549999999998,122.16200000000003,0.038924,38.852,0.03874779122737211,77.54399913167649,0.007784800000000001,7.7703999999999995,0.02769,28.725,0.004984199999999999,5.1705,1.5143613194943994,1.5705755173478844,4.619196661450183,4.31892466879412,0.5981308411214953,0.12149532710280374,0.056074766355140186,0.0,0.0,0.0,False,False,False,2,60.0,120.0,0.0,0.0,0.101422744,0.0,1.0,weak_rules_v2,True,unusual_same_hour_usage,review_unusual_usage,0.048523,0.001553,train
synthetic_normal_usage_0160_1774161600000,1774161600000,synthetic_scenario,normal_usage,normal_usage_0160,2026-03-22T09:40:00+03:00,2026-03-22,synthetic_hourly_summary,9,Sunday,False,116,23.47,41.717,261.976,65,59,0,10,0,0.5668,7.222,8.807,0.00459,69.117,92.694,0.043933,76.339,94.265,0.048523,0.001553,0.032,74.0,59.0,28.0,1,0,2,0,0.029781,0.046669,54.31,77.113,False,True,False,True,False,morning,0.050713,51.056,59.854,-0.0021900000000000044,25.283,0.04062800000000002,51.1276666666667,0.09063199999999999,134.28350000000003,0.046669,77.113,0.015609590801811912,25.175576504490866,0.009333800000000001,15.422600000000001,0.029781,54.31,0.005360579999999999,9.7758,0.1986329254965817,-0.05018609054245075,3.4962634640281465,2.2534217148468665,0.5603448275862069,0.5086206896551724,0.08620689655172414,0.0,0.0,0.0,False,False,False,1,120.0,0.0,0.0,0.0,0.16535027400000002,0.2488594283843778,0.7511405716156222,weak_rules_v2,True,unusual_same_hour_usage,review_unusual_usage,0.012115,0.000388,train
synthetic_normal_usage_0160_1774165200000,1774165200000,synthetic_scenario,normal_usage,normal_usage_0160,2026-03-22T10:40:00+03:00,2026-03-22,synthetic_hourly_summary,10,Sunday,False,47,26.851,69.329,226.476,28,12,0,4,0,0.6161,0.0,0.0,0.0,23.092,34.867,0.010519,26.597,37.852,0.012115,0.000388,0.032,62.0,45.0,62.0,1,0,0,0,0.008011,0.010402,14.746,23.094,False,True,False,True,False,morning,0.048523,76.339,94.265,-0.036407999999999996,-49.742,0.03711700000000002,51.3306666666667,0.06399633333333332,108.60183333333337,0.010402,23.094,0.021680037546093187,24.8721374701386,0.0020804,4.6188,0.008011,14.746,0.002,3.0,0.8233993462795621,0.7584221009786092,2.052,3.9503333333333335,0.5957446808510638,0.2553191489361702,0.0851063829787234,0.0,0.0,0.0,False,False,False,1,180.0,0.0,0.0,0.0,0.05105294150000001,0.0,1.0,weak_rules_v2,False,unusual_same_hour_usage,review_unusual_usage,0.015473,0.000495,train
synthetic_smoke_gas_0085_1774179600000,1774179600000,synthetic_scenario,smoke_gas,smoke_gas_0085,2026-03-22T14:40:00+03:00,2026-03-22,synthetic_hourly_summary,14,Sunday,False,153,26.225,36.023,382.641,63,145,6,10,0,0.4178,4.666,6.953,0.003764,11.478,15.2,0.00926,19.178,20.347,0.015473,0.000495,0.032,8.0,31.0,40.0,1,0,1,0,0.014577,0.0121,16.918,18.202,False,False,False,True,False,afternoon,0.012115,26.597,37.852,0.003358,-7.4190000000000005,0.025370333333333352,40.704666666666704,0.04145166666666665,61.704000000000036,0.0121,18.202,0.020120972176645466,31.082385274194817,0.0024200000000000003,3.6404000000000005,0.014577,16.918,0.00262386,3.0452399999999997,1.3938016528925623,0.26810240632897453,0.34148163392863984,0.7421418344695334,0.4117647058823529,0.9477124183006536,0.06535947712418301,0.0392156862745098,0.0,0.0,False,False,False,1,240.0,0.0,0.0,0.0,0.05582715800000001,0.7526193885101555,0.24738061148984447,weak_rules_v2,False,smoke_gas_safety,check_smoke_gas_sensor,0.020531,0.000657,train
synthetic_smoke_gas_0085_1774183200000,1774183200000,synthetic_scenario,smoke_gas,smoke_gas_0085,2026-03-22T15:40:00+03:00,2026-03-22,synthetic_hourly_summary,15,Sunday,False,127,28.318,52.422,305.549,71,49,2,11,0,0.5651,15.347,19.387,0.005372,41.906,55.196,0.014667,58.659,86.524,0.020531,0.000657,0.032,50.0,15.0,75.0,1,1,3,0,0.007485,0.02485,27.972,63.669,False,False,False,True,False,afternoon,0.015473,19.178,20.347,0.005058,39.480999999999995,0.016039666666666685,34.81133333333337,0.02833383333333331,42.96950000000004,0.02485,63.669,0.004236519483413142,20.98317884243206,0.0049700000000000005,12.7338,0.007485,27.972,0.002,5.03496,-0.8690140845070422,-0.39344107807567247,6.523,6.094785261451928,0.5590551181102362,0.3858267716535433,0.08661417322834646,0.015748031496062992,0.0,0.0,False,False,False,2,300.0,60.0,0.0,0.0,0.12755399549999996,0.0,1.0,weak_rules_v2,False,smoke_gas_safety,check_smoke_gas_sensor,0.382595,0.012243,train
synthetic_power_spike_0039_1774186800000,1774186800000,synthetic_scenario,power_spike,power_spike_0039,2026-03-22T16:40:00+03:00,2026-03-22,synthetic_hourly_summary,16,Sunday,False,118,27.766,49.345,439.089,31,98,0,6,0,0.2685,148.386,168.987,0.135671,265.886,438.621,0.243102,418.452,557.352,0.382595,0.012243,0.032,76.0,79.0,54.0,1,1,3,0,0.16674,0.145222,174.724,286.302,False,False,False,True,False,afternoon,0.020531,58.659,86.524,0.362064,359.793,0.13953300000000002,165.4296666666667,0.08832499999999999,108.3801666666667,0.145222,286.302,0.21051305832180586,220.01116611284382,0.029044399999999998,57.260400000000004,0.16674,174.724,0.0300132,31.450319999999998,8.17276307997411,2.307877695580191,7.192002185704957,7.7496190817772295,0.2627118644067797,0.8305084745762712,0.05084745762711865,0.0,0.0,0.0,False,False,False,2,360.0,120.0,60.0,0.0,0.7315,0.0,1.0,weak_rules_v2,True,unusual_same_hour_usage,review_unusual_usage,0.018404,0.000589,train
synthetic_smoke_gas_0085_1774186800000,1774186800000,synthetic_scenario,smoke_gas,smoke_gas_0085,2026-03-22T16:40:00+03:00,2026-03-22,synthetic_hourly_summary,16,Sunday,False,71,30.503,52.757,462.953,56,58,2,5,10,0.791,1.314,1.882,0.000718,30.345,38.958,0.016581,33.682,46.412,0.018404,0.000589,0.032,67.0,77.0,64.0,1,0,2,0,0.015451,0.015262,24.65,26.483,False,False,False,True,False,afternoon,0.382595,418.452,557.352,-0.36419100000000004,-384.77,0.14051,170.26433333333338,0.08294016666666665,105.48450000000003,0.015262,26.483,0.20965445726480522,215.29932895003031,0.0030524000000000003,5.296600000000001,0.015451,24.65,0.00278118,4.436999999999999,1.0293539509893856,1.3591738096137147,1.0617795324286816,2.0356096461573148,0.7887323943661971,0.8169014084507042,0.07042253521126761,0.028169014084507043,0.14084507042253522,0.0,False,False,False,1,420.0,0.0,0.0,0.0,0.03519769,0.32146345128089504,0.678536548719105,weak_rules_v2,False,smoke_gas_safety,check_smoke_gas_sensor,0.376735,0.012056,train
synthetic_power_spike_0039_1774190400000,1774190400000,synthetic_scenario,power_spike,power_spike_0039,2026-03-22T17:40:00+03:00,2026-03-22,synthetic_hourly_summary,17,Sunday,False,119,26.397,37.227,636.157,80,108,0,2,0,0.6798,135.657,196.962,0.141732,223.63,257.599,0.233644,360.589,361.715,0.376735,0.012056,0.032,76.0,64.0,72.0,1,1,1,0,0.169075,0.169251,161.521,263.739,False,False,True,True,False,evening,0.018404,33.682,46.412,0.358331,326.907,0.2592446666666667,270.9076666666667,0.13764216666666665,152.85950000000005,0.169251,263.739,0.20859471455512332,207.4705867980646,0.033850200000000004,52.7478,0.169075,161.521,0.0304335,29.073779999999996,6.129476339873913,1.8360955338421703,6.823401843363398,6.846994095710982,0.6722689075630253,0.907563025210084,0.01680672268907563,0.0,0.0,0.0,False,False,False,2,480.0,60.0,60.0,0.0,0.32020000000000004,0.0,1.0,weak_rules_v2,True,unusual_same_hour_usage,review_unusual_usage,0.014748,0.000472,train
synthetic_smoke_gas_0085_1774190400000,1774190400000,synthetic_scenario,smoke_gas,smoke_gas_0085,2026-03-22T17:40:00+03:00,2026-03-22,synthetic_hourly_summary,17,Sunday,False,118,25.583,78.568,126.32,107,96,10,2,0,0.9091,24.158,36.986,0.008805,13.726,14.339,0.005003,40.466,55.83,0.014748,0.000472,0.032,55.0,68.0,81.0,1,1,0,0,0.011427,0.009457,28.464,18.733,False,False,True,True,False,evening,0.376735,360.589,361.715,-0.361987,-320.123,0.136629,144.91233333333338,0.13808099999999998,155.17100000000005,0.009457,18.733,0.2079459304987718,186.8122695979399,0.002,3.7466000000000004,0.011427,28.464,0.0020568599999999998,5.123519999999999,2.6455,5.8007259915656855,1.6145970070884754,2.3425301355318227,0.9067796610169492,0.8135593220338984,0.01694915254237288,0.0847457627118644,0.0,0.0,False,False,False,2,540.0,120.0,0.0,0.0,0.018391796999999998,0.2191566214893924,0.7808433785106076,weak_rules_v2,False,smoke_gas_safety,check_smoke_gas_sensor,0.02184,0.000699,train
synthetic_smoke_gas_0025_1774190400000,1774190400000,synthetic_scenario,smoke_gas,smoke_gas_0025,2026-03-22T17:40:00+03:00,2026-03-22,synthetic_hourly_summary,17,Sunday,False,59,30.255,50.099,40.0,46,37,5,0,8,0.7874,18.216,32.138,0.008865,24.069,39.295,0.011713,44.877,51.627,0.02184,0.000699,0.032,34.0,19.0,47.0,1,1,0,0,0.004442,0.018128,37.293,46.756,False,False,True,True,False,evening,0.014748,40.466,55.83,0.007091999999999998,4.411000000000001,0.13777433333333336,148.64400000000003,0.13914216666666665,159.4541666666667,0.018128,46.756,0.2069763857939677,183.56300416750656,0.0036255999999999997,9.3512,0.004442,37.293,0.002,6.712739999999999,1.0238305383936452,-0.20093677816750766,8.698999999999998,1.1297920074366061,0.7796610169491526,0.6271186440677966,0.0,0.0847457627118644,0.13559322033898305,0.0,False,False,False,2,600.0,180.0,0.0,0.0,0.047704251,0.6234026641877979,0.37659733581220206,weak_rules_v2,False,smoke_gas_safety,check_smoke_gas_sensor,0.034844,0.001115,train
synthetic_smoke_gas_0025_1774194000000,1774194000000,synthetic_scenario,smoke_gas,smoke_gas_0025,2026-03-22T18:40:00+03:00,2026-03-22,synthetic_hourly_summary,18,Sunday,False,126,26.225,56.803,835.743,71,22,4,5,0,0.5713,27.929,44.912,0.022086,16.133,17.328,0.012758,44.062,54.927,0.034844,0.001115,0.032,22.0,62.0,15.0,1,1,0,0,0.020044,0.028172,32.091,32.837,False,False,True,False,False,evening,0.02184,44.877,51.627,0.013004000000000002,-0.8150000000000048,0.023810666666666685,43.13500000000004,0.14152766666666663,157.0213333333334,0.028172,32.837,0.010191906069688035,2.3470677451075845,0.0056344,6.567400000000001,0.020044,32.091,0.0036079199999999997,5.77638,1.1841544796251597,1.7091999878186181,4.102086520765428,2.07240520879859,0.5634920634920635,0.1746031746031746,0.03968253968253968,0.031746031746031744,0.0,0.0,False,False,False,2,660.0,240.0,0.0,0.0,0.09444689699999999,0.30919826373380344,0.6908017362661966,weak_rules_v2,False,smoke_gas_safety,check_smoke_gas_sensor,0.175482,0.005615,train
synthetic_power_spike_0039_1774194000000,1774194000000,synthetic_scenario,power_spike,power_spike_0039,2026-03-22T18:40:00+03:00,2026-03-22,synthetic_hourly_summary,18,Sunday,False,110,28.073,57.267,482.091,57,25,0,12,0,0.5199,145.269,154.312,0.089966,135.672,150.866,0.084023,283.352,455.221,0.175482,0.005615,0.032,65.0,9.0,41.0,1,1,3,0,0.051612,0.066469,109.515,144.144,False,False,True,False,False,evening,0.034844,44.062,54.927,0.14063799999999999,239.28999999999996,0.07738866666666668,124.09700000000002,0.10700883333333332,134.50466666666668,0.066469,144.144,0.08519978014838625,137.91947768535104,0.013293800000000001,28.8288,0.051612,109.515,0.009290159999999999,19.712699999999998,8.200288856459402,4.828782328782328,13.33346250226046,8.818528156974946,0.5181818181818182,0.22727272727272727,0.10909090909090909,0.0,0.0,0.0,False,False,False,2,720.0,300.0,60.0,0.0,0.48009999999999997,0.0,1.0,weak_rules_v2,True,unusual_same_hour_usage,review_unusual_usage,0.02262,0.000724,train
synthetic_smoke_gas_0025_1774197600000,1774197600000,synthetic_scenario,smoke_gas,smoke_gas_0025,2026-03-22T19:40:00+03:00,2026-03-22,synthetic_hourly_summary,19,Sunday,False,170,25.649,35.912,500.34,64,76,23,9,0,0.3781,7.581,9.679,0.00611,20.418,21.509,0.016456,28.066,39.521,0.02262,0.000724,0.032,5.0,20.0,63.0,1,0,2,0,0.014443,0.022531,23.022,18.537,False,False,True,False,False,evening,0.175482,283.352,455.221,-0.152862,-255.28599999999997,0.07764866666666669,118.49333333333334,0.10771149999999997,133.5686666666667,0.022531,18.537,0.08494632056383226,142.99563974238302,0.0045062,3.7074,0.014443,23.022,0.0025997399999999997,4.14396,0.019750565887000637,2.570264875654097,3.1453145314531463,1.2171932161507353,0.3764705882352941,0.4470588235294118,0.052941176470588235,0.13529411764705881,0.0,0.0,False,False,False,1,780.0,0.0,0.0,0.0,0.08727122699999999,0.5942689279497548,0.4057310720502451,weak_rules_v2,False,smoke_gas_safety,check_smoke_gas_sensor,0.205332,0.006571,train
synthetic_power_spike_0039_1774197600000,1774197600000,synthetic_scenario,power_spike,power_spike_0039,2026-03-22T19:40:00+03:00,2026-03-22,synthetic_hourly_summary,19,Sunday,False,83,25.462,50.343,188.832,36,24,0,9,0,0.442,146.863,226.324,0.095448,167.5,234.593,0.108861,315.936,429.434,0.205332,0.006571,0.032,6.0,21.0,63.0,1,1,1,0,0.098373,0.11695,121.157,145.06,False,False,True,False,False,evening,0.02262,28.066,39.521,0.18271199999999999,287.87,0.13447800000000001,209.11800000000002,0.07914433333333332,126.12650000000002,0.11695,145.06,0.09801487003511268,157.63977699806597,0.02339,29.012,0.098373,121.157,0.01770714,21.808259999999997,3.7786233433091057,5.8898386874396795,6.04044470196768,8.931432402218244,0.43373493975903615,0.2891566265060241,0.10843373493975904,0.0,0.0,0.0,False,False,False,2,840.0,60.0,60.0,0.0,0.558,0.0,1.0,weak_rules_v2,True,unusual_same_hour_usage,review_unusual_usage,0.011796,0.000377,train
synthetic_smoke_gas_0025_1774201200000,1774201200000,synthetic_scenario,smoke_gas,smoke_gas_0025,2026-03-22T20:40:00+03:00,2026-03-22,synthetic_hourly_summary,20,Sunday,False,122,26.22,28.278,283.571,53,20,12,5,0,0.442,18.162,33.989,0.011796,0.0,0.0,0.0,18.162,24.458,0.011796,0.000377,0.032,49.0,33.0,55.0,0,1,3,0,0.013417,0.008409,14.08,18.648,False,False,True,False,False,evening,0.205332,315.936,429.434,-0.19353599999999999,-297.774,0.07991600000000003,120.72133333333333,0.07865233333333331,122.40916666666669,0.008409,18.648,0.10874819325395718,169.13337005255167,0.002,3.7296,0.013417,14.08,0.00241506,3.0,1.6934999999999996,-0.1303088803088805,-0.6712048561940493,1.3606666666666662,0.4344262295081967,0.16393442622950818,0.040983606557377046,0.09836065573770492,0.0,0.0,False,False,False,1,0.0,120.0,0.0,0.0,0.050671980000000005,0.5464444444444445,0.45355555555555543,weak_rules_v2,False,smoke_gas_safety,check_smoke_gas_sensor,0.083611,0.002676,train
synthetic_hub_offline_0287_1774212000000,1774212000000,synthetic_scenario,hub_offline,hub_offline_0287,2026-03-22T23:40:00+03:00,2026-03-22,synthetic_hourly_summary,23,Sunday,False,175,28.144,59.0,345.468,121,69,0,17,0,0.6949,22.411,43.186,0.021758,63.71,82.223,0.061854,86.121,110.288,0.083611,0.002676,0.032,1293.0,1168.0,1916.0,1,1,3,0,0.046245,0.099052,63.071,81.343,True,False,False,False,True,night,0.011796,18.162,24.458,0.071815,67.959,0.10024633333333337,140.073,0.08894749999999997,129.2831666666667,0.099052,81.343,0.09783453664393446,156.046315230447,0.019810400000000002,16.268600000000003,0.046245,63.071,0.0083241,11.35278,-0.7794390825021198,0.29369460187108853,4.488893694213189,2.0303397053408943,0.6914285714285714,0.3942857142857143,0.09714285714285714,0.0,0.0,0.0,True,True,True,2,60.0,180.0,0.0,0.0,0.1313775855,0.3232200982197019,0.6767799017802981,weak_rules_v2,False,hub_offline_or_stale,wait_for_fresh_data,0.010011,0.00032,train
synthetic_hub_offline_0287_1774215600000,1774215600000,synthetic_scenario,hub_offline,hub_offline_0287,2026-03-23T00:40:00+03:00,2026-03-23,synthetic_hourly_summary,0,Monday,False,85,25.471,41.982,320.632,70,80,0,5,0,0.8329,13.598,17.589,0.010011,0.0,0.0,0.0,13.598,23.496,0.010011,0.00032,0.032,763.0,1334.0,604.0,0,1,3,0,0.010709,0.01118,11.796,8.99,True,False,False,False,True,night,0.083611,86.121,110.288,-0.0736,-72.523,0.03513933333333336,39.29366666666668,0.08480866666666664,124.20583333333336,0.01118,8.99,0.04198718147641428,40.61781486408968,0.002236,3.0,0.010709,11.796,0.002,3.0,-0.5228085867620751,1.5360000000000003,-0.3489999999999995,0.6006666666666671,0.8235294117647058,0.9411764705882353,0.058823529411764705,0.0,0.0,0.0,True,True,True,1,0.0,240.0,0.0,0.0,0.011361129000000003,0.7997777777777776,0.20022222222222238,weak_rules_v2,False,hub_offline_or_stale,wait_for_fresh_data,0.160831,0.005147,train
synthetic_routine_anomaly_0243_1774215600000,1774215600000,synthetic_scenario,routine_anomaly,routine_anomaly_0243,2026-03-23T00:40:00+03:00,2026-03-23,synthetic_hourly_summary,0,Monday,False,146,28.584,48.962,524.475,23,43,0,2,0,0.1592,24.443,31.559,0.023406,140.014,183.425,0.134073,167.957,175.485,0.160831,0.005147,0.032,58.0,37.0,48.0,1,1,0,0,0.068632,0.080959,66.458,82.225,True,False,False,False,True,night,0.010011,13.598,23.496,0.15082,154.35899999999998,0.0848176666666667,89.22533333333335,0.08236683333333332,104.97333333333336,0.080959,82.225,0.07541724029247793,77.22630953459718,0.016191800000000003,16.445,0.068632,66.458,0.01235376,11.962439999999999,4.93286725379513,5.213256308908483,7.463233865640906,8.48480744731008,0.15753424657534246,0.2945205479452055,0.0136986301369863,0.0,0.0,0.0,False,False,False,2,60.0,300.0,60.0,60.0,0.706091228,0.0,1.0,weak_rules_v2,True,ac_running_empty_room,turn_off_or_adjust_ac,0.044389,0.00142,train
synthetic_smoke_gas_0165_1774219200000,1774219200000,synthetic_scenario,smoke_gas,smoke_gas_0165,2026-03-23T01:40:00+03:00,2026-03-23,synthetic_hourly_summary,1,Monday,False,98,28.804,59.48,350.223,61,59,7,3,0,0.6289,13.15,20.883,0.012054,33.445,51.198,0.030658,48.425,75.243,0.044389,0.00142,0.032,24.0,27.0,28.0,1,1,3,0,0.047267,0.040233,52.961,38.822,True,False,False,False,True,night,0.160831,167.957,175.485,-0.116442,-119.532,0.0717436666666667,76.66000000000001,0.08599499999999999,108.36650000000003,0.040233,38.822,0.07904350979892881,80.96040167267016,0.0080466,7.764400000000001,0.047267,52.961,0.00850806,9.53298,0.5164914373772774,1.2367987223739108,-0.3382674781325009,-0.47582183115877735,0.6224489795918368,0.6020408163265306,0.030612244897959183,0.07142857142857142,0.0,0.0,False,False,False,2,120.0,360.0,0.0,0.0,0.08985258749999998,0.8413927229470742,0.1586072770529258,weak_rules_v2,False,smoke_gas_safety,check_smoke_gas_sensor,0.118164,0.003781,train
synthetic_routine_anomaly_0243_1774219200000,1774219200000,synthetic_scenario,routine_anomaly,routine_anomaly_0243,2026-03-23T01:40:00+03:00,2026-03-23,synthetic_hourly_summary,1,Monday,False,97,27.003,70.084,622.721,56,76,0,6,0,0.5871,30.114,39.632,0.025544,109.191,200.309,0.09262,139.305,222.663,0.118164,0.003781,0.032,18.0,73.0,21.0,1,1,0,0,0.049076,0.051678,63.752,50.743,True,False,False,False,True,night,0.044389,48.425,75.243,0.07377500000000001,90.88000000000001,0.1077946666666667,118.56233333333334,0.07146699999999999,78.92800000000004,0.051678,50.743,0.05890948265206003,62.40727859259196,0.0103356,10.148600000000002,0.049076,63.752,0.00883368,11.47536,6.432717984442123,8.726523855507162,7.8209760824480865,6.583932878794216,0.5773195876288659,0.7835051546391752,0.061855670103092786,0.0,0.0,0.0,False,False,False,2,180.0,420.0,60.0,0.0,0.28759517250000005,0.0,1.0,weak_rules_v2,True,unusual_same_hour_usage,review_unusual_usage,0.002844,9.1e-05,train
synthetic_hub_offline_0287_1774219200000,1774219200000,synthetic_scenario,hub_offline,hub_offline_0287,2026-03-23T01:40:00+03:00,2026-03-23,synthetic_hourly_summary,1,Monday,False,80,27.712,41.562,171.858,0,27,0,5,0,0.0,7.986,13.5,0.002844,0.0,0.0,0.0,7.986,10.133,0.002844,9.1e-05,0.032,699.0,1767.0,3325.0,0,0,2,0,0.003012,0.002775,3.925,6.851,True,False,False,False,True,night,0.118164,139.305,222.663,-0.11532,-131.31900000000002,0.055132333333333366,65.23866666666667,0.06997499999999998,77.23200000000004,0.002775,6.851,0.058405821698982625,67.25469857440028,0.002,3.0,0.003012,3.925,0.002,3.0,0.034500000000000024,0.37833333333333324,-0.08399999999999987,1.3536666666666666,0.0,0.3375,0.0625,0.0,0.0,60.0,True,True,True,0,0.0,0.0,0.0,60.0,0.03993,0.5487777777777778,0.4512222222222222,weak_rules_v2,False,hub_offline_or_stale,wait_for_fresh_data,0.029919,0.000957,train
synthetic_hub_offline_0287_1774222800000,1774222800000,synthetic_scenario,hub_offline,hub_offline_0287,2026-03-23T02:40:00+03:00,2026-03-23,synthetic_hourly_summary,2,Monday,False,171,22.141,43.015,517.906,56,104,0,8,0,0.3324,29.195,46.051,0.012002,39.201,70.322,0.016115,72.779,87.501,0.029919,0.000957,0.032,1250.0,1531.0,3266.0,1,1,2,0,0.011712,0.019538,49.45,63.084,True,False,False,False,True,night,0.002844,7.986,10.133,0.027075000000000002,64.79299999999999,0.05030900000000003,73.35666666666667,0.06102633333333332,75.00833333333337,0.019538,63.084,0.060303313963662196,65.66140582056883,0.0039076,12.616800000000001,0.011712,49.45,0.00210816,8.901,2.656617872863139,0.7684198845983128,8.6364412568306,2.62094146725087,0.32748538011695905,0.6081871345029239,0.04678362573099415,0.0,0.0,0.0,True,True,True,2,60.0,60.0,0.0,0.0,0.24293630199999997,0.12635284424970994,0.8736471557502901,weak_rules_v2,False,hub_offline_or_stale,wait_for_fresh_data,0.020078,0.000642,train
synthetic_smoke_gas_0165_1774222800000,1774222800000,synthetic_scenario,smoke_gas,smoke_gas_0165,2026-03-23T02:40:00+03:00,2026-03-23,synthetic_hourly_summary,2,Monday,False,114,29.015,58.312,732.283,73,70,9,2,0,0.6425,0.0,0.0,0.0,40.518,48.73,0.020078,40.518,46.667,0.020078,0.000642,0.032,34.0,50.0,23.0,1,0,0,0,0.016034,0.013248,24.572,33.806,True,False,False,False,True,night,0.029919,72.779,87.501,-0.009841000000000003,-32.260999999999996,0.017613666666666694,40.42766666666667,0.06270416666666666,79.49500000000005,0.013248,33.806,0.013704693003980091,32.39659445579834,0.0026496000000000002,6.7612,0.016034,24.572,0.00288612,4.42296,2.5777475845410622,0.9927231852333911,1.401189139744709,3.605277913433538,0.6403508771929824,0.6140350877192983,0.017543859649122806,0.07894736842105263,0.0,0.0,False,False,False,1,120.0,0.0,0.0,0.0,0.072425925,0.0,1.0,weak_rules_v2,False,smoke_gas_safety,check_smoke_gas_sensor,0.049227,0.001575,train
synthetic_routine_anomaly_0243_1774222800000,1774222800000,synthetic_scenario,routine_anomaly,routine_anomaly_0243,2026-03-23T02:40:00+03:00,2026-03-23,synthetic_hourly_summary,2,Monday,False,107,24.711,61.097,488.709,9,102,0,3,0,0.0909,15.295,26.341,0.005972,107.238,142.263,0.041876,126.063,126.063,0.049227,0.001575,0.032,49.0,44.0,80.0,1,1,3,0,0.018257,0.027213,50.158,65.455,True,False,False,False,True,night,0.020078,40.518,46.667,0.029149,85.545,0.0330746666666667,79.78666666666668,0.04410349999999998,72.5126666666667,0.027213,65.455,0.014828510523088437,43.2008946705207,0.0054426000000000006,13.091000000000001,0.018257,50.158,0.0032862599999999996,9.02844,4.04475802006394,4.629745626766481,9.424086955992529,8.407321752152088,0.08411214953271028,0.9532710280373832,0.028037383177570093,0.0,0.0,0.0,False,False,False,2,180.0,60.0,60.0,60.0,0.5730193665,0.0,1.0,weak_rules_v2,True,ac_running_empty_room,turn_off_or_adjust_ac,0.079922,0.002558,train
synthetic_routine_anomaly_0243_1774226400000,1774226400000,synthetic_scenario,routine_anomaly,routine_anomaly_0243,2026-03-23T03:40:00+03:00,2026-03-23,synthetic_hourly_summary,3,Monday,False,167,25.99,49.258,440.466,11,11,0,4,0,0.0705,22.96,33.842,0.014731,98.724,145.447,0.06334,124.57,158.056,0.079922,0.002558,0.032,59.0,18.0,11.0,1,1,0,0,0.029676,0.036389,79.032,51.141,True,False,False,False,True,night,0.049227,126.063,126.063,0.030695000000000007,-1.4930000000000092,0.04974233333333336,97.05033333333334,0.050025666666666656,85.20350000000003,0.036389,51.141,0.029925328073946805,48.96412764803848,0.0072778,10.228200000000001,0.029676,79.032,0.00534168,14.22576,5.981615323311991,7.179073541776656,9.406403977774785,3.2010943527797457,0.0658682634730539,0.0658682634730539,0.023952095808383235,0.0,0.0,0.0,False,False,False,2,240.0,120.0,120.0,120.0,0.578939075,0.0,1.0,weak_rules_v2,True,ac_running_empty_room,turn_off_or_adjust_ac,0.075811,0.002426,train
synthetic_smoke_gas_0165_1774226400000,1774226400000,synthetic_scenario,smoke_gas,smoke_gas_0165,2026-03-23T03:40:00+03:00,2026-03-23,synthetic_hourly_summary,3,Monday,False,58,28.186,66.628,187.161,26,22,3,3,0,0.4556,14.445,20.085,0.014007,63.735,94.282,0.061804,78.18,102.836,0.075811,0.002426,0.032,55.0,66.0,11.0,1,1,0,0,0.045965,0.065892,89.728,67.631,True,False,False,False,True,night,0.079922,124.57,158.056,-0.0041110000000000035,-46.389999999999986,0.06832000000000003,109.60433333333333,0.042966833333333315,75.01600000000003,0.065892,67.631,0.016662294769929493,27.22450745804951,0.013178400000000002,13.526200000000001,0.045965,89.728,0.0082737,16.15104,0.7526710374552295,0.7798938356670762,3.6073340826957714,-0.7150003962593114,0.4482758620689655,0.3793103448275862,0.05172413793103448,0.05172413793103448,0.0,0.0,False,False,False,2,300.0,180.0,0.0,0.0,0.21280596000000002,0.7616665345802295,0.2383334654197705,weak_rules_v2,False,smoke_gas_safety,check_smoke_gas_sensor,0.004856,0.000155,train
synthetic_smoke_gas_0165_1774230000000,1774230000000,synthetic_scenario,smoke_gas,smoke_gas_0165,2026-03-23T04:40:00+03:00,2026-03-23,synthetic_hourly_summary,4,Monday,False,71,28.147,49.953,535.008,68,32,8,3,0,0.9699,2.093,3.213,0.002101,0.0,0.0,0.0,4.838,6.973,0.004856,0.000155,0.032,51.0,65.0,14.0,0,0,2,0,0.003501,0.003847,5.19,4.72,True,False,False,False,True,night,0.075811,78.18,102.836,-0.070955,-73.34200000000001,0.0535296666666667,69.19600000000001,0.04330216666666665,74.49133333333337,0.003847,4.72,0.042202718518282084,60.36946370475807,0.002,3.0,0.003501,5.19,0.002,3.0,0.5045,0.03933333333333344,0.6774999999999999,-0.11733333333333344,0.9577464788732394,0.4507042253521127,0.04225352112676056,0.11267605633802817,0.0,0.0,False,False,False,0,0.0,0.0,0.0,0.0,0.0007281190000000004,0.9608888888888889,0.039111111111111145,weak_rules_v2,False,smoke_gas_safety,check_smoke_gas_sensor,0.012956,0.000415,train
synthetic_normal_usage_0030_1774248000000,1774248000000,synthetic_scenario,normal_usage,normal_usage_0030,2026-03-23T09:40:00+03:00,2026-03-23,synthetic_hourly_summary,9,Monday,False,45,28.233,49.425,483.205,29,28,0,0,0,0.6663,25.809,37.46,0.011674,0.0,0.0,0.0,28.644,30.291,0.012956,0.000415,0.032,53.0,46.0,30.0,0,1,3,0,0.007662,0.009421,18.472,19.857,False,True,False,True,False,morning,0.004856,4.838,6.973,0.0081,23.805999999999997,0.0312076666666667,37.220666666666666,0.04047499999999999,67.13550000000004,0.009421,19.857,0.03883935514826867,37.41566048238983,0.002,3.9714,0.007662,18.472,0.002,3.32496,1.7674999999999998,2.2125698746034144,2.647,3.0592849237284048,0.6444444444444445,0.6222222222222222,0.0,0.0,0.0,0.0,False,False,False,1,0.0,60.0,0.0,0.0,0.047792513999999994,0.0,1.0,weak_rules_v2,False,unusual_same_hour_usage,review_unusual_usage,0.115953,0.00371,train
synthetic_normal_usage_0030_1774251600000,1774251600000,synthetic_scenario,normal_usage,normal_usage_0030,2026-03-23T10:40:00+03:00,2026-03-23,synthetic_hourly_summary,10,Monday,False,87,28.656,60.432,102.668,81,41,0,0,0,0.9387,0.0,0.0,0.0,132.287,184.081,0.115953,132.287,210.24,0.115953,0.00371,0.032,19.0,15.0,80.0,1,0,3,0,0.115098,0.069672,115.529,102.985,False,True,False,True,False,morning,0.012956,28.644,30.291,0.102997,103.643,0.04458833333333336,55.25633333333334,0.05645416666666666,82.43033333333337,0.069672,102.985,0.0619361706624921,67.76410638629754,0.0139344,20.597,0.115098,115.529,0.02071764,20.795219999999997,3.321348604891492,1.4226343642278003,0.04126917930806765,0.8058582693522844,0.9310344827586207,0.47126436781609193,0.0,0.0,0.0,0.0,False,False,False,1,60.0,0.0,60.0,0.0,0.04054596550000002,0.7313805768825719,0.26861942311742815,weak_rules_v2,True,unusual_same_hour_usage,review_unusual_usage,0.158789,0.005081,train
synthetic_ac_left_on_0021_1774255200000,1774255200000,synthetic_scenario,ac_left_on,ac_left_on_0021,2026-03-23T11:40:00+03:00,2026-03-23,synthetic_hourly_summary,11,Monday,False,64,23.092,45.46,418.754,0,27,0,6,0,0.0144,6.583,9.235,0.005183,195.101,252.616,0.153606,201.684,276.496,0.158789,0.005081,0.032,19.0,13.0,35.0,1,0,3,0,0.128555,0.124217,129.559,193.477,False,True,False,True,False,morning,0.115953,132.287,210.24,0.04283600000000001,69.39699999999999,0.09589933333333338,120.87166666666667,0.07471449999999998,95.03383333333336,0.124217,193.477,0.07495617474453561,87.08296490320815,0.0248434,38.69540000000001,0.128555,129.559,0.023139899999999998,23.320619999999998,1.3915969633786043,0.21209239341110292,1.3065743585754481,3.0927565390628553,0.0,0.421875,0.09375,0.0,0.0,60.0,False,False,False,1,120.0,0.0,120.0,60.0,0.9856,0.0,1.0,weak_rules_v2,True,ac_running_empty_room,turn_off_or_adjust_ac,0.083267,0.002665,train
synthetic_normal_usage_0030_1774255200000,1774255200000,synthetic_scenario,normal_usage,normal_usage_0030,2026-03-23T11:40:00+03:00,2026-03-23,synthetic_hourly_summary,11,Monday,False,110,26.631,62.961,484.471,87,50,0,11,0,0.7964,10.759,14.87,0.008003,95.082,113.132,0.070723,111.947,118.246,0.083267,0.002665,0.032,43.0,45.0,17.0,1,1,2,0,0.045341,0.092849,82.252,92.382,False,True,False,True,False,morning,0.158789,201.684,276.496,-0.07552200000000002,-89.737,0.11933633333333336,148.63933333333333,0.07527199999999999,92.93000000000005,0.092849,92.382,0.03787450764476503,47.0503070801175,0.0185698,18.4764,0.045341,82.252,0.00816138,14.805359999999999,-0.515999095305281,1.0589184040180986,4.6470082265499215,2.005692532974545,0.7909090909090909,0.45454545454545453,0.1,0.0,0.0,0.0,False,False,False,2,180.0,60.0,180.0,0.0,0.113962046,0.33143582234181823,0.6685641776581818,weak_rules_v2,True,unusual_same_hour_usage,review_unusual_usage,0.233061,0.007458,train
synthetic_high_energy_0144_1774258800000,1774258800000,synthetic_scenario,high_energy,high_energy_0144,2026-03-23T12:40:00+03:00,2026-03-23,synthetic_hourly_summary,12,Monday,False,98,26.885,60.227,553.717,55,69,0,6,0,0.5674,70.354,70.787,0.032633,430.121,615.877,0.199505,502.467,619.874,0.233061,0.007458,0.032,79.0,45.0,59.0,1,1,2,0,0.104556,0.117765,168.39,223.012,False,False,False,True,False,afternoon,0.083267,111.947,118.246,0.14979399999999998,390.52,0.15837233333333336,272.03266666666667,0.10148033333333333,163.64450000000002,0.117765,223.012,0.07489786924428073,204.54380649712476,0.023553,44.6024,0.104556,168.39,0.01882008,30.310199999999995,4.8951725894790465,6.265470019550516,6.828079370544652,11.021933210602374,0.5612244897959183,0.7040816326530612,0.061224489795918366,0.0,0.0,0.0,False,False,False,2,240.0,120.0,240.0,0.0,0.4326,0.0,1.0,weak_rules_v2,True,unusual_same_hour_usage,review_unusual_usage,0.098685,0.003158,train
synthetic_ac_left_on_0021_1774258800000,1774258800000,synthetic_scenario,ac_left_on,ac_left_on_0021,2026-03-23T12:40:00+03:00,2026-03-23,synthetic_hourly_summary,12,Monday,False,138,24.051,59.699,40.0,4,62,0,0,0,0.0299,6.261,9.368,0.003518,166.771,254.115,0.093709,175.627,240.183,0.098685,0.003158,0.032,62.0,65.0,5.0,1,0,1,0,0.054122,0.052101,148.876,159.656,False,False,False,True,False,afternoon,0.233061,502.467,619.874,-0.134376,-326.84,0.1383376666666667,263.347,0.11711849999999997,192.1093333333334,0.052101,159.656,0.08239424184573439,209.51746084753864,0.010420200000000001,31.931200000000004,0.054122,148.876,0.009741960000000001,26.79768,4.470547590257383,0.5001691135942277,4.574336170544735,0.9982580581602588,0.028985507246376812,0.4492753623188406,0.0,0.0,0.0,0.0,False,False,False,1,300.0,0.0,300.0,60.0,0.8518787634999999,0.6672473139465804,0.3327526860534196,weak_rules_v2,True,ac_running_empty_room,turn_off_or_adjust_ac,0.002017,6.5e-05,train
synthetic_normal_usage_0030_1774258800000,1774258800000,synthetic_scenario,normal_usage,normal_usage_0030,2026-03-23T12:40:00+03:00,2026-03-23,synthetic_hourly_summary,12,Monday,False,79,25.277,82.595,184.507,43,45,0,5,0,0.5484,3.411,5.155,0.001194,0.0,0.0,0.0,5.762,8.646,0.002017,6.5e-05,0.032,74.0,55.0,71.0,0,0,1,0,0.002,0.002,3.124,5.066,False,False,False,True,False,afternoon,0.098685,175.627,240.183,-0.09666799999999999,-169.865,0.11125433333333336,227.952,0.11529533333333332,188.29566666666673,0.002,5.066,0.11603371746752476,252.45275493644337,0.002,3.0,0.002,3.124,0.002,3.0,0.008500000000000044,0.2319999999999999,0.008500000000000044,0.8793333333333332,0.5443037974683544,0.569620253164557,0.06329113924050633,0.0,0.0,0.0,False,False,False,0,0.0,0.0,0.0,0.0,0.013010596,0.7068888888888889,0.29311111111111104,weak_rules_v2,False,normal,keep_monitoring,0.172048,0.005506,train
synthetic_ac_left_on_0021_1774262400000,1774262400000,synthetic_scenario,ac_left_on,ac_left_on_0021,2026-03-23T13:40:00+03:00,2026-03-23,synthetic_hourly_summary,13,Monday,False,167,27.668,51.085,284.452,14,164,0,19,0,0.0849,1.334,2.359,0.001084,204.819,282.379,0.166441,211.72,284.633,0.172048,0.005506,0.032,45.0,16.0,72.0,1,0,1,0,0.074646,0.198791,193.66,168.944,False,False,False,True,False,afternoon,0.002017,5.762,8.646,0.17003100000000002,205.958,0.09091666666666669,131.03633333333335,0.12464449999999998,201.53450000000007,0.198791,168.944,0.08528127281140543,109.98145346527008,0.0397582,33.7888,0.074646,193.66,0.01343628,34.858799999999995,-0.67264111554346,1.2659816270480162,7.249179088259548,0.5180901235842887,0.08383233532934131,0.9820359281437125,0.11377245508982035,0.0,0.0,0.0,False,False,False,1,60.0,0.0,60.0,60.0,0.9151,0.8273032921385705,0.17269670786142957,weak_rules_v2,True,ac_running_empty_room,turn_off_or_adjust_ac,0.413868,0.013244,train
synthetic_high_energy_0144_1774262400000,1774262400000,synthetic_scenario,high_energy,high_energy_0144,2026-03-23T13:40:00+03:00,2026-03-23,synthetic_hourly_summary,13,Monday,False,150,27.898,34.595,428.389,125,141,0,4,0,0.837,112.452,150.758,0.087472,416.992,606.291,0.324359,532.063,728.0,0.413868,0.013244,0.032,6.0,54.0,13.0,1,1,1,0,0.14461,0.201921,311.543,276.443,False,False,False,True,False,afternoon,0.172048,211.72,284.633,0.24182,320.34299999999996,0.1959776666666667,249.84833333333336,0.16715766666666665,256.5976666666667,0.201921,276.443,0.2069656572002548,265.2140889966693,0.0403842,55.2886,0.14461,311.543,0.026029799999999995,56.07774,5.248265410729939,4.623376247544702,10.344220854559007,3.932398131593748,0.8333333333333334,0.94,0.02666666666666667,0.0,0.0,0.0,False,False,False,2,120.0,60.0,120.0,0.0,0.16300000000000003,0.0,1.0,weak_rules_v2,True,unusual_same_hour_usage,review_unusual_usage,0.142009,0.004544,train
synthetic_ac_left_on_0021_1774266000000,1774266000000,synthetic_scenario,ac_left_on,ac_left_on_0021,2026-03-23T14:40:00+03:00,2026-03-23,synthetic_hourly_summary,14,Monday,False,51,28.28,56.766,382.642,0,50,0,5,0,0.0,5.132,6.966,0.003136,221.298,338.448,0.135252,232.354,267.5,0.142009,0.004544,0.032,17.0,38.0,15.0,1,0,1,0,0.12992,0.102334,180.873,220.124,False,False,False,True,False,afternoon,0.413868,532.063,728.0,-0.271859,-299.70899999999995,0.24264166666666664,325.379,0.176948,276.6655,0.102334,220.124,0.14904505459871317,179.2906784554061,0.0204668,44.0248,0.12992,180.873,0.0233856,32.55714,1.9385052866105108,0.2777979684178013,0.5169420498084286,1.5812506872532424,0.0,0.9803921568627451,0.09803921568627451,0.0,0.0,60.0,False,False,False,1,180.0,0.0,180.0,60.0,1.0,0.47291643758225255,0.5270835624177475,weak_rules_v2,True,ac_running_empty_room,turn_off_or_adjust_ac,0.016723,0.000535,train
synthetic_smoke_gas_0265_1774266000000,1774266000000,synthetic_scenario,smoke_gas,smoke_gas_0265,2026-03-23T14:40:00+03:00,2026-03-23,synthetic_hourly_summary,14,Monday,False,173,24.369,62.624,381.197,30,73,19,4,0,0.179,0.0,0.0,0.0,34.507,50.259,0.015705,36.744,44.551,0.016723,0.000535,0.032,54.0,63.0,60.0,1,0,3,0,0.013623,0.014019,29.349,30.475,False,False,False,True,False,afternoon,0.142009,232.354,267.5,-0.125286,-195.61,0.19086666666666666,267.0536666666667,0.14089166666666667,199.04500000000004,0.014019,30.475,0.20303039538535453,249.47600704342935,0.0028038000000000004,6.095000000000001,0.013623,29.349,0.00245214,5.28282,0.9644054497467714,1.0285479901558652,1.2642018808061526,1.399820550387861,0.17341040462427745,0.42196531791907516,0.023121387283236993,0.10982658959537572,0.0,0.0,False,False,False,1,240.0,0.0,0.0,120.0,0.15083412,0.533393149870713,0.466606850129287,weak_rules_v2,False,smoke_gas_safety,check_smoke_gas_sensor,0.261768,0.008377,train
synthetic_high_energy_0144_1774266000000,1774266000000,synthetic_scenario,high_energy,high_energy_0144,2026-03-23T14:40:00+03:00,2026-03-23,synthetic_hourly_summary,14,Monday,False,80,30.236,62.901,665.49,14,27,0,1,12,0.1847,71.771,108.668,0.054939,268.922,311.886,0.205855,341.965,550.165,0.261768,0.008377,0.032,55.0,24.0,28.0,1,1,2,0,0.126585,0.140571,153.94,153.049,False,False,False,True,False,afternoon,0.016723,36.744,44.551,0.245045,305.221,0.14016666666666666,203.68766666666667,0.16807216666666666,226.76800000000003,0.140571,153.049,0.12253288803555307,154.61656997338056,0.028114200000000002,30.609800000000003,0.126585,153.94,0.0227853,27.7092,4.3108820453720895,6.171748917013503,5.932904109228318,6.785652418691265,0.175,0.3375,0.0125,0.0,0.15,0.0,False,False,False,2,300.0,60.0,60.0,180.0,0.8153,0.0,1.0,weak_rules_v2,True,ac_running_empty_room,turn_off_or_adjust_ac,0.013748,0.00044,train
synthetic_stale_data_0246_1774266000000,1774266000000,synthetic_scenario,stale_data,stale_data_0246,2026-03-23T14:40:00+03:00,2026-03-23,synthetic_hourly_summary,14,Monday,False,149,27.88,57.74,812.306,13,142,0,10,0,0.0889,7.118,8.259,0.004259,15.668,21.224,0.009374,22.979,23.828,0.013748,0.00044,0.032,548.0,732.0,35.0,1,0,0,0,0.009235,0.007736,22.876,20.553,False,False,False,True,False,afternoon,0.261768,341.965,550.165,-0.24802,-318.986,0.09741299999999999,133.896,0.17002733333333334,229.63750000000005,0.007736,20.553,0.1423433776998426,180.3244308933208,0.002,4.110600000000001,0.009235,22.876,0.002,4.11768,3.006,0.5901814820220888,2.2565,0.02501408560160041,0.087248322147651,0.9530201342281879,0.06711409395973154,0.0,0.0,0.0,True,True,False,1,360.0,0.0,0.0,240.0,0.1046808345,0.9916619714661332,0.008338028533866804,weak_rules_v2,False,possible_sensor_stale,check_sensor_connection,0.295034,0.009441,train
synthetic_high_energy_0144_1774269600000,1774269600000,synthetic_scenario,high_energy,high_energy_0144,2026-03-23T15:40:00+03:00,2026-03-23,synthetic_hourly_summary,15,Monday,False,101,25.017,64.241,438.849,4,82,0,6,0,0.0435,73.79,88.735,0.058051,296.903,439.657,0.233574,375.027,462.622,0.295034,0.009441,0.032,70.0,24.0,5.0,1,1,3,0,0.125827,0.106379,186.146,200.449,False,False,False,True,False,afternoon,0.013748,22.979,23.828,0.28128600000000004,352.048,0.19018333333333334,246.657,0.19052499999999997,256.85533333333336,0.106379,200.449,0.15370011979609316,194.4149164133244,0.0212758,40.089800000000004,0.125827,186.146,0.02264886,33.50628,8.867116630161968,4.354673757414603,7.470883744259094,5.637182044679386,0.039603960396039604,0.8118811881188119,0.0594059405940594,0.0,0.0,0.0,False,False,False,2,420.0,60.0,60.0,300.0,0.9565,0.0,1.0,weak_rules_v2,True,ac_running_empty_room,turn_off_or_adjust_ac,0.008033,0.000257,train
synthetic_stale_data_0246_1774269600000,1774269600000,synthetic_scenario,stale_data,stale_data_0246,2026-03-23T15:40:00+03:00,2026-03-23,synthetic_hourly_summary,15,Monday,False,169,30.551,51.443,226.524,108,43,0,5,25,0.6428,4.686,7.549,0.002307,9.119,13.206,0.00449,16.317,23.676,0.008033,0.000257,0.032,1250.0,406.0,75.0,0,0,0,0,0.004479,0.006524,7.338,14.045,False,False,False,True,False,afternoon,0.295034,375.027,462.622,-0.287001,-358.71,0.105605,138.10766666666666,0.1228858333333333,170.8976666666667,0.006524,14.045,0.16407521091560434,205.20519837794888,0.002,3.0,0.004479,7.338,0.002,3.0,0.7545,0.7573333333333334,1.777,2.993,0.6390532544378699,0.25443786982248523,0.029585798816568046,0.0,0.14792899408284024,0.0,True,True,False,0,0.0,0.0,0.0,0.0,0.029142162,0.0023333333333334094,0.9976666666666666,weak_rules_v2,False,possible_sensor_stale,check_sensor_connection,0.054589,0.001747,train
synthetic_smoke_gas_0265_1774269600000,1774269600000,synthetic_scenario,smoke_gas,smoke_gas_0265,2026-03-23T15:40:00+03:00,2026-03-23,synthetic_hourly_summary,15,Monday,False,176,24.636,58.746,548.558,112,77,28,19,0,0.6374,14.912,19.902,0.015658,34.483,49.223,0.036207,51.99,81.323,0.054589,0.001747,0.032,63.0,49.0,57.0,1,1,2,0,0.029435,0.033095,34.736,59.693,False,False,False,True,False,afternoon,0.008033,16.317,23.676,0.046556,35.673,0.11921866666666668,147.778,0.10831583333333332,140.83700000000002,0.033095,59.693,0.1540296687665509,197.61002437376504,0.006619,11.938600000000001,0.029435,34.736,0.0052983,6.252479999999999,3.2473183260311225,-0.6452180322650893,4.747560538285866,2.7595450125390255,0.6363636363636364,0.4375,0.10795454545454546,0.1590909090909091,0.0,0.0,False,False,False,2,60.0,60.0,0.0,0.0,0.09425787000000001,0.08015166248699146,0.9198483375130085,weak_rules_v2,False,smoke_gas_safety,check_smoke_gas_sensor,0.052649,0.001685,train
synthetic_smoke_gas_0265_1774273200000,1774273200000,synthetic_scenario,smoke_gas,smoke_gas_0265,2026-03-23T16:40:00+03:00,2026-03-23,synthetic_hourly_summary,16,Monday,False,122,29.24,66.18,435.482,27,16,16,12,0,0.2248,9.129,13.79,0.008719,41.892,57.744,0.040009,55.126,77.264,0.052649,0.001685,0.032,18.0,76.0,6.0,1,0,1,0,0.057092,0.041421,28.33,34.982,False,False,False,True,False,afternoon,0.054589,51.99,81.323,-0.0019399999999999973,3.1359999999999957,0.03842366666666667,41.14433333333333,0.11430349999999999,143.9006666666667,0.041421,34.982,0.026336958164020676,21.558199932588497,0.0082842,6.9964,0.057092,28.33,0.010276559999999999,5.099399999999999,1.3553511503826563,2.879195014578926,-0.43234311870898395,5.254735851276622,0.22131147540983606,0.13114754098360656,0.09836065573770492,0.13114754098360656,0.0,0.0,False,False,False,1,120.0,0.0,0.0,0.0,0.213668376,0.0,1.0,weak_rules_v2,False,smoke_gas_safety,check_smoke_gas_sensor,0.0,0.0,train
synthetic_stale_data_0246_1774273200000,1774273200000,synthetic_scenario,stale_data,stale_data_0246,2026-03-23T16:40:00+03:00,2026-03-23,synthetic_hourly_summary,16,Monday,False,53,29.933,36.326,352.505,26,36,0,1,0,0.4981,0.0,0.0,0.0,0.0,0.0,0.0,0.0,0.0,0.0,0.0,0.032,1768.0,738.0,39.0,0,0,0,0,0.002,0.002,1.0,1.0,False,False,False,True,False,afternoon,0.052649,55.126,77.264,-0.052649,-55.126,0.035746,35.70533333333333,0.07067549999999999,86.90650000000004,0.002,1.0,0.03097213726884281,30.961455801261422,0.002,3.0,0.002,1.0,0.002,3.0,-1.0,-0.3333333333333333,-1.0,-0.3333333333333333,0.49056603773584906,0.6792452830188679,0.018867924528301886,0.0,0.0,0.0,True,True,False,0,0.0,0.0,0.0,0.0,0.0,0.8888888888888888,0.1111111111111111,weak_rules_v2,False,possible_sensor_stale,check_sensor_connection,0.027891,0.000892,train
synthetic_stale_data_0246_1774276800000,1774276800000,synthetic_scenario,stale_data,stale_data_0246,2026-03-23T17:40:00+03:00,2026-03-23,synthetic_hourly_summary,17,Monday,False,108,28.628,51.408,229.95,102,79,0,5,0,0.9445,2.914,3.435,0.002302,25.094,45.585,0.01983,35.295,37.72,0.027891,0.000892,0.032,581.0,918.0,45.0,1,0,0,0,0.029813,0.020823,32.864,25.246,False,False,True,True,False,evening,0.0,0.0,0.0,0.027891,35.295,0.026846666666666668,30.14033333333333,0.07303266666666665,88.9591666666667,0.020823,25.246,0.02634003178307449,27.92215805294194,0.0041646,5.0492,0.029813,32.864,0.00536634,5.915519999999999,1.697161792248955,1.9902162718846557,-0.3581584469116754,0.41095288326301066,0.9444444444444444,0.7314814814814815,0.046296296296296294,0.0,0.0,0.0,True,True,False,1,60.0,0.0,0.0,0.0,0.0097943625,0.8630157055789964,0.13698429442100354,weak_rules_v2,False,possible_sensor_stale,check_sensor_connection,0.03293,0.001054,train
synthetic_socket_left_on_0082_1774276800000,1774276800000,synthetic_scenario,socket_left_on,socket_left_on_0082,2026-03-23T17:40:00+03:00,2026-03-23,synthetic_hourly_summary,17,Monday,False,138,27.01,55.085,76.346,13,11,0,9,0,0.098,41.216,52.974,0.025808,7.388,10.58,0.004626,52.591,83.891,0.03293,0.001054,0.032,58.0,53.0,57.0,0,1,2,0,0.026671,0.024012,50.742,28.061,False,False,True,True,False,evening,0.027891,35.295,37.72,0.005039000000000002,17.296,0.020273666666666666,29.295333333333332,0.029348666666666648,35.219833333333376,0.024012,28.061,0.017737363116691662,26.803923599605177,0.0048024,5.6122000000000005,0.026671,50.742,0.00480078,9.13356,1.856988172580377,4.370834966679733,1.3037464745312222,0.20244023141031578,0.09420289855072464,0.07971014492753623,0.06521739130434782,0.0,0.0,0.0,False,False,False,1,0.0,60.0,0.0,60.0,0.23718541,0.932519922863228,0.06748007713677193,weak_rules_v2,True,socket_left_on,turn_off_unused_socket,0.029031,0.000929,train
synthetic_smoke_gas_0265_1774276800000,1774276800000,synthetic_scenario,smoke_gas,smoke_gas_0265,2026-03-23T17:40:00+03:00,2026-03-23,synthetic_hourly_summary,17,Monday,False,149,25.823,66.372,114.917,76,143,10,0,0,0.5162,15.826,24.485,0.009756,31.269,39.887,0.019275,47.095,62.976,0.029031,0.000929,0.032,75.0,19.0,58.0,1,1,3,0,0.024346,0.030669,50.407,57.414,False,False,True,True,False,evening,0.03293,52.591,83.891,-0.0038989999999999997,-5.496000000000002,0.029950666666666667,44.99366666666666,0.03284833333333331,40.349500000000035,0.030669,57.414,0.0026423891336013567,8.837398108801853,0.0061338,11.482800000000001,0.024346,50.407,0.00438228,9.07326,-0.26704489875770276,-0.8986484132789914,1.0690781967377716,-0.36502866665344075,0.5100671140939598,0.959731543624161,0.0,0.06711409395973154,0.0,0.0,False,False,False,2,60.0,120.0,0.0,0.0,0.113922805,0.8783237777821864,0.12167622221781359,weak_rules_v2,False,smoke_gas_safety,check_smoke_gas_sensor,0.02196,0.000703,train
synthetic_socket_left_on_0082_1774280400000,1774280400000,synthetic_scenario,socket_left_on,socket_left_on_0082,2026-03-23T18:40:00+03:00,2026-03-23,synthetic_hourly_summary,18,Monday,False,90,30.024,50.599,40.903,0,36,0,8,13,0.0,34.564,57.549,0.019285,2.101,2.786,0.001172,39.358,47.666,0.02196,0.000703,0.032,58.0,10.0,43.0,0,1,2,0,0.021419,0.014839,20.961,27.217,False,False,True,False,False,evening,0.029031,47.095,62.976,-0.007071000000000001,-7.737000000000002,0.027973666666666664,46.34799999999999,0.02741016666666665,38.2441666666667,0.014839,27.217,0.0055609073300473535,6.648050766963191,0.0029678,5.4434000000000005,0.021419,20.961,0.00385542,3.7729799999999996,2.3994204461217064,2.2304074659220334,0.1403219363908471,4.875986620655291,0.0,0.4,0.08888888888888889,0.0,0.14444444444444443,60.0,False,False,False,1,0.0,180.0,0.0,60.0,0.19679,0.0,1.0,weak_rules_v2,True,socket_left_on,turn_off_unused_socket,0.022551,0.000722,train
synthetic_socket_left_on_0082_1774284000000,1774284000000,synthetic_scenario,socket_left_on,socket_left_on_0082,2026-03-23T19:40:00+03:00,2026-03-23,synthetic_hourly_summary,19,Monday,False,87,31.714,54.097,602.092,2,67,0,6,13,0.0299,28.502,44.197,0.019338,1.139,1.59,0.000773,33.237,39.636,0.022551,0.000722,0.032,28.0,6.0,82.0,0,1,0,0,0.006402,0.014676,12.303,28.212,False,False,True,False,False,evening,0.02196,39.358,47.666,0.0005910000000000012,-6.120999999999995,0.024513999999999998,39.89666666666667,0.022393833333333318,34.59600000000004,0.014676,28.212,0.003922981901569366,6.944685906033476,0.0029352000000000002,5.6424,0.006402,12.303,0.002,3.0,2.6829517579721998,0.8905784772437264,8.074500000000002,6.978000000000001,0.022988505747126436,0.7701149425287356,0.06896551724137931,0.0,0.14942528735632185,0.0,False,False,False,1,0.0,240.0,0.0,120.0,0.1612160685,0.0,1.0,weak_rules_v2,True,socket_left_on,turn_off_unused_socket,0.027984,0.000895,train
synthetic_socket_left_on_0082_1774287600000,1774287600000,synthetic_scenario,socket_left_on,socket_left_on_0082,2026-03-23T20:40:00+03:00,2026-03-23,synthetic_hourly_summary,20,Monday,False,62,25.966,40.618,513.547,1,14,0,0,0,0.0245,37.968,48.183,0.0272,0.0,0.0,0.0,39.063,60.792,0.027984,0.000895,0.032,24.0,57.0,45.0,0,1,2,0,0.018119,0.032217,17.945,26.847,False,False,True,False,False,evening,0.022551,33.237,39.636,0.005432999999999997,5.8260000000000005,0.024165000000000002,37.21933333333333,0.027057833333333312,41.10650000000004,0.032217,26.847,0.003320525711395827,3.451954567120317,0.006443400000000001,5.369400000000001,0.018119,17.945,0.0032614199999999997,3.2300999999999997,-0.6569512990036321,2.2751145379371995,3.024756087839039,6.537878084269838,0.016129032258064516,0.22580645161290322,0.0,0.0,0.0,0.0,False,False,False,1,0.0,300.0,0.0,180.0,0.19052978250000002,0.0,1.0,weak_rules_v2,True,socket_left_on,turn_off_unused_socket,0.016625,0.000532,train
synthetic_normal_usage_0260_1774312800000,1774312800000,synthetic_scenario,normal_usage,normal_usage_0260,2026-03-24T03:40:00+03:00,2026-03-24,synthetic_hourly_summary,3,Tuesday,False,110,28.579,53.878,300.807,70,22,0,0,0,0.645,0.0,0.0,0.0,34.559,43.572,0.016625,34.559,42.353,0.016625,0.000532,0.032,68.0,32.0,46.0,1,0,0,0,0.011902,0.011518,21.858,32.76,True,False,False,False,True,night,0.027984,39.063,60.792,-0.011358999999999998,-4.504000000000005,0.022386666666666666,35.61966666666667,0.025180166666666646,40.98383333333337,0.011518,32.76,0.005681282807022897,3.054395084704094,0.0023036000000000003,6.552,0.011902,21.858,0.00214236,3.93444,2.216964750824796,0.2745726495726495,2.2045781287925474,3.228159534774961,0.6363636363636364,0.2,0.0,0.0,0.0,0.0,False,False,False,1,60.0,0.0,0.0,0.0,0.061342224999999986,0.0,1.0,weak_rules_v2,False,unusual_same_hour_usage,review_unusual_usage,0.029861,0.000956,train
synthetic_normal_usage_0260_1774316400000,1774316400000,synthetic_scenario,normal_usage,normal_usage_0260,2026-03-24T04:40:00+03:00,2026-03-24,synthetic_hourly_summary,4,Tuesday,False,90,26.456,57.841,192.339,52,61,0,5,0,0.5881,11.511,23.565,0.005126,51.241,64.637,0.022817,67.061,74.474,0.029861,0.000956,0.032,6.0,31.0,19.0,1,1,0,0,0.017879,0.033675,50.848,74.142,True,False,False,False,True,night,0.016625,34.559,42.353,0.013235999999999998,32.50200000000001,0.024823333333333333,46.89433333333334,0.024668666666666648,43.39550000000005,0.033675,74.142,0.007161723558849094,17.60943887048797,0.006735,14.8284,0.017879,50.848,0.0032182199999999995,9.15264,-0.5662954714179655,-0.47752960535189154,3.723176165706509,1.7714014754213,0.5777777777777777,0.6777777777777778,0.05555555555555555,0.0,0.0,0.0,False,False,False,2,120.0,60.0,0.0,0.0,0.1381121295,0.40953284152623326,0.5904671584737667,weak_rules_v2,True,unusual_same_hour_usage,review_unusual_usage,0.016818,0.000538,train
synthetic_normal_usage_0260_1774320000000,1774320000000,synthetic_scenario,normal_usage,normal_usage_0260,2026-03-24T05:40:00+03:00,2026-03-24,synthetic_hourly_summary,5,Tuesday,False,143,29.418,64.389,788.956,106,32,0,0,0,0.7465,0.0,0.0,0.0,19.123,31.882,0.014668,21.926,29.057,0.016818,0.000538,0.032,67.0,23.0,30.0,1,0,0,0,0.012414,0.019736,25.048,14.54,True,True,False,False,True,morning,0.029861,67.061,74.474,-0.013042999999999999,-45.135000000000005,0.021101333333333333,41.182,0.02263316666666665,39.2006666666667,0.019736,14.54,0.00758670760826947,23.2849769808803,0.0039472000000000005,3.0,0.012414,25.048,0.00223452,4.50864,-0.7392582083502229,2.4619999999999997,1.9708930777079643,-0.6924482770857731,0.7412587412587412,0.22377622377622378,0.0,0.0,0.0,0.0,False,False,False,1,180.0,0.0,0.0,0.0,0.027791204999999992,0.7691839076380756,0.23081609236192435,weak_rules_v2,False,sudden_power_spike,reduce_peak_load,0.061156,0.001957,train
synthetic_normal_usage_0260_1774323600000,1774323600000,synthetic_scenario,normal_usage,normal_usage_0260,2026-03-24T06:40:00+03:00,2026-03-24,synthetic_hourly_summary,6,Tuesday,False,70,26.888,45.55,281.78,55,35,0,1,0,0.787,5.119,7.188,0.003715,76.56,108.261,0.05556,84.27,136.763,0.061156,0.001957,0.032,70.0,27.0,57.0,1,0,0,0,0.06155,0.05924,33.613,49.146,False,True,False,False,False,morning,0.016818,21.926,29.057,0.044338,62.343999999999994,0.035945,57.75233333333333,0.029165833333333318,46.686000000000035,0.05924,49.146,0.02278652788381858,32.197547116720564,0.011848000000000001,9.8292,0.06155,33.613,0.011079,6.050339999999999,0.16171505739365302,3.5734342571114635,-0.035562776423864836,8.372587325670954,0.7857142857142857,0.5,0.014285714285714285,0.0,0.0,0.0,False,False,False,1,240.0,0.0,0.0,0.0,0.08974754999999998,0.0,1.0,weak_rules_v2,True,sudden_power_spike,reduce_peak_load,0.009084,0.000291,train
synthetic_hub_offline_0167_1774341600000,1774341600000,synthetic_scenario,hub_offline,hub_offline_0167,2026-03-24T11:40:00+03:00,2026-03-24,synthetic_hourly_summary,11,Tuesday,False,104,26.75,64.156,89.354,43,91,0,12,0,0.418,9.787,11.354,0.004572,7.63,10.4,0.003564,19.445,22.847,0.009084,0.000291,0.032,427.0,1342.0,1284.0,0,0,2,0,0.004478,0.004813,13.862,16.459,False,True,False,True,False,morning,0.061156,84.27,136.763,-0.052072,-64.82499999999999,0.02901933333333333,41.88033333333334,0.026921333333333314,44.38733333333337,0.004813,16.459,0.02809853550157685,36.73148132506308,0.002,3.2918000000000003,0.004478,13.862,0.002,3.0,2.1355000000000004,0.9071024971140411,2.303,1.861,0.41346153846153844,0.875,0.11538461538461539,0.0,0.0,0.0,True,True,True,0,0.0,0.0,0.0,0.0,0.05658495000000001,0.3796666666666667,0.6203333333333333,weak_rules_v2,False,hub_offline_or_stale,wait_for_fresh_data,0.023056,0.000738,train
synthetic_hub_offline_0167_1774345200000,1774345200000,synthetic_scenario,hub_offline,hub_offline_0167,2026-03-24T12:40:00+03:00,2026-03-24,synthetic_hourly_summary,12,Tuesday,False,100,24.648,45.747,178.314,0,48,0,1,0,0.0,6.452,8.445,0.006438,10.801,13.826,0.010777,23.106,28.559,0.023056,0.000738,0.032,739.0,1099.0,2814.0,1,0,0,0,0.021706,0.016921,25.573,16.998,False,False,False,True,False,afternoon,0.009084,19.445,22.847,0.013972,3.6610000000000014,0.031098666666666667,42.27366666666667,0.026099999999999984,41.72783333333337,0.016921,16.998,0.02695156138952574,36.41592701461075,0.0033842,3.3996000000000004,0.021706,25.573,0.003907079999999999,4.60314,1.8128361207966437,1.7966819625838333,0.34552658251174806,-0.5359385115377762,0.0,0.48,0.01,0.0,0.0,60.0,True,True,True,1,60.0,0.0,0.0,60.0,0.11553000000000001,0.821353829487408,0.17864617051259205,weak_rules_v2,False,hub_offline_or_stale,wait_for_fresh_data,0.001471,4.7e-05,train
synthetic_hub_offline_0167_1774348800000,1774348800000,synthetic_scenario,hub_offline,hub_offline_0167,2026-03-24T13:40:00+03:00,2026-03-24,synthetic_hourly_summary,13,Tuesday,False,56,29.442,44.266,374.664,17,26,0,3,0,0.3175,0.753,0.987,0.000634,0.0,0.0,0.0,1.746,1.844,0.001471,4.7e-05,0.032,1327.0,717.0,1184.0,0,0,0,0,0.002,0.002,1.849,1.103,False,False,False,True,False,afternoon,0.023056,23.106,28.559,-0.021585,-21.360000000000003,0.011203666666666667,14.765666666666673,0.02357433333333332,36.259000000000036,0.002,1.103,0.010947501830708833,11.422982112105657,0.002,3.0,0.002,1.849,0.002,3.0,-0.26449999999999996,0.21433333333333335,-0.26449999999999996,-0.03433333333333333,0.30357142857142855,0.4642857142857143,0.05357142857142857,0.0,0.0,0.0,True,True,True,0,0.0,0.0,0.0,0.0,0.005958225,0.9885555555555555,0.011444444444444443,weak_rules_v2,False,hub_offline_or_stale,wait_for_fresh_data,0.002092,6.7e-05,train
synthetic_low_usage_normal_0068_1774348800000,1774348800000,synthetic_scenario,low_usage_normal,low_usage_normal_0068,2026-03-24T13:40:00+03:00,2026-03-24,synthetic_hourly_summary,13,Tuesday,False,107,32.642,50.784,301.627,0,42,0,11,16,0.0,0.0,0.0,0.0,2.259,2.649,0.002092,2.259,3.586,0.002092,6.7e-05,0.032,54.0,38.0,26.0,0,0,1,0,0.002,0.002,1.218,2.088,False,False,False,True,False,afternoon,0.001471,1.746,1.844,0.000621,0.5129999999999999,0.008873,9.037000000000004,0.01894616666666665,25.458666666666705,0.002,2.088,0.01228676226676661,12.186811026686122,0.002,3.0,0.002,1.218,0.002,3.0,0.046000000000000034,0.05699999999999994,0.046000000000000034,0.347,0.0,0.3925233644859813,0.102803738317757,0.0,0.14953271028037382,60.0,False,False,False,0,0.0,0.0,0.0,60.0,0.011295,0.8843333333333333,0.11566666666666665,weak_rules_v2,False,high_temperature_comfort,verify_occupancy,0.005715,0.000183,train
synthetic_low_usage_normal_0068_1774352400000,1774352400000,synthetic_scenario,low_usage_normal,low_usage_normal_0068,2026-03-24T14:40:00+03:00,2026-03-24,synthetic_hourly_summary,14,Tuesday,False,148,26.483,58.414,381.608,47,38,0,2,0,0.3211,2.601,3.592,0.002325,3.794,6.29,0.00339,6.395,7.349,0.005715,0.000183,0.032,61.0,20.0,33.0,0,0,1,0,0.006924,0.004276,4.852,4.447,False,False,False,True,False,afternoon,0.002092,2.259,3.586,0.0036229999999999995,4.135999999999999,0.0030926666666666667,3.466666666666671,0.017095666666666648,22.870166666666705,0.004276,4.447,0.0022921353217846196,2.5489496529938664,0.002,3.0,0.006924,4.852,0.002,3.0,0.7194999999999996,0.6493333333333332,-0.6045,0.5143333333333331,0.31756756756756754,0.25675675675675674,0.013513513513513514,0.0,0.0,0.0,False,False,False,0,0.0,0.0,0.0,0.0,0.0217078275,0.8285555555555556,0.17144444444444437,weak_rules_v2,False,normal,keep_monitoring,0.099284,0.003177,train
synthetic_hub_offline_0167_1774352400000,1774352400000,synthetic_scenario,hub_offline,hub_offline_0167,2026-03-24T14:40:00+03:00,2026-03-24,synthetic_hourly_summary,14,Tuesday,False,56,25.967,65.014,191.796,6,25,0,2,0,0.1225,6.532,8.203,0.006146,98.991,109.809,0.093138,105.524,147.496,0.099284,0.003177,0.032,1395.0,344.0,685.0,1,0,3,0,0.086242,0.099857,44.436,98.239,False,False,False,True,False,afternoon,0.005715,6.395,7.349,0.093569,99.129,0.035697,38.059333333333335,0.023450333333333313,26.41250000000004,0.099857,98.239,0.055097744590863626,58.46270230098384,0.0199714,19.647800000000004,0.086242,44.436,0.015523559999999999,7.99848,-0.028691028170283708,0.37077942568633615,0.8401423384842136,7.637451115711985,0.10714285714285714,0.44642857142857145,0.03571428571428571,0.0,0.0,0.0,True,True,True,1,60.0,0.0,60.0,60.0,0.46298654999999994,0.0,1.0,weak_rules_v2,False,hub_offline_or_stale,wait_for_fresh_data,0.001772,5.7e-05,train
synthetic_low_usage_normal_0068_1774356000000,1774356000000,synthetic_scenario,low_usage_normal,low_usage_normal_0068,2026-03-24T15:40:00+03:00,2026-03-24,synthetic_hourly_summary,15,Tuesday,False,149,30.544,58.245,761.667,37,141,0,10,22,0.2485,1.414,1.624,0.001175,0.719,0.902,0.000598,2.133,3.059,0.001772,5.7e-05,0.032,18.0,23.0,18.0,0,0,3,0,0.002,0.002,2.706,2.34,False,False,False,True,False,afternoon,0.099284,105.524,147.496,-0.097512,-103.391,0.03559033333333333,38.01733333333333,0.022231666666666646,23.527166666666705,0.002,2.34,0.055195554099341876,58.5013136120332,0.002,3.0,0.002,2.706,0.002,3.0,-0.11400000000000006,-0.06899999999999995,-0.11400000000000006,-0.19099999999999998,0.2483221476510067,0.9463087248322147,0.06711409395973154,0.0,0.1476510067114094,0.0,False,False,False,0,0.0,0.0,0.0,0.0,0.0080147475,0.9363333333333334,0.06366666666666666,weak_rules_v2,False,high_temperature_comfort,verify_occupancy,0.193104,0.006179,train
synthetic_routine_anomaly_0043_1774359600000,1774359600000,synthetic_scenario,routine_anomaly,routine_anomaly_0043,2026-03-24T16:40:00+03:00,2026-03-24,synthetic_hourly_summary,16,Tuesday,False,59,27.624,41.659,325.114,1,11,0,4,0,0.0244,38.428,61.001,0.04035,142.66,236.832,0.149793,183.908,254.564,0.193104,0.006179,0.032,60.0,62.0,53.0,1,1,3,0,0.093522,0.07524,75.229,87.468,False,False,False,True,False,afternoon,0.001772,2.133,3.059,0.191332,181.77499999999998,0.09805333333333333,97.18833333333333,0.05057299999999998,50.327500000000036,0.07524,87.468,0.09567193664462625,91.17373613236104,0.015048,17.4936,0.093522,75.229,0.01683396,13.54122,7.832535885167464,5.51287327937074,5.915542154074265,8.025790881471536,0.01694915254237288,0.1864406779661017,0.06779661016949153,0.0,0.0,0.0,False,False,False,2,60.0,60.0,60.0,60.0,0.897103224,0.0,1.0,weak_rules_v2,True,ac_running_empty_room,turn_off_or_adjust_ac,0.001076,3.4e-05,train
synthetic_low_usage_normal_0068_1774359600000,1774359600000,synthetic_scenario,low_usage_normal,low_usage_normal_0068,2026-03-24T16:40:00+03:00,2026-03-24,synthetic_hourly_summary,16,Tuesday,False,63,23.921,55.853,378.197,22,45,0,1,0,0.3626,0.064,0.084,4.3e-05,1.548,2.58,0.001033,1.612,2.2,0.001076,3.4e-05,0.032,44.0,75.0,55.0,0,0,1,0,0.002,0.002,1.109,1.0,False,False,False,True,False,afternoon,0.193104,183.908,254.564,-0.192028,-182.296,0.06531733333333332,62.550999999999995,0.05050716666666665,50.30516666666671,0.002,1.0,0.11066704675436757,105.09856776854812,0.002,3.0,0.002,1.109,0.002,3.0,-0.4620000000000001,0.20400000000000004,-0.4620000000000001,0.1676666666666667,0.3492063492063492,0.7142857142857143,0.015873015873015872,0.0,0.0,0.0,False,False,False,0,0.0,0.0,0.0,0.0,0.0051374440000000006,0.9441111111111111,0.055888888888888905,weak_rules_v2,False,low_usage_normal,keep_monitoring,0.098407,0.003149,train
synthetic_routine_anomaly_0043_1774363200000,1774363200000,synthetic_scenario,routine_anomaly,routine_anomaly_0043,2026-03-24T17:40:00+03:00,2026-03-24,synthetic_hourly_summary,17,Tuesday,False,111,30.319,61.676,322.224,8,71,0,6,16,0.0763,34.521,45.269,0.025385,97.809,128.983,0.071924,133.823,183.128,0.098407,0.003149,0.032,31.0,69.0,86.0,1,1,1,0,0.046634,0.04546,42.089,67.148,False,False,True,True,False,evening,0.001076,1.612,2.2,0.097331,132.211,0.09752899999999998,106.44766666666665,0.06655966666666664,72.23250000000003,0.04546,67.148,0.0960170107793408,94.1807547237406,0.009092000000000001,13.4296,0.046634,42.089,0.00839412,7.57602,5.8234711834579835,4.964779293500924,6.167769819826258,12.10846856264899,0.07207207207207207,0.6396396396396397,0.05405405405405406,0.0,0.14414414414414414,0.0,False,False,False,2,60.0,60.0,60.0,60.0,0.6180615255,0.0,1.0,weak_rules_v2,True,ac_running_empty_room,turn_off_or_adjust_ac,0.130918,0.004189,train
synthetic_routine_anomaly_0043_1774366800000,1774366800000,synthetic_scenario,routine_anomaly,routine_anomaly_0043,2026-03-24T18:40:00+03:00,2026-03-24,synthetic_hourly_summary,18,Tuesday,False,91,26.931,37.566,206.727,21,23,0,8,0,0.2321,16.876,25.083,0.012955,149.955,213.649,0.11511,170.547,202.129,0.130918,0.004189,0.032,8.0,33.0,48.0,1,1,1,0,0.052409,0.05184,83.636,97.532,False,False,True,False,False,evening,0.098407,133.823,183.128,0.03251100000000001,36.72399999999999,0.07680033333333332,101.99399999999999,0.0874268333333333,99.59116666666671,0.05184,97.532,0.06756383851094741,88.85140678121006,0.010368,19.5064,0.052409,83.636,0.009433619999999998,15.054479999999998,7.627121913580248,3.7431304597465447,8.322255931445195,5.773098771927028,0.23076923076923078,0.25274725274725274,0.08791208791208792,0.0,0.0,0.0,False,False,False,2,120.0,120.0,120.0,0.0,0.6548152065,0.0,1.0,weak_rules_v2,True,unusual_same_hour_usage,review_unusual_usage,0.11361,0.003636,train
synthetic_routine_anomaly_0043_1774370400000,1774370400000,synthetic_scenario,routine_anomaly,routine_anomaly_0043,2026-03-24T19:40:00+03:00,2026-03-24,synthetic_hourly_summary,19,Tuesday,False,88,26.793,29.847,340.473,14,87,0,4,0,0.1634,17.35,33.058,0.014833,110.218,150.016,0.094226,132.891,159.061,0.11361,0.003636,0.032,20.0,58.0,30.0,1,1,3,0,0.054813,0.080375,62.582,57.732,False,False,True,False,False,evening,0.130918,170.547,202.129,-0.017308000000000004,-37.656000000000006,0.11431166666666666,145.75366666666665,0.08981449999999998,104.15233333333337,0.080375,57.732,0.01626685379332414,21.476712721767857,0.016075000000000002,11.5464,0.054813,62.582,0.00986634,11.264759999999999,2.0674961119751165,6.509301600498856,5.959352708299127,6.241500040835313,0.1590909090909091,0.9886363636363636,0.045454545454545456,0.0,0.0,0.0,False,False,False,2,180.0,180.0,180.0,60.0,0.555883053,0.0,1.0,weak_rules_v2,True,ac_running_empty_room,turn_off_or_adjust_ac,0.199279,0.006377,train
synthetic_high_energy_0114_1774438800000,1774438800000,synthetic_scenario,high_energy,high_energy_0114,2026-03-25T14:40:00+03:00,2026-03-25,synthetic_hourly_summary,14,Wednesday,False,142,28.113,58.79,155.843,111,112,0,16,0,0.7836,134.029,167.308,0.090141,157.374,262.654,0.105843,296.301,450.245,0.199279,0.006377,0.032,42.0,24.0,57.0,1,1,3,0,0.086374,0.062275,128.458,173.966,False,False,False,True,False,afternoon,0.11361,132.891,159.061,0.08566900000000001,163.41,0.14793566666666666,199.913,0.12273233333333332,153.18033333333338,0.062275,173.966,0.045298952795107615,85.57148176816824,0.012455,34.793200000000006,0.086374,128.458,0.01554732,23.122439999999997,10.999919710959455,3.5160606095443927,7.26202329404682,7.258879253227601,0.7816901408450704,0.7887323943661971,0.11267605633802817,0.0,0.0,0.0,False,False,False,2,240.0,240.0,240.0,0.0,0.21640000000000004,0.0,1.0,weak_rules_v2,True,unusual_same_hour_usage,review_unusual_usage,0.15724,0.005032,train
synthetic_high_energy_0114_1774442400000,1774442400000,synthetic_scenario,high_energy,high_energy_0114,2026-03-25T15:40:00+03:00,2026-03-25,synthetic_hourly_summary,15,Wednesday,False,56,27.546,64.54,227.302,7,24,0,5,0,0.1309,109.94,180.434,0.071785,130.0,130.0,0.084883,240.816,296.866,0.15724,0.005032,0.032,45.0,28.0,63.0,1,1,1,0,0.060452,0.0708,100.501,162.078,False,False,False,True,False,afternoon,0.199279,296.301,450.245,-0.04203900000000002,-55.484999999999985,0.15670966666666666,223.33599999999998,0.11675499999999998,162.66500000000005,0.0708,162.078,0.042836962197772485,83.09554636080037,0.01416,32.415600000000005,0.060452,100.501,0.01088136,18.09018,6.104519774011298,2.4290156591270864,8.894844026849585,7.756418122981639,0.125,0.42857142857142855,0.08928571428571429,0.0,0.0,0.0,False,False,False,2,300.0,300.0,300.0,60.0,0.8691,0.0,1.0,weak_rules_v2,True,ac_running_empty_room,turn_off_or_adjust_ac,0.254193,0.008134,train
synthetic_high_energy_0114_1774446000000,1774446000000,synthetic_scenario,high_energy,high_energy_0114,2026-03-25T16:40:00+03:00,2026-03-25,synthetic_hourly_summary,16,Wednesday,False,58,25.263,47.482,711.088,3,32,0,2,0,0.0584,98.169,118.622,0.067422,267.055,331.443,0.183412,370.114,592.217,0.254193,0.008134,0.032,51.0,73.0,29.0,1,1,3,0,0.116379,0.106985,215.464,203.9,False,False,False,True,False,afternoon,0.15724,240.816,296.866,0.09695300000000001,129.29799999999997,0.20357066666666665,302.4103333333333,0.15894116666666666,224.08200000000002,0.106985,203.9,0.04861877059668825,64.86513829734092,0.021397,40.78,0.116379,215.464,0.02094822,38.783519999999996,6.879842968640464,4.0758705247670415,6.57879285208958,3.9875184098813103,0.05172413793103448,0.5517241379310345,0.034482758620689655,0.0,0.0,0.0,False,False,False,2,360.0,360.0,360.0,120.0,0.9416,0.0,1.0,weak_rules_v2,True,ac_running_empty_room,turn_off_or_adjust_ac,0.18641,0.005965,train
synthetic_high_energy_0114_1774449600000,1774449600000,synthetic_scenario,high_energy,high_energy_0114,2026-03-25T17:40:00+03:00,2026-03-25,synthetic_hourly_summary,17,Wednesday,False,128,28.58,67.173,375.036,39,126,0,15,0,0.3102,114.833,179.977,0.069282,188.746,260.211,0.113877,308.967,449.508,0.18641,0.005965,0.032,70.0,77.0,13.0,1,1,3,0,0.075404,0.098595,114.194,144.561,False,False,True,True,False,evening,0.254193,370.114,592.217,-0.06778300000000001,-61.14699999999999,0.199281,306.63233333333335,0.17360833333333334,253.27266666666665,0.098595,144.561,0.049741512170420235,64.68060916791956,0.019719,28.912200000000002,0.075404,114.194,0.01357272,20.55492,4.453319133830315,5.68638844501629,8.17861121425919,9.47573622276321,0.3046875,0.984375,0.1171875,0.0,0.0,0.0,False,False,False,2,420.0,420.0,420.0,0.0,0.6898,0.0,1.0,weak_rules_v2,True,unusual_same_hour_usage,review_unusual_usage,0.004065,0.00013,train
synthetic_low_usage_normal_0078_1774453200000,1774453200000,synthetic_scenario,low_usage_normal,low_usage_normal_0078,2026-03-25T18:40:00+03:00,2026-03-25,synthetic_hourly_summary,18,Wednesday,False,144,26.777,53.021,324.918,53,143,0,1,0,0.3697,0.87,1.378,0.000524,2.61,2.837,0.001573,6.743,9.724,0.004065,0.00013,0.032,34.0,71.0,67.0,0,0,3,0,0.003675,0.004766,5.853,6.158,False,False,True,False,False,evening,0.18641,308.967,449.508,-0.18234499999999998,-302.224,0.14822266666666667,228.60800000000003,0.15246616666666665,225.972,0.004766,6.158,0.12936270102441966,194.55795427327027,0.002,3.0,0.003675,5.853,0.002,3.0,-0.3505000000000001,0.19499999999999998,0.19500000000000006,0.29666666666666686,0.3680555555555556,0.9930555555555556,0.006944444444444444,0.0,0.0,0.0,False,False,False,0,0.0,0.0,0.0,0.0,0.021250564500000003,0.9011111111111111,0.09888888888888896,weak_rules_v2,False,normal,keep_monitoring,0.00048,1.5e-05,train
synthetic_normal_usage_0100_1774456800000,1774456800000,synthetic_scenario,normal_usage,normal_usage_0100,2026-03-25T19:40:00+03:00,2026-03-25,synthetic_hourly_summary,19,Wednesday,False,59,25.234,41.797,336.674,45,29,0,3,0,0.7696,0.0,0.0,0.0,0.0,0.0,0.0,0.457,0.543,0.00048,1.5e-05,0.032,11.0,73.0,75.0,0,0,1,0,0.002,0.002,1.0,1.0,False,False,True,False,False,evening,0.004065,6.743,9.724,-0.003585,-6.2860000000000005,0.06365166666666666,105.389,0.13361116666666664,203.8996666666667,0.002,1.0,0.10632694558922198,176.33173285600094,0.002,3.0,0.002,1.0,0.002,3.0,-0.76,-0.18099999999999997,-0.76,-0.18099999999999997,0.7627118644067796,0.4915254237288136,0.05084745762711865,0.0,0.0,0.0,False,False,False,0,0.0,0.0,0.0,0.0,0.0005264640000000001,0.9396666666666667,0.06033333333333332,weak_rules_v2,False,low_usage_normal,keep_monitoring,0.005698,0.000182,train
synthetic_low_usage_normal_0078_1774456800000,1774456800000,synthetic_scenario,low_usage_normal,low_usage_normal_0078,2026-03-25T19:40:00+03:00,2026-03-25,synthetic_hourly_summary,19,Wednesday,False,113,25.702,73.619,334.413,0,66,0,6,0,0.0,2.316,3.538,0.001368,0.707,0.845,0.000418,9.643,13.539,0.005698,0.000182,0.032,48.0,76.0,34.0,0,0,0,0,0.005771,0.006582,5.181,7.341,False,False,True,False,False,evening,0.00048,0.457,0.543,0.0052179999999999995,9.186,0.0034143333333333335,5.6143333333333345,0.10134766666666666,156.12333333333336,0.006582,7.341,0.002669158356741759,4.69585618748505,0.002,3.0,0.005771,5.181,0.002,3.0,-0.4420000000000001,0.7673333333333335,-0.036500000000000074,1.4873333333333336,0.0,0.584070796460177,0.05309734513274336,0.0,0.0,60.0,False,False,False,0,0.0,0.0,0.0,60.0,0.048215,0.5042222222222221,0.4957777777777779,weak_rules_v2,False,normal,keep_monitoring,0.020664,0.000661,train
synthetic_normal_usage_0100_1774460400000,1774460400000,synthetic_scenario,normal_usage,normal_usage_0100,2026-03-25T20:40:00+03:00,2026-03-25,synthetic_hourly_summary,20,Wednesday,False,104,25.964,60.693,40.0,64,25,0,8,0,0.6181,6.715,10.295,0.003773,28.53,36.55,0.016028,36.782,50.728,0.020664,0.000661,0.032,57.0,32.0,29.0,1,0,2,0,0.015534,0.015381,21.965,41.121,False,False,True,False,False,evening,0.005698,9.643,13.539,0.014965999999999998,27.138999999999996,0.008947333333333333,15.627333333333333,0.07858499999999997,122.1176666666667,0.015381,41.121,0.010476979017510976,18.88744530987526,0.0030762000000000003,8.224200000000002,0.015534,21.965,0.0027961199999999996,3.9537,1.7173785839672313,-0.5275893095985026,1.8346852066434916,3.747628803399347,0.6153846153846154,0.2403846153846154,0.07692307692307693,0.0,0.0,0.0,False,False,False,1,60.0,0.0,0.0,0.0,0.070235229,0.0,1.0,weak_rules_v2,False,sudden_power_spike,reduce_peak_load,0.000655,2.1e-05,train
synthetic_low_usage_normal_0078_1774460400000,1774460400000,synthetic_scenario,low_usage_normal,low_usage_normal_0078,2026-03-25T20:40:00+03:00,2026-03-25,synthetic_hourly_summary,20,Wednesday,False,93,26.461,52.489,392.828,23,24,0,8,0,0.2486,0.0,0.0,0.0,0.039,0.044,2.1e-05,1.199,1.578,0.000655,2.1e-05,0.032,68.0,6.0,44.0,0,0,0,0,0.002,0.002,1.0,1.0,False,False,True,False,False,evening,0.020664,36.782,50.728,-0.020009,-35.583,0.009005666666666665,15.874666666666664,0.03632866666666665,60.63183333333337,0.002,1.0,0.010406513072752336,18.5920070012231,0.002,3.0,0.002,1.0,0.002,3.0,-0.6725,0.06633333333333336,-0.6725,0.06633333333333336,0.24731182795698925,0.25806451612903225,0.08602150537634409,0.0,0.0,0.0,False,False,False,0,0.0,0.0,0.0,0.0,0.004504643000000001,0.9778888888888889,0.02211111111111112,weak_rules_v2,False,low_usage_normal,keep_monitoring,0.044788,0.001433,train
synthetic_normal_usage_0100_1774464000000,1774464000000,synthetic_scenario,normal_usage,normal_usage_0100,2026-03-25T21:40:00+03:00,2026-03-25,synthetic_hourly_summary,21,Wednesday,False,135,26.039,48.799,155.577,45,103,0,0,0,0.3397,0.0,0.0,0.0,71.576,107.932,0.041319,77.585,110.904,0.044788,0.001433,0.032,39.0,13.0,56.0,1,0,0,0,0.047911,0.042473,54.514,58.027,False,False,True,False,False,evening,0.000655,1.199,1.578,0.044133,76.386,0.022035666666666665,38.522,0.012724999999999981,22.068166666666702,0.042473,58.027,0.022098450722468476,38.22271509194718,0.0084946,11.605400000000001,0.047911,54.514,0.00862398,9.812520000000001,0.27252607538907125,1.6852499698416246,-0.36212978230469006,2.351179921161943,0.3333333333333333,0.762962962962963,0.0,0.0,0.0,0.0,False,False,False,1,60.0,0.0,0.0,0.0,0.2561468775,0.21627335961268568,0.7837266403873143,weak_rules_v2,False,sudden_power_spike,reduce_peak_load,0.00909,0.000291,train
synthetic_low_usage_normal_0078_1774464000000,1774464000000,synthetic_scenario,low_usage_normal,low_usage_normal_0078,2026-03-25T21:40:00+03:00,2026-03-25,synthetic_hourly_summary,21,Wednesday,False,94,26.39,26.401,176.959,4,66,0,9,0,0.0444,3.22,4.01,0.002042,1.629,2.057,0.001033,14.331,16.386,0.00909,0.000291,0.032,57.0,45.0,31.0,0,0,0,0,0.011301,0.006987,15.535,16.328,False,False,True,False,False,evening,0.044788,77.585,110.904,-0.035698,-63.25399999999999,0.018177666666666665,31.03833333333333,0.013562499999999983,23.33283333333337,0.006987,16.328,0.023427968036800948,40.84184728110996,0.002,3.2656,0.011301,15.535,0.00203418,3.0,1.0515000000000003,-0.6115262126408623,-1.0869244609621564,-0.40133333333333354,0.0425531914893617,0.7021276595744681,0.09574468085106383,0.0,0.0,0.0,False,False,False,0,0.0,0.0,0.0,60.0,0.068473518,0.8662222222222221,0.13377777777777786,weak_rules_v2,False,normal,keep_monitoring,0.043017,0.001377,train
synthetic_normal_usage_0100_1774467600000,1774467600000,synthetic_scenario,normal_usage,normal_usage_0100,2026-03-25T22:40:00+03:00,2026-03-25,synthetic_hourly_summary,22,Wednesday,False,59,26.617,71.813,425.218,40,49,0,2,0,0.6896,6.45,9.522,0.004157,58.495,106.012,0.037701,66.743,77.257,0.043017,0.001377,0.032,61.0,19.0,24.0,1,0,2,0,0.061071,0.021173,66.051,41.879,False,False,False,False,False,night,0.00909,14.331,16.386,0.033927,52.41199999999999,0.03229833333333334,52.88633333333333,0.020651999999999983,34.38050000000004,0.021173,41.879,0.02011850298440143,33.827097678244314,0.004234600000000001,8.3758,0.061071,66.051,0.010992779999999999,11.88918,5.158456524819345,2.968552257694787,-1.642350706554666,0.05820418229011531,0.6779661016949152,0.8305084745762712,0.03389830508474576,0.0,0.0,0.0,False,False,False,1,60.0,0.0,0.0,0.0,0.103585136,0.980598605903295,0.0194013940967051,weak_rules_v2,True,unusual_same_hour_usage,review_unusual_usage,0.016705,0.000535,train
synthetic_socket_left_on_0012_1774482000000,1774482000000,synthetic_scenario,socket_left_on,socket_left_on_0012,2026-03-26T02:40:00+03:00,2026-03-26,synthetic_hourly_summary,2,Thursday,False,172,28.848,66.874,331.099,11,37,0,10,0,0.0676,24.205,34.62,0.013676,3.351,4.377,0.001893,29.565,29.565,0.016705,0.000535,0.032,73.0,12.0,32.0,0,1,0,0,0.011544,0.012749,20.177,34.126,True,False,False,False,True,night,0.043017,66.743,77.257,-0.026312,-37.178,0.022937333333333334,36.879666666666665,0.022486499999999982,37.70083333333337,0.012749,34.126,0.017801455455478003,26.96076218012952,0.0025498,6.8252,0.011544,20.177,0.00207792,3.6318599999999996,1.5514942348419487,-0.6682588056027657,2.483733733733734,2.5849014003843767,0.06395348837209303,0.21511627906976744,0.05813953488372093,0.0,0.0,0.0,False,False,False,1,0.0,60.0,0.0,60.0,0.13783203000000002,0.13836619987187448,0.8616338001281255,weak_rules_v2,True,socket_left_on,turn_off_unused_socket,0.073905,0.002365,train
synthetic_smoke_gas_0245_1774482000000,1774482000000,synthetic_scenario,smoke_gas,smoke_gas_0245,2026-03-26T02:40:00+03:00,2026-03-26,synthetic_hourly_summary,2,Thursday,False,65,29.993,47.703,359.067,46,63,7,4,0,0.7156,18.29,29.449,0.014513,71.185,99.5,0.056484,93.141,122.126,0.073905,0.002365,0.032,67.0,76.0,45.0,1,1,3,0,0.06798,0.081121,98.673,54.304,True,False,False,False,True,night,0.016705,29.565,29.565,0.0572,63.57600000000001,0.04454233333333333,63.14966666666667,0.03135999999999998,47.09400000000003,0.081121,54.304,0.028630490413776907,31.939958943828795,0.0162242,10.860800000000001,0.06798,98.673,0.0122364,17.76114,-0.44476769270595773,3.5758875957572185,0.48421104246346963,-0.31146649370479573,0.7076923076923077,0.9692307692307692,0.06153846153846154,0.1076923076923077,0.0,0.0,False,False,False,2,60.0,120.0,0.0,0.0,0.132446502,0.8961778354317348,0.10382216456826525,weak_rules_v2,False,smoke_gas_safety,check_smoke_gas_sensor,0.012907,0.000413,train
synthetic_socket_left_on_0012_1774485600000,1774485600000,synthetic_scenario,socket_left_on,socket_left_on_0012,2026-03-26T03:40:00+03:00,2026-03-26,synthetic_hourly_summary,3,Thursday,False,81,26.421,45.141,628.707,11,40,0,3,0,0.1359,18.0,29.809,0.012647,0.0,0.0,0.0,18.37,28.337,0.012907,0.000413,0.032,20.0,42.0,50.0,0,1,3,0,0.011907,0.011547,12.013,18.44,True,False,False,False,True,night,0.073905,93.141,122.126,-0.060998,-74.771,0.034505666666666664,47.02533333333333,0.03340199999999998,49.955833333333366,0.011547,18.44,0.034173627277966405,40.32769569828519,0.0023094,3.6880000000000006,0.011907,12.013,0.0021432599999999997,3.0,0.5888975491469646,-0.018980477223427404,0.4665789498241002,2.119,0.13580246913580246,0.49382716049382713,0.037037037037037035,0.0,0.0,0.0,False,False,False,1,0.0,180.0,0.0,60.0,0.079367585,0.29366666666666663,0.7063333333333334,weak_rules_v2,True,socket_left_on,turn_off_unused_socket,0.004911,0.000157,train
synthetic_smoke_gas_0245_1774485600000,1774485600000,synthetic_scenario,smoke_gas,smoke_gas_0245,2026-03-26T03:40:00+03:00,2026-03-26,synthetic_hourly_summary,3,Thursday,False,144,23.1,36.598,314.396,104,104,2,8,0,0.727,0.0,0.0,0.0,6.203,7.821,0.004911,6.203,7.585,0.004911,0.000157,0.032,53.0,41.0,85.0,0,0,3,0,0.003884,0.00388,4.453,5.363,True,False,False,False,True,night,0.012907,18.37,28.337,-0.007996,-12.167000000000002,0.030574333333333332,39.23800000000001,0.026755833333333312,38.058833333333375,0.00388,5.363,0.037737832599837644,47.07609827715299,0.002,3.0,0.003884,4.453,0.002,3.0,0.5154999999999996,0.27999999999999997,0.5134999999999998,0.5833333333333334,0.7222222222222222,0.7222222222222222,0.05555555555555555,0.013888888888888888,0.0,0.0,False,False,False,0,0.0,0.0,0.0,0.0,0.008467095000000001,0.8055555555555556,0.19444444444444445,weak_rules_v2,False,smoke_gas_safety,check_smoke_gas_sensor,0.018639,0.000596,train
synthetic_smoke_gas_0245_1774489200000,1774489200000,synthetic_scenario,smoke_gas,smoke_gas_0245,2026-03-26T04:40:00+03:00,2026-03-26,synthetic_hourly_summary,4,Thursday,False,128,26.583,72.607,310.899,128,67,7,0,0,1.0,0.0,0.0,0.0,20.071,33.342,0.014344,26.08,28.831,0.018639,0.000596,0.032,63.0,59.0,58.0,1,0,1,0,0.013701,0.017591,17.311,19.765,True,False,False,False,True,night,0.004911,6.203,7.585,0.013728,19.877,0.012152333333333334,16.884333333333334,0.028347333333333318,40.01700000000004,0.017591,19.765,0.006895044404016967,10.021436340840973,0.0035182,3.9530000000000003,0.013701,17.311,0.0024661799999999997,3.11598,0.2978795975214599,1.5975208702251447,2.0022869376931127,2.814202915294706,1.0,0.5234375,0.0,0.0546875,0.0,0.0,False,False,False,1,60.0,0.0,0.0,0.0,0.0,0.06193236156843129,0.9380676384315687,weak_rules_v2,False,smoke_gas_safety,check_smoke_gas_sensor,0.0189,0.000605,train
synthetic_socket_left_on_0012_1774489200000,1774489200000,synthetic_scenario,socket_left_on,socket_left_on_0012,2026-03-26T04:40:00+03:00,2026-03-26,synthetic_hourly_summary,4,Thursday,False,161,25.765,58.978,399.91,6,37,0,17,0,0.0373,18.0,19.231,0.0189,0.0,0.0,0.0,18.0,20.708,0.0189,0.000605,0.032,51.0,21.0,45.0,0,1,2,0,0.022688,0.013564,11.864,10.263,True,False,False,False,True,night,0.018639,26.08,28.831,0.0002610000000000008,-8.079999999999998,0.014150000000000001,16.761,0.024327833333333312,31.8931666666667,0.013564,10.263,0.008002272864632443,9.99625544892661,0.0027128,3.0,0.022688,11.864,0.00408384,3.0,1.9669713948687704,2.579,-0.9275583764300266,2.0453333333333332,0.037267080745341616,0.22981366459627328,0.10559006211180125,0.0,0.0,0.0,False,False,False,1,0.0,60.0,0.0,60.0,0.086643,0.3182222222222223,0.6817777777777777,weak_rules_v2,True,socket_left_on,turn_off_unused_socket,0.015295,0.000489,train
synthetic_smoke_gas_0245_1774492800000,1774492800000,synthetic_scenario,smoke_gas,smoke_gas_0245,2026-03-26T05:40:00+03:00,2026-03-26,synthetic_hourly_summary,5,Thursday,False,167,27.373,56.799,377.543,126,159,2,0,0,0.7578,9.984,13.863,0.004943,18.755,20.426,0.009285,30.895,38.254,0.015295,0.000489,0.032,23.0,78.0,70.0,1,0,2,0,0.008315,0.011441,14.333,29.127,True,True,False,False,True,morning,0.0189,18.0,20.708,-0.0036050000000000006,12.895,0.017611333333333333,24.991666666666664,0.024092833333333313,32.11483333333337,0.011441,29.127,0.0020102438492299026,6.516027035971962,0.0022882,5.8254,0.008315,14.333,0.002,3.0,1.6842933310025345,0.30349847220791715,3.4899999999999998,5.520666666666666,0.7544910179640718,0.9520958083832335,0.0,0.011976047904191617,0.0,0.0,False,False,False,1,60.0,0.0,0.0,0.0,0.037413844999999994,0.0,1.0,weak_rules_v2,False,smoke_gas_safety,check_smoke_gas_sensor,0.017947,0.000574,train
synthetic_socket_left_on_0012_1774492800000,1774492800000,synthetic_scenario,socket_left_on,socket_left_on_0012,2026-03-26T05:40:00+03:00,2026-03-26,synthetic_hourly_summary,5,Thursday,False,80,23.48,44.38,406.753,3,62,0,2,0,0.0495,18.0,28.8,0.014586,1.051,1.785,0.000852,22.147,38.583,0.017947,0.000574,0.032,52.0,55.0,76.0,0,1,0,0,0.012828,0.019856,22.189,16.581,True,True,False,False,True,morning,0.015295,30.895,38.254,0.0026520000000000016,-8.748000000000001,0.01738066666666667,23.680666666666667,0.014766499999999981,20.282500000000038,0.019856,16.581,0.0018680354208008522,6.582883588027306,0.0039712,3.3162000000000003,0.012828,22.189,0.00230904,3.99402,-0.4807111200644635,1.6784271153730168,2.216938641166892,-0.010515721002899733,0.0375,0.775,0.025,0.0,0.0,0.0,False,False,False,1,0.0,60.0,0.0,60.0,0.1052536175,0.9964947596657001,0.003505240334299911,weak_rules_v2,True,socket_left_on,turn_off_unused_socket,0.12703,0.004065,train
synthetic_power_spike_0059_1774514400000,1774514400000,synthetic_scenario,power_spike,power_spike_0059,2026-03-26T11:40:00+03:00,2026-03-26,synthetic_hourly_summary,11,Thursday,False,151,25.828,52.165,635.05,65,31,0,7,0,0.4364,110.666,144.032,0.093078,40.0,54.534,0.033643,151.032,175.337,0.12703,0.004065,0.032,52.0,38.0,28.0,1,1,1,0,0.060705,0.06676,100.688,96.584,False,True,False,True,False,morning,0.017947,22.147,38.583,0.109083,128.88500000000002,0.053424000000000006,68.02466666666668,0.033786999999999984,42.39283333333337,0.06676,96.584,0.06375845593331161,72.01940652583484,0.013352000000000001,19.3168,0.060705,100.688,0.0109269,18.12384,4.513930497303774,2.8186863248571195,6.069882583349348,2.777777777777778,0.4304635761589404,0.2052980132450331,0.046357615894039736,0.0,0.0,0.0,False,False,False,2,60.0,120.0,60.0,0.0,0.425608176,0.07407407407407396,0.925925925925926,weak_rules_v2,True,unusual_same_hour_usage,review_unusual_usage,0.005789,0.000185,train
synthetic_low_usage_normal_0278_1774518000000,1774518000000,synthetic_scenario,low_usage_normal,low_usage_normal_0278,2026-03-26T12:40:00+03:00,2026-03-26,synthetic_hourly_summary,12,Thursday,False,94,31.018,48.666,425.445,8,56,0,5,14,0.0883,3.249,4.131,0.002674,3.237,4.663,0.002665,7.033,13.009,0.005789,0.000185,0.032,22.0,22.0,22.0,0,0,0,0,0.003987,0.004241,5.188,6.531,False,False,False,True,False,afternoon,0.12703,151.032,175.337,-0.121241,-143.99900000000002,0.050255333333333325,60.07066666666666,0.03393333333333331,42.5311666666667,0.004241,6.531,0.06676613155135898,79.13647307236704,0.002,3.0,0.003987,5.188,0.002,3.0,0.7739999999999999,0.16733333333333356,0.9009999999999999,0.6150000000000002,0.0851063829787234,0.5957446808510638,0.05319148936170213,0.0,0.14893617021276595,0.0,False,False,False,0,0.0,0.0,0.0,60.0,0.0320599305,0.7949999999999999,0.20500000000000007,weak_rules_v2,False,high_temperature_comfort,verify_occupancy,0.358714,0.011479,train
synthetic_power_spike_0059_1774518000000,1774518000000,synthetic_scenario,power_spike,power_spike_0059,2026-03-26T12:40:00+03:00,2026-03-26,synthetic_hourly_summary,12,Thursday,False,111,24.304,53.711,456.629,57,73,0,10,0,0.5187,156.544,225.817,0.128697,279.788,341.499,0.230017,436.332,642.292,0.358714,0.011479,0.032,79.0,37.0,28.0,1,1,0,0,0.195376,0.157187,182.812,228.574,False,False,False,True,False,afternoon,0.005789,7.033,13.009,0.352925,429.299,0.16384433333333334,198.13233333333332,0.09061249999999998,110.90650000000004,0.157187,228.574,0.1793195060787682,218.49082108942997,0.0314374,45.714800000000004,0.195376,182.812,0.03516768,32.90616,6.410421981461571,4.5446551226298695,4.64454863101575,7.704332562656961,0.5135135135135135,0.6576576576576577,0.09009009009009009,0.0,0.0,0.0,False,False,False,2,60.0,60.0,60.0,0.0,0.48129999999999995,0.0,1.0,weak_rules_v2,True,unusual_same_hour_usage,review_unusual_usage,0.002177,7e-05,train
synthetic_low_usage_normal_0278_1774521600000,1774521600000,synthetic_scenario,low_usage_normal,low_usage_normal_0278,2026-03-26T13:40:00+03:00,2026-03-26,synthetic_hourly_summary,13,Thursday,False,66,27.079,51.158,466.078,16,43,0,0,0,0.2449,1.592,3.076,0.000976,1.957,2.941,0.0012,3.549,4.377,0.002177,7e-05,0.032,39.0,42.0,89.0,0,0,2,0,0.002256,0.002,1.0,2.733,False,False,False,True,False,afternoon,0.358714,436.332,642.292,-0.356537,-432.783,0.12222666666666666,148.97133333333332,0.08782533333333331,108.49800000000003,0.002,2.733,0.2048120010066143,248.86773419696928,0.002,3.0,0.002256,1.0,0.002,3.0,0.08850000000000004,0.27199999999999996,-0.039500000000000035,0.8496666666666667,0.24242424242424243,0.6515151515151515,0.0,0.0,0.0,0.0,False,False,False,0,0.0,0.0,0.0,0.0,0.0133992495,0.7167777777777777,0.2832222222222222,weak_rules_v2,False,low_usage_normal,keep_monitoring,0.221683,0.007094,train
synthetic_power_spike_0059_1774521600000,1774521600000,synthetic_scenario,power_spike,power_spike_0059,2026-03-26T13:40:00+03:00,2026-03-26,synthetic_hourly_summary,13,Thursday,False,173,27.366,55.571,172.175,112,168,0,12,0,0.6506,117.068,173.591,0.118072,95.719,133.464,0.09654,219.797,318.43,0.221683,0.007094,0.032,22.0,43.0,58.0,1,1,3,0,0.094866,0.09538,107.383,113.836,False,False,False,True,False,afternoon,0.002177,3.549,4.377,0.21950599999999998,216.248,0.1941913333333333,219.89266666666666,0.12222333333333331,139.9816666666667,0.09538,113.836,0.1798513327566226,216.3915158603342,0.019076000000000003,22.767200000000003,0.094866,107.383,0.01707588,19.32894,6.62104214720067,4.654107663656488,7.426674350018855,5.8158388406193,0.6473988439306358,0.9710982658959537,0.06936416184971098,0.0,0.0,0.0,False,False,False,2,60.0,60.0,60.0,0.0,0.34940000000000004,0.0,1.0,weak_rules_v2,True,unusual_same_hour_usage,review_unusual_usage,0.147982,0.004735,train
synthetic_power_spike_0059_1774525200000,1774525200000,synthetic_scenario,power_spike,power_spike_0059,2026-03-26T14:40:00+03:00,2026-03-26,synthetic_hourly_summary,14,Thursday,False,77,24.045,68.248,828.066,36,49,0,8,0,0.4689,158.906,245.998,0.066504,193.715,313.892,0.081072,353.59,402.751,0.147982,0.004735,0.032,8.0,12.0,75.0,1,1,0,0,0.066954,0.084,130.449,164.079,False,False,False,True,False,afternoon,0.221683,219.797,318.43,-0.07370099999999999,133.79299999999998,0.12394733333333334,192.31199999999998,0.1438958333333333,195.22216666666668,0.084,164.079,0.11170930986418896,176.63166290051163,0.016800000000000002,32.8158,0.066954,130.449,0.01205172,23.48082,3.8084523809523803,5.774992534084189,6.723355670393936,9.503117863856541,0.4675324675324675,0.6363636363636364,0.1038961038961039,0.0,0.0,0.0,False,False,False,2,120.0,120.0,120.0,0.0,0.5311,0.0,1.0,weak_rules_v2,True,unusual_same_hour_usage,review_unusual_usage,0.006886,0.00022,train
synthetic_low_usage_normal_0278_1774525200000,1774525200000,synthetic_scenario,low_usage_normal,low_usage_normal_0278,2026-03-26T14:40:00+03:00,2026-03-26,synthetic_hourly_summary,14,Thursday,False,80,28.496,34.437,225.909,24,42,0,7,0,0.3116,2.311,2.513,0.001697,2.972,3.363,0.002183,9.374,12.349,0.006886,0.00022,0.032,40.0,79.0,64.0,0,0,2,0,0.004719,0.005205,5.952,6.749,False,False,False,True,False,afternoon,0.147982,353.59,402.751,-0.141096,-344.21599999999995,0.12551700000000002,194.25366666666665,0.1238718333333333,171.61250000000004,0.005205,6.749,0.10914643819658089,173.52380261028543,0.002,3.0,0.004719,5.952,0.002,3.0,0.8404999999999997,0.8750000000000003,1.0835,1.140666666666667,0.3,0.525,0.0875,0.0,0.0,0.0,False,False,False,0,0.0,0.0,0.0,0.0,0.032265308,0.6197777777777778,0.3802222222222223,weak_rules_v2,False,normal,keep_monitoring,0.002237,7.2e-05,train
synthetic_low_usage_normal_0278_1774528800000,1774528800000,synthetic_scenario,low_usage_normal,low_usage_normal_0278,2026-03-26T15:40:00+03:00,2026-03-26,synthetic_hourly_summary,15,Thursday,False,49,22.583,48.657,356.9,19,27,0,1,0,0.3949,2.132,3.299,0.001561,0.554,0.688,0.000405,3.055,3.055,0.002237,7.2e-05,0.032,43.0,38.0,42.0,0,0,2,0,0.002,0.002,1.872,2.761,False,False,False,True,False,afternoon,0.006886,9.374,12.349,-0.004649,-6.319000000000001,0.05236833333333333,122.00633333333332,0.12327983333333331,170.94950000000003,0.002,2.761,0.08283648495882343,200.58222363991626,0.002,3.0,0.002,1.872,0.002,3.0,0.1184999999999999,0.09800000000000002,0.1184999999999999,0.39433333333333337,0.3877551020408163,0.5510204081632653,0.02040816326530612,0.0,0.0,0.0,False,False,False,0,0.0,0.0,0.0,0.0,0.0092429025,0.8685555555555555,0.13144444444444445,weak_rules_v2,False,low_usage_normal,keep_monitoring,0.042561,0.001362,train
synthetic_normal_usage_0120_1774550400000,1774550400000,synthetic_scenario,normal_usage,normal_usage_0120,2026-03-26T21:40:00+03:00,2026-03-26,synthetic_hourly_summary,21,Thursday,False,109,25.353,52.539,493.428,66,42,0,4,0,0.6089,11.249,19.018,0.006311,64.307,81.711,0.036077,75.865,93.91,0.042561,0.001362,0.032,35.0,26.0,47.0,1,1,0,0,0.036514,0.01064,45.449,43.223,False,False,True,False,False,evening,0.002237,3.055,3.055,0.040324,72.80999999999999,0.017228,29.43133333333333,0.07058766666666665,110.87166666666668,0.01064,43.223,0.02206182147965217,40.33666434316919,0.002128,8.6446,0.036514,45.449,0.006572519999999999,8.180819999999999,15.000469924812032,3.775998889480137,0.9200428450579085,3.7179647028048532,0.6055045871559633,0.3853211009174312,0.03669724770642202,0.0,0.0,0.0,False,False,False,2,60.0,60.0,0.0,0.0,0.1483540075,0.0,1.0,weak_rules_v2,True,unusual_same_hour_usage,review_unusual_usage,0.071436,0.002286,train
synthetic_normal_usage_0120_1774554000000,1774554000000,synthetic_scenario,normal_usage,normal_usage_0120,2026-03-26T22:40:00+03:00,2026-03-26,synthetic_hourly_summary,22,Thursday,False,136,25.69,47.974,397.48,59,87,0,4,0,0.4358,18.08,20.668,0.013632,71.742,119.523,0.054092,94.745,161.423,0.071436,0.002286,0.032,28.0,61.0,31.0,1,1,1,0,0.064955,0.088367,63.917,55.981,False,False,False,False,False,night,0.042561,75.865,93.91,0.028874999999999998,18.88000000000001,0.03874466666666667,57.88833333333334,0.0821308333333333,126.07100000000003,0.088367,55.981,0.03475699498422408,48.41626207518981,0.017673400000000002,11.196200000000001,0.064955,63.917,0.0116919,11.50506,-0.9579933685651884,3.462246119219021,0.5543153807336704,2.679516664841383,0.4338235294117647,0.6397058823529411,0.029411764705882353,0.0,0.0,0.0,False,False,False,2,120.0,120.0,0.0,0.0,0.267275645,0.10682777838620572,0.8931722216137943,weak_rules_v2,True,sudden_power_spike,reduce_peak_load,0.006259,0.0002,train
synthetic_normal_usage_0120_1774557600000,1774557600000,synthetic_scenario,normal_usage,normal_usage_0120,2026-03-26T23:40:00+03:00,2026-03-26,synthetic_hourly_summary,23,Thursday,False,171,25.4,48.76,600.366,123,169,0,18,0,0.7199,0.0,0.0,0.0,15.568,15.911,0.005449,17.883,24.66,0.006259,0.0002,0.032,56.0,7.0,71.0,1,0,0,0,0.004221,0.004551,12.059,12.336,True,False,False,False,True,night,0.071436,94.745,161.423,-0.065177,-76.86200000000001,0.040085333333333334,62.830999999999996,0.04622683333333331,92.41866666666668,0.004551,12.336,0.032658950171941814,40.05440834664925,0.002,3.0,0.004221,12.059,0.002,3.0,0.8539999999999998,1.8489999999999995,1.019,1.9413333333333334,0.7192982456140351,0.9883040935672515,0.10526315789473684,0.0,0.0,0.0,False,False,False,1,180.0,0.0,0.0,0.0,0.0250451415,0.3528888888888889,0.6471111111111111,weak_rules_v2,False,normal,keep_monitoring,0.068516,0.002192,train
synthetic_normal_usage_0120_1774561200000,1774561200000,synthetic_scenario,normal_usage,normal_usage_0120,2026-03-27T00:40:00+03:00,2026-03-27,synthetic_hourly_summary,0,Friday,True,75,23.974,52.625,326.909,44,63,0,2,0,0.5917,21.218,35.959,0.016115,63.607,80.073,0.048307,90.215,126.569,0.068516,0.002192,0.032,77.0,24.0,62.0,1,1,1,0,0.058172,0.030405,60.5,68.114,True,False,False,False,True,night,0.006259,17.883,24.66,0.06225699999999999,72.33200000000001,0.048736999999999996,67.61433333333333,0.03298249999999997,48.52283333333336,0.030405,68.114,0.03681598787211944,43.128115671026634,0.0060810000000000005,13.622800000000002,0.058172,60.5,0.01047096,10.889999999999999,6.26722578523269,1.622353701148075,0.9878750372458679,2.7286501377410475,0.5866666666666667,0.84,0.02666666666666667,0.0,0.0,0.0,False,False,False,2,240.0,60.0,0.0,0.0,0.1841739225,0.09044995408631751,0.9095500459136825,weak_rules_v2,True,unusual_same_hour_usage,review_unusual_usage,0.005382,0.000172,train
synthetic_low_usage_normal_0288_1774564800000,1774564800000,synthetic_scenario,low_usage_normal,low_usage_normal_0288,2026-03-27T01:40:00+03:00,2026-03-27,synthetic_hourly_summary,1,Friday,True,80,29.375,63.34,299.422,0,45,0,4,0,0.0,2.736,3.927,0.002287,0.0,0.0,0.0,6.439,8.42,0.005382,0.000172,0.032,35.0,19.0,17.0,0,0,2,0,0.005544,0.005264,4.919,4.661,True,False,False,False,True,night,0.068516,90.215,126.569,-0.063134,-83.77600000000001,0.026718999999999996,38.179,0.03273183333333331,48.0336666666667,0.005264,4.661,0.03619991973748068,45.42631677783434,0.002,3.0,0.005544,4.919,0.002,3.0,0.059000000000000025,0.5926666666666668,-0.08100000000000034,0.5066666666666668,0.0,0.5625,0.05,0.0,0.0,60.0,False,False,False,0,0.0,0.0,0.0,60.0,0.032195,0.831111111111111,0.16888888888888895,weak_rules_v2,False,normal,keep_monitoring,0.003038,9.7e-05,train
synthetic_low_usage_normal_0288_1774568400000,1774568400000,synthetic_scenario,low_usage_normal,low_usage_normal_0288,2026-03-27T02:40:00+03:00,2026-03-27,synthetic_hourly_summary,2,Friday,True,61,25.266,34.588,150.151,11,15,0,2,0,0.1816,0.0,0.0,0.0,0.638,0.832,0.000335,5.79,10.553,0.003038,9.7e-05,0.032,10.0,14.0,36.0,0,0,1,0,0.002338,0.002641,3.152,5.8,True,False,False,False,True,night,0.005382,6.439,8.42,-0.0023439999999999997,-0.649,0.02564533333333333,34.148,0.03286533333333331,48.48950000000003,0.002641,5.8,0.03714558021263602,48.556530631833226,0.002,3.0,0.002338,3.152,0.002,3.0,0.1984999999999999,-0.0033333333333332624,0.35000000000000003,0.8793333333333333,0.18032786885245902,0.2459016393442623,0.03278688524590164,0.0,0.0,0.0,False,False,False,0,0.0,0.0,0.0,120.0,0.02369268,0.7068888888888889,0.2931111111111111,weak_rules_v2,False,normal,keep_monitoring,0.00213,6.8e-05,train
synthetic_low_usage_normal_0288_1774572000000,1774572000000,synthetic_scenario,low_usage_normal,low_usage_normal_0288,2026-03-27T03:40:00+03:00,2026-03-27,synthetic_hourly_summary,3,Friday,True,112,23.29,48.108,823.996,22,49,0,1,0,0.2038,0.312,0.442,0.000191,2.37,2.424,0.001453,3.473,6.161,0.00213,6.8e-05,0.032,35.0,13.0,51.0,0,0,2,0,0.002387,0.002,4.086,2.957,True,False,False,False,True,night,0.003038,5.79,10.553,-0.000908,-2.317,0.0035166666666666666,5.234,0.026126833333333304,36.4241666666667,0.002,2.957,0.0016780099324419672,1.5592116598433197,0.002,3.0,0.002387,4.086,0.002,3.0,0.06499999999999995,0.17200000000000001,-0.12849999999999992,-0.20433333333333348,0.19642857142857142,0.4375,0.008928571428571428,0.0,0.0,0.0,False,False,False,0,0.0,0.0,0.0,0.0,0.013826013,0.9318888888888889,0.06811111111111116,weak_rules_v2,False,low_usage_normal,keep_monitoring,0.00967,0.000309,train
synthetic_low_usage_normal_0288_1774575600000,1774575600000,synthetic_scenario,low_usage_normal,low_usage_normal_0288,2026-03-27T04:40:00+03:00,2026-03-27,synthetic_hourly_summary,4,Friday,True,51,22.004,61.877,370.965,27,39,0,0,0,0.536,1.133,1.703,0.000794,2.42,3.371,0.001696,13.798,18.863,0.00967,0.000309,0.032,28.0,16.0,18.0,0,0,0,0,0.008385,0.005343,17.107,9.071,True,False,False,False,True,night,0.00213,3.473,6.161,0.00754,10.325,0.004946,7.687,0.01583249999999997,22.933000000000032,0.005343,9.071,0.004116217681323563,5.417597530288543,0.002,3.0,0.008385,17.107,0.002,3.0792599999999997,2.1635,1.5756666666666668,0.6424999999999998,-1.0746088345901286,0.5294117647058824,0.7647058823529411,0.0,0.0,0.0,0.0,False,False,False,0,0.0,0.0,0.0,0.0,0.032011359999999996,0.6417970551366239,0.35820294486337617,weak_rules_v2,False,unusual_same_hour_usage,review_unusual_usage,0.057398,0.001837,train
synthetic_stale_data_0266_1774600800000,1774600800000,synthetic_scenario,stale_data,stale_data_0266,2026-03-27T11:40:00+03:00,2026-03-27,synthetic_hourly_summary,11,Friday,True,54,27.843,56.295,168.724,15,24,0,2,0,0.29,8.22,12.874,0.006424,65.226,74.458,0.050974,73.446,111.763,0.057398,0.001837,0.032,735.0,788.0,58.0,1,0,3,0,0.017528,0.036374,66.519,51.987,False,True,False,False,False,morning,0.00967,13.798,18.863,0.047728,59.647999999999996,0.023066,30.239,0.024355666666666637,32.19350000000003,0.036374,51.987,0.0299704449082766,37.77280824879403,0.0072748,10.397400000000001,0.017528,66.519,0.0031550399999999996,11.97342,2.88997635673833,2.0638813549541224,12.636923779096305,0.5785314471554487,0.2777777777777778,0.4444444444444444,0.037037037037037035,0.0,0.0,0.0,True,True,False,1,60.0,0.0,0.0,0.0,0.2607333,0.8071561842815171,0.19284381571848289,weak_rules_v2,False,possible_sensor_stale,check_sensor_connection,0.00374,0.00012,train
synthetic_stale_data_0266_1774604400000,1774604400000,synthetic_scenario,stale_data,stale_data_0266,2026-03-27T12:40:00+03:00,2026-03-27,synthetic_hourly_summary,12,Friday,True,127,29.901,47.246,655.609,87,58,0,6,0,0.6907,2.339,3.365,0.001292,0.0,0.0,0.0,6.77,8.443,0.00374,0.00012,0.032,633.0,1357.0,32.0,0,0,0,0,0.003521,0.003061,3.876,5.659,False,False,False,False,False,afternoon,0.057398,73.446,111.763,-0.053658,-66.676,0.023602666666666664,31.337999999999997,0.013559666666666637,18.286000000000026,0.003061,5.659,0.029417420711771725,36.635514790980636,0.002,3.0,0.003521,3.876,0.002,3.0,0.33949999999999997,0.37033333333333324,0.1095,0.9646666666666666,0.6850393700787402,0.4566929133858268,0.047244094488188976,0.0,0.0,0.0,True,True,False,0,0.0,0.0,0.0,0.0,0.010469805,0.6784444444444444,0.32155555555555554,weak_rules_v2,False,possible_sensor_stale,check_sensor_connection,0.032262,0.001032,train
synthetic_stale_data_0266_1774608000000,1774608000000,synthetic_scenario,stale_data,stale_data_0266,2026-03-27T13:40:00+03:00,2026-03-27,synthetic_hourly_summary,13,Friday,True,173,25.463,70.968,264.316,45,30,0,10,0,0.2657,14.053,26.601,0.008226,34.188,34.188,0.020012,55.116,65.78,0.032262,0.001032,0.032,514.0,1041.0,24.0,1,1,3,0,0.006452,0.013817,19.083,50.659,False,False,False,False,False,afternoon,0.00374,6.77,8.443,0.028522,48.346000000000004,0.031133333333333332,45.11066666666667,0.018039666666666638,26.398833333333357,0.013817,50.659,0.026846799759624555,34.445642182045006,0.0027634,10.1318,0.006452,19.083,0.002,3.4349399999999997,6.674748498226822,0.4399020904478968,12.905,10.490139565756609,0.26011560693641617,0.17341040462427745,0.057803468208092484,0.0,0.0,0.0,True,True,False,2,60.0,60.0,0.0,0.0,0.20235839399999997,0.0,1.0,weak_rules_v2,False,possible_sensor_stale,check_sensor_connection,0.03271,0.001047,train
synthetic_stale_data_0266_1774611600000,1774611600000,synthetic_scenario,stale_data,stale_data_0266,2026-03-27T14:40:00+03:00,2026-03-27,synthetic_hourly_summary,14,Friday,True,172,30.4,44.121,486.344,18,86,0,8,25,0.1102,11.156,18.548,0.007508,37.449,54.951,0.025202,48.605,65.809,0.03271,0.001047,0.032,894.0,822.0,15.0,1,1,3,0,0.031202,0.022368,38.72,27.018,False,False,False,False,False,afternoon,0.032262,55.116,65.78,0.00044800000000000395,-6.511000000000003,0.022903999999999997,36.83033333333333,0.022984999999999974,33.534666666666695,0.022368,27.018,0.016598022412324994,26.235777296155874,0.0044736,5.403600000000001,0.031202,38.72,0.00561636,6.9696,2.3117846924177403,3.9949293063883324,0.268501306896282,1.418302341597796,0.10465116279069768,0.5,0.046511627906976744,0.0,0.14534883720930233,0.0,True,True,False,2,120.0,120.0,0.0,60.0,0.216243645,0.5272325528007347,0.47276744719926533,weak_rules_v2,False,possible_sensor_stale,check_sensor_connection,0.034569,0.001106,train
synthetic_socket_left_on_0102_1774615200000,1774615200000,synthetic_scenario,socket_left_on,socket_left_on_0102,2026-03-27T15:40:00+03:00,2026-03-27,synthetic_hourly_summary,15,Friday,True,123,27.814,40.314,511.223,17,86,0,0,0,0.1426,61.284,85.368,0.034569,0.0,0.0,0.0,61.284,82.333,0.034569,0.001106,0.032,50.0,68.0,12.0,0,1,0,0,0.015372,0.040278,45.805,60.468,False,False,False,False,False,afternoon,0.03271,48.605,65.809,0.0018589999999999995,12.679000000000002,0.03318033333333334,55.001666666666665,0.028391499999999972,43.16983333333335,0.040278,60.468,0.0012233038597900762,6.340273206531951,0.008055600000000001,12.093600000000002,0.015372,45.805,0.0027669599999999997,8.2449,-0.7086995382094441,0.0674737051002179,6.937939110070259,1.8774030006428217,0.13821138211382114,0.6991869918699187,0.0,0.0,0.0,0.0,False,False,False,1,0.0,180.0,0.0,120.0,0.26272450799999997,0.3741989997857261,0.6258010002142739,weak_rules_v2,True,socket_left_on,turn_off_unused_socket,0.029282,0.000937,train
synthetic_socket_left_on_0102_1774618800000,1774618800000,synthetic_scenario,socket_left_on,socket_left_on_0102,2026-03-27T16:40:00+03:00,2026-03-27,synthetic_hourly_summary,16,Friday,True,153,27.686,41.427,672.053,4,101,0,0,0,0.0299,31.646,47.143,0.025793,0.891,0.985,0.000726,35.927,50.173,0.029282,0.000937,0.032,26.0,43.0,44.0,0,1,1,0,0.02027,0.028983,26.236,25.118,False,False,False,False,False,afternoon,0.034569,61.284,82.333,-0.0052870000000000035,-25.357,0.032187,48.605333333333334,0.031660166666666635,46.858000000000025,0.028983,25.118,0.0026820214391469477,12.678500003291964,0.0057966,5.0236,0.02027,26.236,0.0036485999999999997,4.72248,0.05158196183969925,2.1516442391910187,2.4699884887354053,2.0520997442021987,0.026143790849673203,0.6601307189542484,0.0,0.0,0.0,0.0,False,False,False,1,0.0,240.0,0.0,180.0,0.17426391349999998,0.3159667519326005,0.6840332480673995,weak_rules_v2,True,socket_left_on,turn_off_unused_socket,0.037234,0.001191,train
synthetic_socket_left_on_0102_1774622400000,1774622400000,synthetic_scenario,socket_left_on,socket_left_on_0102,2026-03-27T17:40:00+03:00,2026-03-27,synthetic_hourly_summary,17,Friday,True,167,24.739,31.813,348.479,3,125,0,4,0,0.0186,42.012,65.951,0.036859,0.101,0.158,8.9e-05,42.439,80.226,0.037234,0.001191,0.032,74.0,26.0,84.0,0,1,1,0,0.037477,0.017523,23.149,30.013,False,False,True,False,False,evening,0.029282,35.927,50.173,0.007952000000000004,6.5120000000000005,0.033694999999999996,46.550000000000004,0.028299499999999967,41.6901666666667,0.017523,30.013,0.004047404476951127,13.16888769031551,0.0035046,6.002600000000001,0.037477,23.149,0.00674586,4.16682,5.624322319237574,2.0701029553859986,-0.03602209355071113,4.629429636989358,0.017964071856287425,0.7485029940119761,0.023952095808383235,0.0,0.0,0.0,False,False,False,1,0.0,300.0,0.0,240.0,0.208248173,0.0,1.0,weak_rules_v2,True,socket_left_on,turn_off_unused_socket,0.072555,0.002322,train
synthetic_socket_left_on_0002_1774626000000,1774626000000,synthetic_scenario,socket_left_on,socket_left_on_0002,2026-03-27T18:40:00+03:00,2026-03-27,synthetic_hourly_summary,18,Friday,True,60,29.873,54.194,306.033,7,30,0,2,0,0.1325,73.026,105.813,0.070328,1.461,1.93,0.001407,75.338,106.793,0.072555,0.002322,0.032,5.0,75.0,85.0,0,1,0,0,0.034336,0.045061,68.62,54.325,False,False,True,False,False,evening,0.037234,42.439,80.226,0.03532099999999999,32.898999999999994,0.046357,51.23466666666667,0.03976866666666664,53.118166666666696,0.045061,54.325,0.02303388762237163,21.126512829463152,0.0090122,10.865000000000002,0.034336,68.62,0.0061804799999999995,12.351600000000001,3.0507534231375244,1.93400828347906,6.183823910117013,0.5438971469283322,0.11666666666666667,0.5,0.03333333333333333,0.0,0.0,0.0,False,False,False,1,0.0,360.0,0.0,300.0,0.32677857499999996,0.8187009510238893,0.18129904897611074,weak_rules_v2,True,socket_left_on,turn_off_unused_socket,0.009949,0.000318,train
synthetic_socket_left_on_0102_1774626000000,1774626000000,synthetic_scenario,socket_left_on,socket_left_on_0102,2026-03-27T18:40:00+03:00,2026-03-27,synthetic_hourly_summary,18,Friday,True,78,26.085,57.886,257.201,3,61,0,4,0,0.0503,19.415,27.21,0.009358,1.226,1.55,0.000591,20.64,31.81,0.009949,0.000318,0.032,8.0,52.0,42.0,0,1,0,0,0.009043,0.007467,20.24,8.393,False,False,True,False,False,evening,0.072555,75.338,106.793,-0.062606,-54.69799999999999,0.039912666666666666,46.139,0.03604983333333331,47.37216666666669,0.007467,8.393,0.03138883958245953,27.536072722887404,0.002,3.0,0.009043,20.24,0.002,3.6431999999999998,1.2409999999999999,4.082333333333334,0.4529999999999994,0.10979358805445821,0.038461538461538464,0.782051282051282,0.05128205128205128,0.0,0.0,0.0,False,False,False,1,0.0,420.0,0.0,360.0,0.09800904,0.9634021373151807,0.036597862684819404,weak_rules_v2,True,socket_left_on,turn_off_unused_socket,0.038844,0.001243,train
synthetic_socket_left_on_0002_1774629600000,1774629600000,synthetic_scenario,socket_left_on,socket_left_on_0002,2026-03-27T19:40:00+03:00,2026-03-27,synthetic_hourly_summary,19,Friday,True,68,27.199,58.439,40.0,0,27,0,4,0,0.0,42.551,59.794,0.037466,0.547,0.763,0.000482,44.116,61.114,0.038844,0.001243,0.032,69.0,65.0,7.0,0,1,2,0,0.034358,0.041465,31.383,29.152,False,False,True,False,False,evening,0.009949,20.64,31.81,0.028894999999999997,23.476,0.04044933333333333,46.698,0.037072166666666635,46.624000000000024,0.041465,29.152,0.03133385757185632,27.440259546880075,0.008293,5.830400000000001,0.034358,31.383,0.006184439999999999,5.64894,-0.31604968045339504,2.5665477497255758,0.7253688288672858,2.254051202526492,0.0,0.39705882352941174,0.058823529411764705,0.0,0.0,60.0,False,False,False,1,0.0,480.0,0.0,420.0,0.22058,0.24864959915783602,0.751350400842164,weak_rules_v2,True,socket_left_on,turn_off_unused_socket,0.019393,0.000621,train
synthetic_socket_left_on_0002_1774633200000,1774633200000,synthetic_scenario,socket_left_on,socket_left_on_0002,2026-03-27T20:40:00+03:00,2026-03-27,synthetic_hourly_summary,20,Friday,True,159,27.199,54.282,833.145,17,34,0,11,0,0.1103,28.876,31.72,0.019368,0.038,0.041,2.5e-05,28.914,51.347,0.019393,0.000621,0.032,52.0,63.0,76.0,0,1,0,0,0.009394,0.013461,15.347,22.586,False,False,True,False,False,evening,0.038844,44.116,61.114,-0.019450999999999996,-15.201999999999998,0.022728666666666664,31.223333333333333,0.03454283333333331,41.22900000000003,0.013461,22.586,0.014733474143370803,11.90715790327375,0.0026922000000000005,4.5172,0.009394,15.347,0.002,3.0,2.2034024218111576,1.4008677942088026,4.9995,4.522333333333334,0.1069182389937107,0.2138364779874214,0.06918238993710692,0.0,0.0,0.0,False,False,False,1,0.0,540.0,0.0,480.0,0.128623929,0.0,1.0,weak_rules_v2,True,socket_left_on,turn_off_unused_socket,0.023665,0.000757,train
synthetic_socket_left_on_0002_1774636800000,1774636800000,synthetic_scenario,socket_left_on,socket_left_on_0002,2026-03-27T21:40:00+03:00,2026-03-27,synthetic_hourly_summary,21,Friday,True,81,24.587,70.369,902.912,7,72,0,0,0,0.0889,49.826,76.946,0.022547,0.872,1.335,0.000394,52.296,72.225,0.023665,0.000757,0.032,28.0,28.0,83.0,0,1,0,0,0.01634,0.017671,42.257,36.028,False,False,True,False,False,evening,0.019393,28.914,51.347,0.004271999999999998,23.381999999999998,0.027300666666666668,41.77533333333333,0.03360666666666664,43.957166666666694,0.017671,36.028,0.010222470559183652,11.865433887282936,0.0035342,7.2056000000000004,0.01634,42.257,0.0029412,7.606259999999999,1.6959990945617112,2.2576884645275896,2.49048007615939,1.319833926265997,0.08641975308641975,0.8888888888888888,0.0,0.0,0.0,0.0,False,False,False,1,0.0,600.0,0.0,540.0,0.238234428,0.5600553579113343,0.4399446420886657,weak_rules_v2,True,socket_left_on,turn_off_unused_socket,0.00486,0.000156,train
synthetic_low_usage_normal_0048_1774662000000,1774662000000,synthetic_scenario,low_usage_normal,low_usage_normal_0048,2026-03-28T04:40:00+03:00,2026-03-28,synthetic_hourly_summary,4,Saturday,True,73,25.643,61.862,476.93,34,15,0,7,0,0.4678,2.83,4.08,0.002112,0.143,0.205,0.000107,6.511,9.089,0.00486,0.000156,0.032,68.0,19.0,31.0,0,0,3,0,0.003017,0.004625,5.517,5.49,True,False,False,False,True,night,0.023665,52.296,72.225,-0.018805,-45.785,0.015972666666666666,29.240333333333336,0.028210999999999972,37.96916666666669,0.004625,5.49,0.009858043230447679,22.894244393154732,0.002,3.0,0.003017,5.517,0.002,3.0,0.11749999999999998,0.3403333333333333,0.9214999999999998,0.33133333333333326,0.4657534246575342,0.2054794520547945,0.0958904109589041,0.0,0.0,0.0,False,False,False,0,0.0,0.0,0.0,0.0,0.017325771,0.8895555555555555,0.11044444444444441,weak_rules_v2,False,normal,keep_monitoring,0.000404,1.3e-05,train
synthetic_low_usage_normal_0048_1774665600000,1774665600000,synthetic_scenario,low_usage_normal,low_usage_normal_0048,2026-03-28T05:40:00+03:00,2026-03-28,synthetic_hourly_summary,5,Saturday,True,70,25.59,68.938,190.924,17,12,0,1,0,0.2485,0.0,0.0,0.0,0.543,0.664,0.000404,0.543,0.907,0.000404,1.3e-05,0.032,21.0,18.0,82.0,0,0,1,0,0.002,0.002,1.0,1.0,True,True,False,False,True,morning,0.00486,6.511,9.089,-0.004456,-5.968,0.009643,19.783333333333335,0.016185833333333306,25.50333333333336,0.002,1.0,0.012346106552271498,28.314472912867508,0.002,3.0,0.002,1.0,0.002,3.0,-0.7979999999999999,-0.15233333333333332,-0.7979999999999999,-0.15233333333333332,0.24285714285714285,0.17142857142857143,0.014285714285714285,0.0,0.0,0.0,False,False,False,0,0.0,0.0,0.0,0.0,0.0020403225000000004,0.9492222222222222,0.050777777777777776,weak_rules_v2,False,low_usage_normal,keep_monitoring,0.001113,3.6e-05,train
synthetic_low_usage_normal_0048_1774669200000,1774669200000,synthetic_scenario,low_usage_normal,low_usage_normal_0048,2026-03-28T06:40:00+03:00,2026-03-28,synthetic_hourly_summary,6,Saturday,True,103,24.782,42.829,488.995,33,61,0,3,0,0.3214,1.261,1.528,0.000643,0.922,1.206,0.00047,2.183,3.029,0.001113,3.6e-05,0.032,53.0,43.0,29.0,0,0,0,0,0.002,0.002,1.678,2.2,False,True,False,False,False,morning,0.000404,0.543,0.907,0.000709,1.6399999999999997,0.0021256666666666668,3.079,0.014713166666666638,22.427166666666693,0.002,2.2,0.002394390179852416,3.0832398544703024,0.002,3.0,0.002,1.678,0.002,3.0,-0.4435,-0.005666666666666782,-0.4435,0.1683333333333333,0.32038834951456313,0.5922330097087378,0.02912621359223301,0.0,0.0,0.0,False,False,False,0,0.0,0.0,0.0,0.0,0.007406919,0.9438888888888889,0.056111111111111105,weak_rules_v2,False,low_usage_normal,keep_monitoring,0.003287,0.000105,train
synthetic_low_usage_normal_0048_1774672800000,1774672800000,synthetic_scenario,low_usage_normal,low_usage_normal_0048,2026-03-28T07:40:00+03:00,2026-03-28,synthetic_hourly_summary,7,Saturday,True,175,30.149,61.086,432.224,5,171,0,4,26,0.034,2.536,4.307,0.000929,3.616,4.97,0.001325,8.969,10.638,0.003287,0.000105,0.032,37.0,7.0,34.0,0,0,1,0,0.002,0.003001,6.774,2.343,False,True,False,False,False,morning,0.001113,2.183,3.029,0.0021739999999999997,6.786,0.0016013333333333333,3.8983333333333334,0.008786999999999972,16.56933333333336,0.003001,2.343,0.0015022564139898441,4.467230163482337,0.002,3.0,0.002,6.774,0.002,3.0,0.1429999999999999,2.2086666666666663,0.6435,0.7316666666666665,0.02857142857142857,0.9771428571428571,0.022857142857142857,0.0,0.14857142857142858,0.0,False,False,False,0,0.0,0.0,0.0,60.0,0.043320269999999994,0.7561111111111112,0.24388888888888882,weak_rules_v2,False,sudden_power_spike,reduce_peak_load,0.50435,0.016139,train
synthetic_power_spike_0009_1774676400000,1774676400000,synthetic_scenario,power_spike,power_spike_0009,2026-03-28T08:40:00+03:00,2026-03-28,synthetic_hourly_summary,8,Saturday,True,132,26.741,64.142,40.0,55,75,0,12,0,0.4184,202.682,333.169,0.21138,279.924,359.666,0.291936,483.599,605.49,0.50435,0.016139,0.032,57.0,69.0,78.0,1,1,3,0,0.19808,0.157609,183.146,281.638,False,True,False,False,False,morning,0.003287,8.969,10.638,0.5010629999999999,474.63,0.1695833333333333,164.917,0.08961316666666663,92.35016666666668,0.157609,281.638,0.2899184754415168,276.0075638311385,0.0315218,56.3276,0.19808,183.146,0.0356544,32.96628,11.000038068892003,3.585471420759983,8.589963651050079,9.113949162598873,0.4166666666666667,0.5681818181818182,0.09090909090909091,0.0,0.0,0.0,False,False,False,2,60.0,60.0,60.0,0.0,0.5816,0.0,1.0,weak_rules_v2,True,unusual_same_hour_usage,review_unusual_usage,0.127971,0.004095,train
synthetic_power_spike_0009_1774680000000,1774680000000,synthetic_scenario,power_spike,power_spike_0009,2026-03-28T09:40:00+03:00,2026-03-28,synthetic_hourly_summary,9,Saturday,True,54,27.068,54.786,382.517,26,24,0,0,0,0.4854,88.792,93.967,0.040703,185.879,250.524,0.085208,279.164,364.534,0.127971,0.004095,0.032,59.0,23.0,21.0,1,1,0,0,0.064087,0.053551,120.06,214.742,False,True,False,False,False,morning,0.50435,483.599,605.49,-0.37637899999999996,-204.435,0.21186933333333333,257.24399999999997,0.10699749999999997,130.16150000000002,0.053551,214.742,0.26085480682619855,238.07304346565547,0.010710200000000001,42.9484,0.064087,120.06,0.01153566,21.6108,6.948516367574834,1.4999860297473246,5.537957949523477,7.362244803524162,0.48148148148148145,0.4444444444444444,0.0,0.0,0.0,0.0,False,False,False,2,120.0,120.0,120.0,0.0,0.5146,0.0,1.0,weak_rules_v2,True,unusual_same_hour_usage,review_unusual_usage,0.031229,0.000999,train
synthetic_stale_data_0276_1774683600000,1774683600000,synthetic_scenario,stale_data,stale_data_0276,2026-03-28T10:40:00+03:00,2026-03-28,synthetic_hourly_summary,10,Saturday,True,81,23.171,60.193,337.808,29,22,0,8,0,0.362,8.307,14.491,0.007693,25.414,26.793,0.023536,33.721,48.78,0.031229,0.000999,0.032,1012.0,1570.0,79.0,1,0,0,0,0.019038,0.022836,34.14,35.911,False,True,False,False,False,morning,0.127971,279.164,364.534,-0.096742,-245.44299999999998,0.22118333333333332,265.49466666666666,0.1113923333333333,134.69650000000004,0.022836,35.911,0.2499545448163193,225.25028685072346,0.0045671999999999996,7.182200000000001,0.019038,34.14,0.0034268399999999996,6.1452,1.8376685934489407,-0.30492049789758074,3.5575048732943477,-0.06818329753303456,0.35802469135802467,0.2716049382716049,0.09876543209876543,0.0,0.0,0.0,True,True,False,1,180.0,0.0,0.0,0.0,0.10756998999999999,0.9772722341556551,0.022727765844344855,weak_rules_v2,False,possible_sensor_stale,check_sensor_connection,0.089939,0.002878,train
synthetic_power_spike_0009_1774683600000,1774683600000,synthetic_scenario,power_spike,power_spike_0009,2026-03-28T10:40:00+03:00,2026-03-28,synthetic_hourly_summary,10,Saturday,True,87,26.938,54.256,550.577,0,57,0,9,0,0.0,82.513,121.337,0.051694,60.72,80.361,0.038041,143.561,239.41,0.089939,0.002878,0.032,75.0,27.0,23.0,1,1,2,0,0.043765,0.039248,85.162,66.59,False,True,False,False,False,morning,0.031229,33.721,48.78,0.058710000000000005,109.84,0.08304633333333333,152.14866666666668,0.1263148333333333,158.53283333333337,0.039248,66.59,0.04873792446681904,122.94664524228938,0.0078496,13.318000000000001,0.043765,85.162,0.0078777,15.32916,6.457781288218509,5.779471392100915,5.861355471774758,3.8096673268463506,0.0,0.6551724137931034,0.10344827586206896,0.0,0.0,60.0,False,False,False,2,240.0,60.0,60.0,60.0,0.717805,0.0,1.0,weak_rules_v2,True,ac_running_empty_room,turn_off_or_adjust_ac,0.424726,0.013591,train
synthetic_power_spike_0009_1774687200000,1774687200000,synthetic_scenario,power_spike,power_spike_0009,2026-03-28T11:40:00+03:00,2026-03-28,synthetic_hourly_summary,11,Saturday,True,127,31.533,49.746,150.137,94,55,0,3,19,0.7469,184.634,282.999,0.174556,261.026,341.471,0.246778,449.247,613.287,0.424726,0.013591,0.032,9.0,38.0,20.0,1,1,0,0,0.195598,0.208861,147.156,232.516,False,True,False,False,False,morning,0.089939,143.561,239.41,0.334787,305.68600000000004,0.18196466666666666,208.843,0.19691699999999998,233.04350000000002,0.208861,232.516,0.2122769764866962,215.3178320808566,0.0417722,46.5032,0.195598,147.156,0.03520764,26.48808,5.167671322075447,4.660560993652051,6.507905670473795,11.404790381182782,0.7401574803149606,0.4330708661417323,0.023622047244094488,0.0,0.14960629921259844,0.0,False,False,False,2,300.0,120.0,120.0,0.0,0.2531,0.0,1.0,weak_rules_v2,True,unusual_same_hour_usage,review_unusual_usage,0.074201,0.002374,train
synthetic_stale_data_0276_1774687200000,1774687200000,synthetic_scenario,stale_data,stale_data_0276,2026-03-28T11:40:00+03:00,2026-03-28,synthetic_hourly_summary,11,Saturday,True,51,26.887,52.666,611.439,21,42,0,4,0,0.4144,11.655,16.246,0.007087,104.471,181.121,0.063521,122.036,190.861,0.074201,0.002374,0.032,969.0,301.0,35.0,1,1,1,0,0.064763,0.037438,124.52,99.296,False,True,False,False,False,morning,0.424726,449.247,613.287,-0.350525,-327.211,0.19628866666666667,238.28133333333335,0.20873599999999995,251.88800000000003,0.037438,99.296,0.19798897092094137,183.01834823408623,0.0074876000000000005,19.8592,0.064763,124.52,0.01165734,22.4136,4.90985095357658,1.1450612310667092,0.8096186608608826,-0.11082557018952756,0.4117647058823529,0.8235294117647058,0.0784313725490196,0.0,0.0,0.0,True,True,False,2,360.0,180.0,180.0,0.0,0.35732140800000006,0.9630581432701575,0.03694185672984252,weak_rules_v2,False,possible_sensor_stale,check_sensor_connection,0.233206,0.007463,train
synthetic_power_spike_0269_1774690800000,1774690800000,synthetic_scenario,power_spike,power_spike_0269,2026-03-28T12:40:00+03:00,2026-03-28,synthetic_hourly_summary,12,Saturday,True,82,29.094,40.764,235.619,31,73,0,1,0,0.389,129.409,219.247,0.101738,167.225,284.839,0.131468,296.635,463.623,0.233206,0.007463,0.032,61.0,68.0,24.0,1,1,3,0,0.092213,0.104694,150.386,162.879,False,False,False,False,False,afternoon,0.074201,122.036,190.861,0.159005,174.599,0.2440443333333333,289.306,0.1635453333333333,220.72733333333338,0.104694,162.879,0.1755136633095366,163.72857206669778,0.0209388,32.5758,0.092213,150.386,0.01659834,27.06948,6.137505492196306,4.105992792195433,8.494403657233192,5.402726613145136,0.3780487804878049,0.8902439024390244,0.012195121951219513,0.0,0.0,0.0,False,False,False,2,420.0,240.0,240.0,0.0,0.611,0.0,1.0,weak_rules_v2,True,unusual_same_hour_usage,review_unusual_usage,0.019761,0.000632,train
synthetic_stale_data_0276_1774690800000,1774690800000,synthetic_scenario,stale_data,stale_data_0276,2026-03-28T12:40:00+03:00,2026-03-28,synthetic_hourly_summary,12,Saturday,True,126,26.759,79.363,736.187,30,71,0,11,0,0.2399,20.657,32.536,0.016774,2.769,4.381,0.002248,24.336,31.278,0.019761,0.000632,0.032,768.0,909.0,50.0,0,1,1,0,0.008305,0.025185,12.002,14.197,False,False,False,False,False,afternoon,0.233206,296.635,463.623,-0.213445,-272.299,0.109056,147.669,0.14551033333333327,178.25600000000006,0.025185,14.197,0.11090917579262784,137.94736085550906,0.005037,3.0,0.008305,12.002,0.002,3.0,-1.0768314472900533,3.3796666666666666,5.728000000000001,4.111333333333333,0.23809523809523808,0.5634920634920635,0.0873015873015873,0.0,0.0,0.0,True,True,False,1,0.0,300.0,0.0,0.0,0.09248896799999999,0.0,1.0,weak_rules_v2,False,possible_sensor_stale,check_sensor_connection,0.039763,0.001272,train
synthetic_stale_data_0276_1774694400000,1774694400000,synthetic_scenario,stale_data,stale_data_0276,2026-03-28T13:40:00+03:00,2026-03-28,synthetic_hourly_summary,13,Saturday,True,149,24.971,41.7,435.472,57,29,0,9,0,0.3863,12.919,15.809,0.007388,53.851,82.879,0.030797,69.529,74.269,0.039763,0.001272,0.032,1607.0,1241.0,11.0,1,1,1,0,0.036206,0.022439,44.492,71.323,False,False,False,False,False,afternoon,0.019761,24.336,31.278,0.020002,45.193,0.09757666666666666,130.16666666666666,0.14693266666666663,184.22400000000005,0.022439,71.323,0.11788344687161703,145.92594462374876,0.0044878,14.2646,0.036206,44.492,0.00651708,8.00856,3.8602433263514415,-0.1257658819735567,0.5457965837460945,3.1262798805278353,0.3825503355704698,0.19463087248322147,0.06040268456375839,0.0,0.0,0.0,True,True,False,2,60.0,360.0,0.0,0.0,0.2133497365,0.0,1.0,weak_rules_v2,False,possible_sensor_stale,check_sensor_connection,0.123654,0.003957,train
synthetic_power_spike_0269_1774694400000,1774694400000,synthetic_scenario,power_spike,power_spike_0269,2026-03-28T13:40:00+03:00,2026-03-28,synthetic_hourly_summary,13,Saturday,True,95,25.479,36.199,370.528,29,44,0,7,0,0.3062,68.484,91.306,0.032347,192.587,219.046,0.090966,261.791,349.969,0.123654,0.003957,0.032,25.0,7.0,13.0,1,1,1,0,0.053546,0.044048,106.709,141.3,False,False,False,False,False,afternoon,0.039763,69.529,74.269,0.083891,192.262,0.061059333333333334,118.552,0.1525518333333333,203.929,0.044048,141.3,0.05512339995259137,126.08988917831623,0.008809599999999999,28.260000000000005,0.053546,106.709,0.00963828,19.20762,9.036278605158012,4.263658881811747,7.273911942794772,8.073983137942129,0.30526315789473685,0.4631578947368421,0.07368421052631578,0.0,0.0,0.0,False,False,False,2,120.0,420.0,60.0,0.0,0.6938,0.0,1.0,weak_rules_v2,True,unusual_same_hour_usage,review_unusual_usage,0.11855,0.003794,train
synthetic_power_spike_0269_1774698000000,1774698000000,synthetic_scenario,power_spike,power_spike_0269,2026-03-28T14:40:00+03:00,2026-03-28,synthetic_hourly_summary,14,Saturday,True,48,22.788,38.36,287.101,23,45,0,2,0,0.4885,132.808,162.22,0.064314,109.768,135.381,0.053157,244.804,258.432,0.11855,0.003794,0.032,48.0,64.0,17.0,1,1,1,0,0.056144,0.049284,97.562,143.146,False,False,False,False,False,afternoon,0.123654,261.791,349.969,-0.005103999999999997,-16.986999999999995,0.093989,192.04133333333334,0.10152249999999996,169.8551666666667,0.049284,143.146,0.0470303839129559,106.43821403205388,0.0098568,28.629199999999997,0.056144,97.562,0.01010592,17.561159999999997,7.027229932635337,3.550850180934152,6.175192362496438,8.384525851367451,0.4791666666666667,0.9375,0.041666666666666664,0.0,0.0,0.0,False,False,False,2,180.0,480.0,120.0,0.0,0.5115000000000001,0.0,1.0,weak_rules_v2,True,unusual_same_hour_usage,review_unusual_usage,0.20096,0.006431,train
synthetic_power_spike_0269_1774701600000,1774701600000,synthetic_scenario,power_spike,power_spike_0269,2026-03-28T15:40:00+03:00,2026-03-28,synthetic_hourly_summary,15,Saturday,True,89,29.604,66.215,183.919,25,50,0,10,0,0.2823,115.181,170.508,0.069178,219.415,227.733,0.131782,334.596,507.512,0.20096,0.006431,0.032,31.0,55.0,43.0,1,1,2,0,0.090494,0.126658,181.917,129.655,False,False,False,False,False,afternoon,0.11855,244.804,258.432,0.08241,89.792,0.14772133333333334,280.397,0.12264899999999997,205.28183333333334,0.126658,129.655,0.0461766112370035,47.69998158280429,0.0253316,25.931,0.090494,181.917,0.016288920000000002,32.74506,2.9331743750888224,7.9033203501600395,6.781665082767917,4.662657512308726,0.2808988764044944,0.5617977528089888,0.11235955056179775,0.0,0.0,0.0,False,False,False,2,240.0,540.0,180.0,0.0,0.7177,0.0,1.0,weak_rules_v2,True,unusual_same_hour_usage,review_unusual_usage,0.010405,0.000333,train
synthetic_low_usage_normal_0298_1774748400000,1774748400000,synthetic_scenario,low_usage_normal,low_usage_normal_0298,2026-03-29T04:40:00+03:00,2026-03-29,synthetic_hourly_summary,4,Sunday,False,153,26.366,61.248,247.244,56,117,0,7,0,0.3677,1.503,2.226,0.00105,2.06,3.33,0.001439,14.896,24.153,0.010405,0.000333,0.032,14.0,61.0,58.0,0,0,0,0,0.005994,0.009325,13.905,12.813,True,False,False,False,True,night,0.20096,334.596,507.512,-0.190555,-319.7,0.10997166666666665,198.09866666666667,0.08551549999999997,158.32533333333333,0.009325,12.813,0.09556669324787459,164.88803359047407,0.002,3.0,0.005994,13.905,0.002,3.0,0.5399999999999997,0.6943333333333334,2.2054999999999993,0.3303333333333338,0.3660130718954248,0.7647058823529411,0.0457516339869281,0.0,0.0,0.0,False,False,False,0,0.0,0.0,0.0,0.0,0.047093704,0.8898888888888887,0.11011111111111127,weak_rules_v2,False,unusual_same_hour_usage,review_unusual_usage,0.000637,2e-05,train
synthetic_low_usage_normal_0028_1774748400000,1774748400000,synthetic_scenario,low_usage_normal,low_usage_normal_0028,2026-03-29T04:40:00+03:00,2026-03-29,synthetic_hourly_summary,4,Sunday,False,138,27.45,63.79,218.451,15,82,0,13,0,0.1096,0.912,1.197,0.000637,0.0,0.0,0.0,0.912,1.269,0.000637,2e-05,0.032,34.0,40.0,30.0,0,0,2,0,0.002,0.002,1.061,1.0,True,False,False,False,True,night,0.010405,14.896,24.153,-0.009767999999999999,-13.984,0.07066733333333332,116.80133333333333,0.08232816666666663,154.42133333333337,0.002,1.0,0.11294240875921391,188.7452666567652,0.002,3.0,0.002,1.061,0.002,3.0,-0.6815,-0.029333333333333322,-0.6815,-0.04966666666666664,0.10869565217391304,0.5942028985507246,0.09420289855072464,0.0,0.0,0.0,False,False,False,0,0.0,0.0,0.0,60.0,0.004060223999999999,0.9834444444444445,0.016555555555555546,weak_rules_v2,False,low_usage_normal,keep_monitoring,0.00172,5.5e-05,train
synthetic_low_usage_normal_0298_1774752000000,1774752000000,synthetic_scenario,low_usage_normal,low_usage_normal_0298,2026-03-29T05:40:00+03:00,2026-03-29,synthetic_hourly_summary,5,Sunday,False,99,25.584,56.292,263.138,0,75,0,8,0,0.0,0.0,0.0,0.0,1.728,2.042,0.00172,1.728,1.966,0.00172,5.5e-05,0.032,28.0,29.0,60.0,0,0,2,0,0.002,0.002,1.154,1.895,True,True,False,False,True,morning,0.000637,0.912,1.269,0.001083,0.816,0.004254,5.8453333333333335,0.07598766666666663,143.12116666666668,0.002,1.895,0.005354374193127051,7.848718961304821,0.002,3.0,0.002,1.154,0.002,3.0,-0.14000000000000004,-0.05566666666666668,-0.14000000000000004,0.19133333333333336,0.0,0.7575757575757576,0.08080808080808081,0.0,0.0,60.0,False,False,False,0,0.0,0.0,0.0,120.0,0.00864,0.9362222222222222,0.06377777777777778,weak_rules_v2,False,low_usage_normal,keep_monitoring,0.004517,0.000145,train
synthetic_low_usage_normal_0028_1774752000000,1774752000000,synthetic_scenario,low_usage_normal,low_usage_normal_0028,2026-03-29T05:40:00+03:00,2026-03-29,synthetic_hourly_summary,5,Sunday,False,56,26.659,65.531,643.917,20,44,0,4,0,0.371,3.311,4.168,0.002714,0.842,1.355,0.00069,5.511,7.267,0.004517,0.000145,0.032,34.0,33.0,10.0,0,0,3,0,0.002727,0.004145,4.012,3.34,True,True,False,False,True,morning,0.00172,1.728,1.966,0.002797,3.7830000000000004,0.002291333333333333,2.717,0.056131499999999966,100.40783333333336,0.004145,3.34,0.002002102977710763,2.4538319013772103,0.002,3.0,0.002727,4.012,0.002,3.0,0.18599999999999997,0.7236666666666668,0.8950000000000001,0.49966666666666687,0.35714285714285715,0.7857142857142857,0.07142857142857142,0.0,0.0,0.0,False,False,False,0,0.0,0.0,0.0,0.0,0.017332095,0.8334444444444444,0.16655555555555562,weak_rules_v2,False,normal,keep_monitoring,0.002366,7.6e-05,train
synthetic_low_usage_normal_0028_1774755600000,1774755600000,synthetic_scenario,low_usage_normal,low_usage_normal_0028,2026-03-29T06:40:00+03:00,2026-03-29,synthetic_hourly_summary,6,Sunday,False,87,25.87,54.912,810.682,20,15,0,2,0,0.2402,0.074,0.109,3.8e-05,1.14,1.457,0.000591,4.564,5.913,0.002366,7.6e-05,0.032,29.0,42.0,49.0,0,0,3,0,0.002,0.002,1.793,3.265,False,True,False,False,False,morning,0.004517,5.511,7.267,-0.002151,-0.9470000000000001,0.0028676666666666664,3.9343333333333335,0.03676749999999997,60.36783333333335,0.002,3.265,0.001464429695601091,1.9685355809708567,0.002,3.0,0.002,1.793,0.002,3.0,0.183,0.433,0.183,0.9236666666666666,0.22988505747126436,0.1724137931034483,0.022988505747126436,0.0,0.0,0.0,False,False,False,0,0.0,0.0,0.0,0.0,0.017338636,0.6921111111111111,0.3078888888888889,weak_rules_v2,False,low_usage_normal,keep_monitoring,0.0045,0.000144,train
synthetic_low_usage_normal_0298_1774755600000,1774755600000,synthetic_scenario,low_usage_normal,low_usage_normal_0298,2026-03-29T06:40:00+03:00,2026-03-29,synthetic_hourly_summary,6,Sunday,False,141,27.949,46.863,461.399,12,121,0,7,0,0.0909,2.28,2.429,0.00147,1.802,2.526,0.001162,6.979,8.209,0.0045,0.000144,0.032,23.0,74.0,19.0,0,0,2,0,0.003134,0.003284,4.8,6.168,False,True,False,False,False,morning,0.002366,4.564,5.913,0.0021339999999999996,2.415,0.0037943333333333336,5.684666666666668,0.00402416666666663,5.765000000000019,0.003284,6.168,0.0012370021557613802,1.2168304456850294,0.002,3.0,0.003134,4.8,0.002,3.0,0.6079999999999998,0.2703333333333333,0.6829999999999998,0.7263333333333334,0.0851063829787234,0.8581560283687943,0.04964539007092199,0.0,0.0,0.0,False,False,False,0,0.0,0.0,0.0,60.0,0.031723044500000006,0.7578888888888888,0.24211111111111114,weak_rules_v2,False,normal,keep_monitoring,0.004182,0.000134,train
synthetic_low_usage_normal_0298_1774759200000,1774759200000,synthetic_scenario,low_usage_normal,low_usage_normal_0298,2026-03-29T07:40:00+03:00,2026-03-29,synthetic_hourly_summary,7,Sunday,False,101,23.565,48.413,430.019,0,49,0,0,0,0.0,0.154,0.185,9.1e-05,2.041,2.876,0.001209,7.062,8.221,0.004182,0.000134,0.032,8.0,40.0,80.0,0,0,3,0,0.005927,0.003608,3.048,7.468,False,True,False,False,False,morning,0.0045,6.979,8.209,-0.0003179999999999997,0.08300000000000018,0.003682666666666666,6.201666666666667,0.002986999999999963,4.459333333333352,0.003608,7.468,0.001151298976529686,1.4188679760800038,0.002,3.0,0.005927,3.048,0.002,3.0,0.2869999999999999,-0.13533333333333322,-0.8724999999999999,1.338,0.0,0.48514851485148514,0.0,0.0,0.0,60.0,False,False,False,0,0.0,0.0,0.0,120.0,0.03531,0.554,0.446,weak_rules_v2,False,normal,keep_monitoring,0.006578,0.000211,train
synthetic_low_usage_normal_0028_1774759200000,1774759200000,synthetic_scenario,low_usage_normal,low_usage_normal_0028,2026-03-29T07:40:00+03:00,2026-03-29,synthetic_hourly_summary,7,Sunday,False,167,25.557,58.911,638.476,0,96,0,5,0,0.0,2.181,3.058,0.001918,3.966,6.272,0.003487,7.482,7.482,0.006578,0.000211,0.032,24.0,58.0,12.0,0,0,2,0,0.003799,0.003308,5.876,3.357,False,True,False,False,False,morning,0.004182,7.062,8.221,0.0023959999999999997,0.41999999999999993,0.005086666666666666,7.174333333333333,0.00397716666666663,5.554333333333353,0.003308,3.357,0.001301282956684786,0.2696596624341947,0.002,3.0,0.003799,5.876,0.002,3.0,1.6349999999999998,1.375,1.3895,0.5353333333333333,0.0,0.5748502994011976,0.029940119760479042,0.0,0.0,60.0,False,False,False,0,0.0,0.0,0.0,180.0,0.03741,0.8215555555555556,0.17844444444444443,weak_rules_v2,False,normal,keep_monitoring,0.276993,0.008864,train
synthetic_power_spike_0029_1774780800000,1774780800000,synthetic_scenario,power_spike,power_spike_0029,2026-03-29T13:40:00+03:00,2026-03-29,synthetic_hourly_summary,13,Sunday,False,59,26.861,48.343,631.845,13,34,0,4,0,0.222,173.376,246.493,0.115864,238.476,324.843,0.159369,414.485,569.083,0.276993,0.008864,0.032,61.0,73.0,57.0,1,1,0,0,0.116396,0.116256,182.585,268.463,False,False,False,True,False,afternoon,0.006578,7.482,7.482,0.270415,407.003,0.09591766666666666,143.00966666666667,0.04985599999999996,74.3471666666667,0.116256,268.463,0.15682041467976468,235.1046289555639,0.0232512,53.692600000000006,0.116396,182.585,0.02095128,32.8653,6.913062551610239,2.7195926440515077,7.665259592731327,7.056074339805206,0.22033898305084745,0.576271186440678,0.06779661016949153,0.0,0.0,0.0,False,False,False,2,60.0,60.0,60.0,0.0,0.778,0.0,1.0,weak_rules_v2,True,unusual_same_hour_usage,review_unusual_usage,0.173217,0.005543,train
synthetic_power_spike_0029_1774784400000,1774784400000,synthetic_scenario,power_spike,power_spike_0029,2026-03-29T14:40:00+03:00,2026-03-29,synthetic_hourly_summary,14,Sunday,False,116,29.287,41.14,411.626,53,33,0,4,0,0.4576,63.101,80.732,0.029383,308.888,453.004,0.143834,371.989,440.321,0.173217,0.005543,0.032,58.0,45.0,54.0,1,1,3,0,0.085656,0.086352,116.246,145.488,False,False,False,True,False,afternoon,0.276993,414.485,569.083,-0.10377599999999998,-42.49600000000004,0.15226266666666666,264.652,0.07797266666666663,135.42683333333335,0.086352,145.488,0.13641987069460723,223.72703050592676,0.0172704,29.0976,0.085656,116.246,0.015418079999999999,20.92428,5.029704002223458,7.784181513251951,5.679111796021296,12.22230824668758,0.45689655172413796,0.28448275862068967,0.034482758620689655,0.0,0.0,0.0,False,False,False,2,120.0,120.0,120.0,0.0,0.5424,0.0,1.0,weak_rules_v2,True,unusual_same_hour_usage,review_unusual_usage,0.247317,0.007914,train
synthetic_power_spike_0029_1774788000000,1774788000000,synthetic_scenario,power_spike,power_spike_0029,2026-03-29T15:40:00+03:00,2026-03-29,synthetic_hourly_summary,15,Sunday,False,82,29.243,63.601,568.289,43,75,0,1,0,0.5285,66.109,71.776,0.050221,255.531,425.58,0.194121,325.555,493.263,0.247317,0.007914,0.032,38.0,7.0,45.0,1,1,2,0,0.113106,0.100713,156.277,189.015,False,False,False,True,False,afternoon,0.173217,371.989,440.321,0.0741,-46.43399999999997,0.232509,370.67633333333333,0.11879783333333331,188.92533333333336,0.100713,189.015,0.05344924875056728,44.479529508899724,0.0201426,37.803,0.113106,156.277,0.020359079999999998,28.129859999999997,7.2783056804980495,3.6118826548157563,6.592193753352315,6.017733468989893,0.524390243902439,0.9146341463414634,0.012195121951219513,0.0,0.0,0.0,False,False,False,2,180.0,180.0,180.0,0.0,0.47150000000000003,0.0,1.0,weak_rules_v2,True,unusual_same_hour_usage,review_unusual_usage,0.338084,0.010819,train
synthetic_power_spike_0029_1774791600000,1774791600000,synthetic_scenario,power_spike,power_spike_0029,2026-03-29T16:40:00+03:00,2026-03-29,synthetic_hourly_summary,16,Sunday,False,119,29.129,57.767,336.021,29,113,0,9,0,0.2473,90.252,116.681,0.080493,285.315,358.661,0.254466,379.071,595.169,0.338084,0.010819,0.032,19.0,64.0,37.0,1,1,1,0,0.155848,0.176066,131.083,193.741,False,False,False,True,False,afternoon,0.247317,325.555,493.263,0.09076699999999999,53.51600000000002,0.2528726666666667,358.87166666666667,0.17439516666666663,250.94066666666671,0.176066,193.741,0.08257379121932909,29.069552616665728,0.0352132,38.748200000000004,0.155848,131.083,0.028052639999999997,23.594939999999998,4.601058693898879,4.782931852318301,6.496215685939007,10.51021956402517,0.24369747899159663,0.9495798319327731,0.07563025210084033,0.0,0.0,0.0,False,False,False,2,240.0,240.0,240.0,0.0,0.7527,0.0,1.0,weak_rules_v2,True,unusual_same_hour_usage,review_unusual_usage,0.108137,0.00346,train
synthetic_normal_usage_0200_1774798800000,1774798800000,synthetic_scenario,normal_usage,normal_usage_0200,2026-03-29T18:40:00+03:00,2026-03-29,synthetic_hourly_summary,18,Sunday,False,121,28.64,53.489,414.627,77,105,0,7,0,0.6439,18.096,31.87,0.017287,89.125,128.099,0.085143,113.194,113.194,0.108137,0.00346,0.032,66.0,79.0,70.0,1,1,0,0,0.060635,0.05554,111.234,121.845,False,False,True,False,False,evening,0.338084,379.071,595.169,-0.229947,-265.877,0.23117933333333338,272.6066666666666,0.191721,268.62933333333336,0.05554,121.845,0.11581979069370378,140.62463967716758,0.011108,24.369,0.060635,111.234,0.0109143,20.022119999999997,4.7350558156283755,-0.3550002051787105,4.352271790220169,0.09789173174469078,0.6363636363636364,0.8677685950413223,0.05785123966942149,0.0,0.0,0.0,False,False,False,2,300.0,300.0,300.0,0.0,0.201541917,0.9673694227517697,0.03263057724823026,weak_rules_v2,True,unusual_same_hour_usage,review_unusual_usage,0.144629,0.004628,train
synthetic_routine_anomaly_0073_1774802400000,1774802400000,synthetic_scenario,routine_anomaly,routine_anomaly_0073,2026-03-29T19:40:00+03:00,2026-03-29,synthetic_hourly_summary,19,Sunday,False,49,26.195,40.948,62.819,5,19,0,5,0,0.1198,53.814,89.781,0.041393,133.258,161.694,0.102502,188.027,283.09,0.144629,0.004628,0.032,37.0,34.0,61.0,1,1,0,0,0.061525,0.061685,73.208,103.367,False,False,True,False,False,evening,0.108137,113.194,113.194,0.03649200000000001,74.83299999999998,0.19695,226.764,0.2147295,298.7201666666667,0.061685,103.367,0.12358001854264314,137.10602160007394,0.012337,20.6734,0.061525,73.208,0.011074500000000001,13.177439999999999,6.723190402853207,4.095117397235093,7.504085963248905,8.713300914289878,0.10204081632653061,0.3877551020408163,0.10204081632653061,0.0,0.0,0.0,False,False,False,2,360.0,360.0,360.0,60.0,0.8275068269999999,0.0,1.0,weak_rules_v2,True,ac_running_empty_room,turn_off_or_adjust_ac,0.03953,0.001265,train
synthetic_normal_usage_0200_1774802400000,1774802400000,synthetic_scenario,normal_usage,normal_usage_0200,2026-03-29T19:40:00+03:00,2026-03-29,synthetic_hourly_summary,19,Sunday,False,110,28.222,64.521,637.333,43,81,0,7,0,0.3943,16.535,21.387,0.008821,56.184,80.427,0.029973,74.099,80.882,0.03953,0.001265,0.032,9.0,41.0,51.0,1,1,1,0,0.009272,0.027423,46.054,75.754,False,False,True,False,False,evening,0.144629,188.027,283.09,-0.105099,-113.92799999999998,0.097432,125.10666666666667,0.17515233333333333,241.9891666666667,0.027423,75.754,0.05336101309945329,57.89068160190736,0.0054846,15.150800000000002,0.009272,46.054,0.002,8.28972,2.2074535973452947,-0.1092351558993585,15.129,3.3831058226333335,0.39090909090909093,0.7363636363636363,0.06363636363636363,0.0,0.0,0.0,False,False,False,2,420.0,420.0,0.0,0.0,0.22440882150000002,0.0,1.0,weak_rules_v2,True,unusual_same_hour_usage,review_unusual_usage,0.000651,2.1e-05,train
synthetic_low_usage_normal_0018_1774802400000,1774802400000,synthetic_scenario,low_usage_normal,low_usage_normal_0018,2026-03-29T19:40:00+03:00,2026-03-29,synthetic_hourly_summary,19,Sunday,False,58,25.463,51.107,92.351,5,33,0,6,0,0.0911,1.079,1.618,0.000651,0.0,0.0,0.0,1.079,1.645,0.000651,2.1e-05,0.032,22.0,50.0,30.0,0,0,2,0,0.002,0.002,1.0,1.0,False,False,True,False,False,evening,0.03953,74.099,80.882,-0.038879000000000004,-73.02000000000001,0.061603333333333336,87.735,0.1463913333333333,180.17083333333335,0.002,1.0,0.07448382478319278,94.21700508931565,0.002,3.0,0.002,1.0,0.002,3.0,-0.6745,0.02633333333333332,-0.6745,0.02633333333333332,0.08620689655172414,0.5689655172413793,0.10344827586206896,0.0,0.0,0.0,False,False,False,0,0.0,0.0,0.0,60.0,0.0049035154999999995,0.9912222222222222,0.008777777777777773,weak_rules_v2,False,low_usage_normal,keep_monitoring,0.126931,0.004062,train
synthetic_routine_anomaly_0073_1774806000000,1774806000000,synthetic_scenario,routine_anomaly,routine_anomaly_0073,2026-03-29T20:40:00+03:00,2026-03-29,synthetic_hourly_summary,20,Sunday,False,122,27.769,47.38,388.996,16,31,0,8,0,0.1391,9.917,16.205,0.008832,123.562,141.492,0.110049,142.516,203.787,0.126931,0.004062,0.032,74.0,14.0,11.0,1,0,1,0,0.056658,0.081966,64.623,68.443,False,False,True,False,False,evening,0.000651,1.079,1.645,0.12627999999999998,141.43699999999998,0.055704,72.56466666666667,0.12632699999999997,149.66433333333336,0.081966,68.443,0.06467502073443834,70.73098243580027,0.0163932,13.688600000000001,0.056658,64.623,0.01019844,11.63214,2.7429055950028056,5.411291147378109,6.890563654833484,6.696360257012036,0.13114754098360656,0.2540983606557377,0.06557377049180328,0.0,0.0,0.0,False,False,False,1,60.0,0.0,60.0,120.0,0.613460122,0.0,1.0,weak_rules_v2,True,ac_running_empty_room,turn_off_or_adjust_ac,0.053706,0.001719,train
synthetic_normal_usage_0200_1774806000000,1774806000000,synthetic_scenario,normal_usage,normal_usage_0200,2026-03-29T20:40:00+03:00,2026-03-29,synthetic_hourly_summary,20,Sunday,False,74,22.077,72.953,354.608,39,45,0,4,0,0.5275,2.731,3.839,0.001786,73.763,104.838,0.048254,82.097,115.899,0.053706,0.001719,0.032,78.0,27.0,27.0,1,0,2,0,0.040042,0.030866,63.03,69.453,False,False,True,False,False,evening,0.126931,142.516,203.787,-0.07322499999999998,-60.419,0.06042933333333333,75.23066666666665,0.07893066666666662,100.16866666666668,0.030866,69.453,0.06340790178150799,70.9680642425414,0.0061732,13.890600000000001,0.040042,63.03,0.00720756,11.3454,3.6998639279466072,0.9102558564784812,1.8957872012164998,1.6805930156715492,0.527027027027027,0.6081081081081081,0.05405405405405406,0.0,0.0,0.0,False,False,False,1,120.0,0.0,0.0,0.0,0.1939541625,0.4398023281094836,0.5601976718905164,weak_rules_v2,True,unusual_same_hour_usage,review_unusual_usage,0.001888,6e-05,train
synthetic_low_usage_normal_0018_1774806000000,1774806000000,synthetic_scenario,low_usage_normal,low_usage_normal_0018,2026-03-29T20:40:00+03:00,2026-03-29,synthetic_hourly_summary,20,Sunday,False,162,23.54,38.181,284.262,4,55,0,4,0,0.0308,0.76,1.077,0.000564,1.783,2.22,0.001324,2.543,2.543,0.001888,6e-05,0.032,64.0,22.0,39.0,0,0,0,0,0.002315,0.002,2.072,2.555,False,False,True,False,False,evening,0.053706,82.097,115.899,-0.051817999999999996,-79.55399999999999,0.06084166666666666,75.71866666666666,0.06122249999999996,81.72683333333335,0.002,2.555,0.06282615909263722,70.20414898233211,0.002,3.0,0.002315,2.072,0.002,3.0,-0.05600000000000006,-0.0040000000000000036,-0.21349999999999994,0.15700000000000003,0.024691358024691357,0.3395061728395062,0.024691358024691357,0.0,0.0,0.0,False,False,False,0,0.0,0.0,0.0,60.0,0.012323378,0.9476666666666667,0.05233333333333334,weak_rules_v2,False,low_usage_normal,keep_monitoring,0.106878,0.00342,train
synthetic_routine_anomaly_0073_1774809600000,1774809600000,synthetic_scenario,routine_anomaly,routine_anomaly_0073,2026-03-29T21:40:00+03:00,2026-03-29,synthetic_hourly_summary,21,Sunday,False,79,27.765,46.802,628.964,28,50,0,0,0,0.3638,0.0,0.0,0.0,115.041,165.21,0.106878,115.041,155.056,0.106878,0.00342,0.032,43.0,33.0,49.0,1,0,0,0,0.047881,0.050784,60.638,43.258,False,False,True,False,False,evening,0.001888,2.543,2.543,0.10499,112.49799999999999,0.054157333333333335,66.56033333333333,0.05493066666666663,69.56250000000001,0.050784,43.258,0.052496455131116844,57.835897238077806,0.0101568,8.6516,0.047881,60.638,0.008618579999999999,10.91484,5.522802457466918,8.297077997133476,6.845327188469563,4.984314932697135,0.35443037974683544,0.6329113924050633,0.0,0.0,0.0,0.0,False,False,False,1,60.0,0.0,60.0,0.0,0.365945421,0.0,1.0,weak_rules_v2,True,unusual_same_hour_usage,review_unusual_usage,0.034018,0.001089,train
synthetic_stale_data_0226_1774809600000,1774809600000,synthetic_scenario,stale_data,stale_data_0226,2026-03-29T21:40:00+03:00,2026-03-29,synthetic_hourly_summary,21,Sunday,False,138,22.998,41.446,247.316,60,22,0,16,0,0.4413,7.218,11.204,0.005003,41.48,68.793,0.02875,49.08,74.382,0.034018,0.001089,0.032,616.0,1752.0,89.0,1,0,2,0,0.028389,0.027151,47.375,42.393,False,False,True,False,False,evening,0.106878,115.041,155.056,-0.07286000000000001,-65.961,0.04759466666666667,55.55466666666666,0.054011999999999956,65.39266666666668,0.027151,42.393,0.0537956265260789,56.527789469724624,0.0054302000000000005,8.4786,0.028389,47.375,0.00511002,8.5275,1.2645943059187503,0.7886915292619061,1.1015612463356306,0.1999413661682789,0.43478260869565216,0.15942028985507245,0.11594202898550725,0.0,0.0,0.0,True,True,False,1,120.0,0.0,0.0,0.0,0.13710498,0.9333528779439071,0.06664712205609297,weak_rules_v2,False,possible_sensor_stale,check_sensor_connection,0.005536,0.000177,train
synthetic_low_usage_normal_0018_1774809600000,1774809600000,synthetic_scenario,low_usage_normal,low_usage_normal_0018,2026-03-29T21:40:00+03:00,2026-03-29,synthetic_hourly_summary,21,Sunday,False,177,26.751,41.873,402.787,17,123,0,20,0,0.1006,4.384,6.33,0.002327,3.755,4.924,0.001993,10.432,11.075,0.005536,0.000177,0.032,14.0,11.0,20.0,0,0,0,0,0.00342,0.00451,7.922,8.156,False,False,True,False,False,evening,0.034018,49.08,74.382,-0.028482,-38.647999999999996,0.04881066666666666,58.184333333333335,0.05482616666666662,66.95150000000002,0.00451,8.156,0.052265356416400385,52.89543821856008,0.002,3.0,0.00342,7.922,0.002,3.0,0.513,0.7586666666666666,1.058,0.8366666666666669,0.096045197740113,0.6949152542372882,0.11299435028248588,0.0,0.0,0.0,False,False,False,0,0.0,0.0,0.0,60.0,0.046912704000000006,0.721111111111111,0.27888888888888896,weak_rules_v2,False,normal,keep_monitoring,0.029713,0.000951,train
synthetic_normal_usage_0200_1774809600000,1774809600000,synthetic_scenario,normal_usage,normal_usage_0200,2026-03-29T21:40:00+03:00,2026-03-29,synthetic_hourly_summary,21,Sunday,False,128,29.625,49.924,681.603,93,91,0,12,0,0.73,13.145,22.209,0.009293,24.384,37.209,0.017239,42.028,56.024,0.029713,0.000951,0.032,66.0,57.0,23.0,1,1,2,0,0.028517,0.017974,42.023,37.834,False,False,True,False,False,evening,0.005536,10.432,11.075,0.024177,31.595999999999997,0.023089,33.846666666666664,0.03862316666666663,50.20350000000001,0.017974,37.834,0.01535298384679779,20.58197360151694,0.0035948000000000004,7.566800000000001,0.028517,42.023,0.00513306,7.56414,3.2655502392344493,0.5542633609980434,0.2329994194496069,0.0006610136776944176,0.7265625,0.7109375,0.09375,0.0,0.0,0.0,False,False,False,2,60.0,60.0,0.0,0.0,0.056737800000000005,0.9997796621074352,0.00022033789256480587,weak_rules_v2,False,unusual_same_hour_usage,review_unusual_usage,0.119573,0.003826,train
synthetic_routine_anomaly_0073_1774813200000,1774813200000,synthetic_scenario,routine_anomaly,routine_anomaly_0073,2026-03-29T22:40:00+03:00,2026-03-29,synthetic_hourly_summary,22,Sunday,False,69,30.402,52.763,327.95,31,16,0,5,10,0.4586,22.957,32.256,0.019209,119.943,165.43,0.100363,142.9,189.315,0.119573,0.003826,0.032,78.0,77.0,18.0,1,1,1,0,0.069618,0.059558,54.582,77.299,False,False,False,False,False,night,0.029713,42.028,56.024,0.08986,100.87200000000001,0.05160733333333333,65.12,0.04960099999999996,60.337333333333355,0.059558,77.299,0.06008852399862527,69.18723223254537,0.011911600000000001,15.459800000000001,0.069618,54.582,0.012531239999999999,9.82476,5.038365962591087,4.243327856763994,3.9864370964086557,8.989329001420902,0.4492753623188406,0.2318840579710145,0.07246376811594203,0.0,0.14492753623188406,0.0,False,False,False,2,120.0,120.0,60.0,0.0,0.3868303,0.0,1.0,weak_rules_v2,True,unusual_same_hour_usage,review_unusual_usage,0.002217,7.1e-05,train
synthetic_low_usage_normal_0018_1774813200000,1774813200000,synthetic_scenario,low_usage_normal,low_usage_normal_0018,2026-03-29T22:40:00+03:00,2026-03-29,synthetic_hourly_summary,22,Sunday,False,101,29.012,38.317,345.88,30,48,0,9,0,0.3007,0.338,0.452,0.000207,0.346,0.536,0.000212,3.625,5.35,0.002217,7.1e-05,0.032,64.0,68.0,63.0,0,0,1,0,0.002158,0.002,2.158,2.424,False,False,False,False,False,night,0.119573,142.9,189.315,-0.117356,-139.275,0.050501,62.851,0.049655833333333295,60.517666666666685,0.002,2.424,0.06137762941007116,71.93454943905722,0.002,3.0,0.002158,2.158,0.002,3.0,0.10849999999999987,0.4003333333333334,0.029499999999999794,0.48900000000000005,0.297029702970297,0.4752475247524752,0.0891089108910891,0.0,0.0,0.0,False,False,False,0,0.0,0.0,0.0,0.0,0.0126748125,0.837,0.163,weak_rules_v2,False,low_usage_normal,keep_monitoring,0.027766,0.000889,train
synthetic_stale_data_0226_1774813200000,1774813200000,synthetic_scenario,stale_data,stale_data_0226,2026-03-29T22:40:00+03:00,2026-03-29,synthetic_hourly_summary,22,Sunday,False,73,25.522,36.076,354.749,35,26,0,5,0,0.4896,0.96,1.735,0.000937,22.239,35.404,0.021715,28.436,46.859,0.027766,0.000889,0.032,1575.0,1424.0,62.0,1,0,1,0,0.021052,0.017682,32.236,16.62,False,False,False,False,False,night,0.002217,3.625,5.35,0.025549,24.811,0.049852,58.32033333333333,0.03647049999999997,46.083500000000015,0.017682,16.62,0.06171670139435542,74.2912272097689,0.0035364000000000003,3.3240000000000003,0.021052,32.236,0.0037893600000000003,5.802479999999999,2.85148738830449,3.5547533092659442,1.7718031540946222,-0.6548923908397785,0.4794520547945205,0.3561643835616438,0.0684931506849315,0.0,0.0,0.0,True,True,False,1,60.0,0.0,0.0,0.0,0.072568672,0.7817025363867405,0.2182974636132595,weak_rules_v2,False,possible_sensor_stale,check_sensor_connection,0.048328,0.001547,train
synthetic_socket_left_on_0162_1774813200000,1774813200000,synthetic_scenario,socket_left_on,socket_left_on_0162,2026-03-29T22:40:00+03:00,2026-03-29,synthetic_hourly_summary,22,Sunday,False,98,27.316,67.059,423.735,0,21,0,10,0,0.0,57.717,94.3,0.044444,0.328,0.439,0.000252,62.761,75.917,0.048328,0.001547,0.032,56.0,63.0,47.0,0,1,1,0,0.043582,0.034261,35.08,51.336,False,False,False,False,False,night,0.027766,28.436,46.859,0.020562000000000004,34.325,0.026103666666666667,31.607333333333326,0.03885549999999996,48.36366666666669,0.034261,51.336,0.02310040247124208,29.695279765200794,0.0068522,10.2672,0.043582,35.08,0.007844760000000001,6.314399999999999,2.052917311228511,1.1127668692535455,0.6049898276046686,4.3837894336754095,0.0,0.21428571428571427,0.10204081632653061,0.0,0.0,60.0,False,False,False,1,0.0,60.0,0.0,60.0,0.313805,0.0,1.0,weak_rules_v2,True,socket_left_on,turn_off_unused_socket,0.027313,0.000874,train
synthetic_stale_data_0226_1774816800000,1774816800000,synthetic_scenario,stale_data,stale_data_0226,2026-03-29T23:40:00+03:00,2026-03-29,synthetic_hourly_summary,23,Sunday,False,100,22.353,41.609,435.24,33,42,0,4,0,0.3378,14.902,22.977,0.010687,19.051,24.354,0.013662,38.087,44.874,0.027313,0.000874,0.032,791.0,1267.0,18.0,1,1,1,0,0.029575,0.022676,41.172,16.197,True,False,False,False,True,night,0.048328,62.761,75.917,-0.021015000000000002,-24.674,0.03446900000000001,43.09466666666666,0.04248499999999997,52.97283333333335,0.022676,16.197,0.01200438307452879,17.701947642379018,0.0045352000000000005,3.2394,0.029575,41.172,0.0053235,7.410959999999999,1.02244663961898,6.757424214360686,-0.4249084249084249,-0.4162753543400577,0.33,0.42,0.04,0.0,0.0,0.0,True,True,False,2,60.0,120.0,0.0,0.0,0.12610605700000002,0.8612415485533141,0.1387584514466859,weak_rules_v2,False,possible_sensor_stale,check_sensor_connection,0.024969,0.000799,train
synthetic_socket_left_on_0162_1774816800000,1774816800000,synthetic_scenario,socket_left_on,socket_left_on_0162,2026-03-29T23:40:00+03:00,2026-03-29,synthetic_hourly_summary,23,Sunday,False,131,27.449,46.459,367.087,16,33,0,8,0,0.1297,27.265,41.364,0.023297,0.0,0.0,0.0,29.222,43.678,0.024969,0.000799,0.032,36.0,13.0,60.0,0,1,1,0,0.023103,0.026024,5.844,30.7,True,False,False,False,True,night,0.027313,38.087,44.874,-0.002343999999999999,-8.865000000000002,0.033536666666666666,43.356666666666655,0.0416943333333333,50.83850000000003,0.026024,30.7,0.012863173804833964,17.37938923936994,0.0052048,6.140000000000001,0.023103,5.844,0.00415854,3.0,-0.20269750999077715,-0.2407166123778498,0.44871517407551764,7.792666666666666,0.12213740458015267,0.25190839694656486,0.061068702290076333,0.0,0.0,0.0,False,False,False,1,0.0,180.0,0.0,60.0,0.12715953300000002,0.0,1.0,weak_rules_v2,True,socket_left_on,turn_off_unused_socket,0.018603,0.000595,train
synthetic_socket_left_on_0162_1774820400000,1774820400000,synthetic_scenario,socket_left_on,socket_left_on_0162,2026-03-30T00:40:00+03:00,2026-03-30,synthetic_hourly_summary,0,Monday,False,78,27.839,61.991,457.45,1,15,0,6,0,0.0164,26.117,45.11,0.016199,0.638,1.03,0.000396,29.993,49.804,0.018603,0.000595,0.032,70.0,49.0,30.0,0,1,3,0,0.016987,0.018846,30.756,17.287,True,False,False,False,True,night,0.024969,29.222,43.678,-0.006366,0.7709999999999972,0.023628333333333335,32.43399999999999,0.02486599999999996,32.020666666666685,0.018846,17.287,0.004507112749129713,4.9107959640173595,0.0037692000000000003,3.4574,0.016987,30.756,0.00305766,5.53608,-0.06446991404011465,3.6750159079076763,0.5285087288972623,-0.13782315284461238,0.01282051282051282,0.19230769230769232,0.07692307692307693,0.0,0.0,0.0,False,False,False,1,0.0,240.0,0.0,120.0,0.147505574,0.9540589490517959,0.04594105094820413,weak_rules_v2,True,socket_left_on,turn_off_unused_socket,0.002465,7.9e-05,train
synthetic_stale_data_0226_1774820400000,1774820400000,synthetic_scenario,stale_data,stale_data_0226,2026-03-30T00:40:00+03:00,2026-03-30,synthetic_hourly_summary,0,Monday,False,135,28.956,31.935,508.789,63,50,0,3,0,0.4673,3.318,5.107,0.002465,0.0,0.0,0.0,3.318,3.996,0.002465,7.9e-05,0.032,709.0,981.0,66.0,0,0,0,0,0.002,0.002,1.17,3.069,True,False,False,False,True,night,0.018603,29.993,49.804,-0.016138,-26.674999999999997,0.015345666666666667,20.844333333333324,0.0249073333333333,31.96950000000002,0.002,3.069,0.011600222813953549,15.183144612811873,0.002,3.0,0.002,1.17,0.002,3.0,0.23250000000000007,0.08300000000000003,0.23250000000000007,0.7160000000000001,0.4666666666666667,0.37037037037037035,0.022222222222222223,0.0,0.0,0.0,True,True,False,0,0.0,0.0,0.0,0.0,0.008837493,0.7613333333333333,0.2386666666666667,weak_rules_v2,False,possible_sensor_stale,check_sensor_connection,0.046449,0.001486,train
synthetic_socket_left_on_0162_1774824000000,1774824000000,synthetic_scenario,socket_left_on,socket_left_on_0162,2026-03-30T01:40:00+03:00,2026-03-30,synthetic_hourly_summary,1,Monday,False,111,25.346,42.158,181.68,2,66,0,9,0,0.0182,55.243,82.925,0.042233,3.089,3.928,0.002361,60.758,84.869,0.046449,0.001486,0.032,12.0,14.0,33.0,0,1,2,0,0.041983,0.042783,32.832,59.498,True,False,False,False,True,night,0.002465,3.318,3.996,0.043983999999999995,57.440000000000005,0.022505666666666663,31.356333333333325,0.028021166666666635,37.35650000000002,0.042783,59.498,0.022250194815627296,28.744258702105085,0.008556600000000001,11.8996,0.041983,32.832,0.00755694,5.90976,0.42844120328167673,0.10588591213150066,0.5909799469097278,4.7254034004765,0.018018018018018018,0.5945945945945946,0.08108108108108109,0.0,0.0,0.0,False,False,False,1,0.0,60.0,0.0,60.0,0.298261022,0.0,1.0,weak_rules_v2,True,socket_left_on,turn_off_unused_socket,0.015359,0.000491,train
synthetic_hub_offline_0137_1774827600000,1774827600000,synthetic_scenario,hub_offline,hub_offline_0137,2026-03-30T02:40:00+03:00,2026-03-30,synthetic_hourly_summary,2,Monday,False,81,25.658,66.089,174.84,37,77,0,3,0,0.4644,11.958,20.858,0.00897,0.0,0.0,0.0,20.477,30.6,0.015359,0.000491,0.032,1250.0,1620.0,448.0,0,1,2,0,0.004177,0.01586,14.314,24.621,True,False,False,False,True,night,0.046449,60.758,84.869,-0.03109,-40.281000000000006,0.021424333333333333,28.184333333333328,0.022526333333333298,30.309166666666687,0.01586,24.621,0.022610600729157285,29.485430984361553,0.003172,4.9242,0.004177,14.314,0.002,3.0,-0.15794451450189145,-0.8415580195767838,5.590999999999999,2.0543333333333336,0.4567901234567901,0.9506172839506173,0.037037037037037035,0.0,0.0,0.0,True,True,True,1,0.0,120.0,0.0,0.0,0.05483740600000001,0.3152222222222222,0.6847777777777778,weak_rules_v2,False,hub_offline_or_stale,wait_for_fresh_data,0.355714,0.011383,train
synthetic_high_energy_0104_1774827600000,1774827600000,synthetic_scenario,high_energy,high_energy_0104,2026-03-30T02:40:00+03:00,2026-03-30,synthetic_hourly_summary,2,Monday,False,172,27.052,63.445,244.067,139,73,0,11,0,0.8106,157.31,245.166,0.12139,303.425,423.893,0.234142,460.97,655.126,0.355714,0.011383,0.032,41.0,20.0,59.0,1,1,2,0,0.162599,0.133584,181.681,231.991,True,False,False,False,True,night,0.015359,20.477,30.6,0.34035499999999996,440.49300000000005,0.139174,180.735,0.07725983333333329,100.78966666666669,0.133584,231.991,0.18817232986015775,243.52490870340145,0.026716800000000002,46.3982,0.162599,181.681,0.029267819999999996,32.70258,8.314244220864772,4.935083688591368,6.598202394302001,8.540274192433747,0.8081395348837209,0.42441860465116277,0.06395348837209303,0.0,0.0,0.0,False,False,False,2,60.0,180.0,60.0,0.0,0.1894,0.0,1.0,weak_rules_v2,True,unusual_same_hour_usage,review_unusual_usage,0.024208,0.000775,train
synthetic_normal_usage_0080_1774827600000,1774827600000,synthetic_scenario,normal_usage,normal_usage_0080,2026-03-30T02:40:00+03:00,2026-03-30,synthetic_hourly_summary,2,Monday,False,172,29.744,63.336,381.393,149,123,0,10,0,0.8704,7.4,11.389,0.005647,22.478,28.726,0.017154,31.72,48.15,0.024208,0.000775,0.032,11.0,7.0,66.0,1,0,3,0,0.017222,0.024446,17.453,26.139,True,False,False,False,True,night,0.355714,460.97,655.126,-0.33150599999999997,-429.25,0.1317603333333333,171.05566666666667,0.07713299999999995,101.20600000000003,0.024446,26.139,0.19400002528436264,251.13610207680887,0.0048892,5.2278,0.017222,17.453,0.00309996,3.1415399999999996,-0.04867872044506231,1.0675618807146408,2.2535774655156837,4.541403260821126,0.8662790697674418,0.7151162790697675,0.05813953488372093,0.0,0.0,0.0,False,False,False,1,120.0,0.0,0.0,0.0,0.020554560000000006,0.0,1.0,weak_rules_v2,False,unusual_same_hour_usage,review_unusual_usage,0.212424,0.006798,train
synthetic_high_energy_0104_1774831200000,1774831200000,synthetic_scenario,high_energy,high_energy_0104,2026-03-30T03:40:00+03:00,2026-03-30,synthetic_hourly_summary,3,Monday,False,143,25.457,48.649,77.034,75,88,0,13,0,0.527,86.56,111.007,0.047788,292.182,399.022,0.161306,384.775,425.628,0.212424,0.006798,0.032,61.0,66.0,60.0,1,1,0,0,0.090912,0.081947,214.395,131.126,True,False,False,False,True,night,0.024208,31.72,48.15,0.188216,353.05499999999995,0.1974486666666667,292.48833333333334,0.10943649999999995,160.33633333333336,0.081947,131.126,0.16625959360389805,229.02295137896812,0.016389400000000002,26.2252,0.090912,214.395,0.01636416,38.5911,7.96106019744469,9.671956743895183,7.425495717470374,4.415007605380515,0.5244755244755245,0.6153846153846154,0.09090909090909091,0.0,0.0,0.0,False,False,False,2,180.0,60.0,60.0,0.0,0.473,0.0,1.0,weak_rules_v2,True,unusual_same_hour_usage,review_unusual_usage,0.063229,0.002023,train
synthetic_normal_usage_0080_1774831200000,1774831200000,synthetic_scenario,normal_usage,normal_usage_0080,2026-03-30T03:40:00+03:00,2026-03-30,synthetic_hourly_summary,3,Monday,False,73,28.735,53.941,447.753,21,37,0,4,0,0.2939,7.408,12.168,0.005343,78.636,103.182,0.056714,87.669,115.449,0.063229,0.002023,0.032,57.0,75.0,45.0,1,0,0,0,0.012646,0.045623,73.166,78.294,True,False,False,False,True,night,0.212424,384.775,425.628,-0.14919500000000002,-297.106,0.09995366666666666,168.05466666666666,0.11956383333333327,174.39483333333337,0.045623,78.294,0.09933700982178471,189.75866201660824,0.0091246,15.6588,0.012646,73.166,0.00227628,13.16988,1.9295092387611508,0.5987048816001226,22.22178290895672,1.1012249162482879,0.2876712328767123,0.5068493150684932,0.0547945205479452,0.0,0.0,0.0,False,False,False,1,240.0,0.0,0.0,0.0,0.3095154045,0.6329250279172374,0.36707497208276263,weak_rules_v2,True,unusual_same_hour_usage,review_unusual_usage,0.026846,0.000859,train
synthetic_hub_offline_0137_1774831200000,1774831200000,synthetic_scenario,hub_offline,hub_offline_0137,2026-03-30T03:40:00+03:00,2026-03-30,synthetic_hourly_summary,3,Monday,False,64,25.693,52.027,501.677,21,49,0,3,0,0.3308,29.867,45.906,0.01799,12.224,17.25,0.007363,44.569,56.372,0.026846,0.000859,0.032,1652.0,977.0,2615.0,1,1,1,0,0.017096,0.017251,38.676,34.787,True,False,False,False,True,night,0.063229,87.669,115.449,-0.036383,-43.099999999999994,0.100833,172.33766666666665,0.11629666666666662,171.6966666666667,0.017251,34.787,0.09833790791449663,185.23395462315582,0.0034502,6.9574,0.017096,38.676,0.00307728,6.96168,2.7809982030027243,1.4059849943944582,3.1683824676337538,0.8464910768665036,0.328125,0.765625,0.046875,0.0,0.0,0.0,True,True,True,2,300.0,60.0,0.0,0.0,0.14912787400000002,0.7178363077111655,0.28216369228883453,weak_rules_v2,False,hub_offline_or_stale,wait_for_fresh_data,0.009293,0.000297,train
synthetic_hub_offline_0137_1774834800000,1774834800000,synthetic_scenario,hub_offline,hub_offline_0137,2026-03-30T04:40:00+03:00,2026-03-30,synthetic_hourly_summary,4,Monday,False,45,23.599,82.267,646.071,4,26,0,1,0,0.1075,10.076,15.122,0.008412,0.0,0.0,0.0,11.132,13.801,0.009293,0.000297,0.032,284.0,998.0,3589.0,0,1,0,0,0.005643,0.007582,9.467,9.776,True,False,False,False,True,night,0.026846,44.569,56.372,-0.017553,-33.437000000000005,0.03312266666666666,47.79,0.11528566666666662,170.13916666666668,0.007582,9.776,0.02751036954192646,38.370030271035596,0.002,3.0,0.005643,9.467,0.002,3.0,0.8554999999999995,0.45199999999999996,1.8249999999999997,0.5549999999999997,0.08888888888888889,0.5777777777777777,0.022222222222222223,0.0,0.0,0.0,True,True,True,1,0.0,120.0,0.0,60.0,0.04967655,0.8150000000000001,0.18499999999999991,weak_rules_v2,False,hub_offline_or_stale,wait_for_fresh_data,0.02033,0.000651,train
synthetic_normal_usage_0080_1774834800000,1774834800000,synthetic_scenario,normal_usage,normal_usage_0080,2026-03-30T04:40:00+03:00,2026-03-30,synthetic_hourly_summary,4,Monday,False,121,26.55,39.384,47.383,95,83,0,10,0,0.7904,0.0,0.0,0.0,25.582,39.003,0.018969,27.418,30.36,0.02033,0.000651,0.032,57.0,67.0,68.0,1,0,1,0,0.011555,0.008791,15.073,17.829,True,False,False,False,True,night,0.009293,11.132,13.801,0.011037000000000002,16.286,0.018823,27.706333333333333,0.059388333333333286,97.88050000000003,0.008791,17.829,0.008873006198579059,16.72036465910801,0.002,3.5658000000000003,0.011555,15.073,0.0020799,3.0,5.7695,2.689158113186381,4.218952834270879,4.114999999999999,0.7851239669421488,0.6859504132231405,0.08264462809917356,0.0,0.0,0.0,False,False,False,1,60.0,0.0,0.0,0.0,0.028734064,0.0,1.0,weak_rules_v2,False,unusual_same_hour_usage,review_unusual_usage,0.134441,0.004302,train
synthetic_high_energy_0104_1774834800000,1774834800000,synthetic_scenario,high_energy,high_energy_0104,2026-03-30T04:40:00+03:00,2026-03-30,synthetic_hourly_summary,4,Monday,False,129,26.706,37.105,888.649,77,104,0,2,0,0.6035,112.051,144.477,0.062236,130.0,216.158,0.072205,242.051,424.664,0.134441,0.004302,0.032,70.0,78.0,54.0,1,1,1,0,0.049991,0.057017,133.86,90.326,True,False,False,False,True,night,0.02033,27.418,30.36,0.114111,214.63299999999998,0.05468800000000001,93.53366666666666,0.07776049999999995,132.93566666666666,0.057017,90.326,0.0692882356464647,128.8772950303251,0.011403400000000001,18.0652,0.049991,133.86,0.00899838,24.094800000000003,6.7895539926688535,8.398744547527842,9.385022637408067,4.490221956604743,0.5968992248062015,0.8062015503875969,0.015503875968992248,0.0,0.0,0.0,False,False,False,2,120.0,60.0,60.0,0.0,0.39649999999999996,0.0,1.0,weak_rules_v2,True,unusual_same_hour_usage,review_unusual_usage,0.011451,0.000366,train
synthetic_hub_offline_0137_1774838400000,1774838400000,synthetic_scenario,hub_offline,hub_offline_0137,2026-03-30T05:40:00+03:00,2026-03-30,synthetic_hourly_summary,5,Monday,False,59,24.506,36.387,359.345,0,37,0,5,0,0.0,16.277,23.612,0.009203,0.0,0.0,0.0,20.252,26.435,0.011451,0.000366,0.032,1140.0,1687.0,789.0,0,1,0,0,0.010567,0.00758,14.921,14.024,True,True,False,False,True,morning,0.134441,242.051,424.664,-0.12299,-221.79899999999998,0.055407333333333336,96.57366666666667,0.04426499999999995,72.18183333333336,0.00758,14.024,0.06858898971652341,126.03800527750927,0.002,3.0,0.010567,14.921,0.002,3.0,1.9354999999999998,2.076,0.44199999999999967,1.777,0.0,0.6271186440677966,0.0847457627118644,0.0,0.0,60.0,True,True,True,1,0.0,120.0,0.0,60.0,0.10125999999999999,0.40766666666666673,0.5923333333333333,weak_rules_v2,False,hub_offline_or_stale,wait_for_fresh_data,0.365314,0.01169,train
synthetic_high_energy_0104_1774838400000,1774838400000,synthetic_scenario,high_energy,high_energy_0104,2026-03-30T05:40:00+03:00,2026-03-30,synthetic_hourly_summary,5,Monday,False,99,29.27,25.0,344.9,7,44,0,4,0,0.0792,120.482,181.26,0.095642,339.133,418.182,0.269214,460.192,794.815,0.365314,0.01169,0.032,17.0,33.0,35.0,1,1,1,0,0.209526,0.260939,204.418,240.246,True,True,False,False,True,morning,0.011451,20.252,26.435,0.35386300000000004,439.94,0.17040200000000003,240.83166666666668,0.09461249999999995,134.26900000000003,0.260939,240.246,0.1796514704448589,219.9725346045121,0.0521878,48.049200000000006,0.209526,204.418,0.037714679999999993,36.79524,1.9999885030601032,4.577516379044812,4.1306992396594655,6.951279567683211,0.0707070707070707,0.4444444444444444,0.04040404040404041,0.0,0.0,0.0,False,False,False,2,60.0,180.0,60.0,120.0,0.9208,0.0,1.0,weak_rules_v2,True,ac_running_empty_room,turn_off_or_adjust_ac,0.030182,0.000966,train
synthetic_normal_usage_0080_1774838400000,1774838400000,synthetic_scenario,normal_usage,normal_usage_0080,2026-03-30T05:40:00+03:00,2026-03-30,synthetic_hourly_summary,5,Monday,False,175,27.348,61.605,356.036,125,15,0,8,0,0.7147,15.804,20.851,0.009755,26.627,28.766,0.016435,48.901,81.198,0.030182,0.000966,0.032,48.0,32.0,33.0,1,1,2,0,0.025813,0.027736,57.687,36.02,True,True,False,False,True,morning,0.365314,460.192,794.815,-0.33513200000000004,-411.291,0.135649,176.44833333333335,0.09516849999999995,134.991,0.027736,36.02,0.19911610120479967,246.14638445513143,0.0055472,7.204000000000001,0.025813,57.687,0.00464634,10.383659999999999,0.44094317854052495,1.788034425319267,0.9403100074467219,-0.846137103872815,0.7142857142857143,0.08571428571428572,0.045714285714285714,0.0,0.0,0.0,False,False,False,2,120.0,240.0,0.0,0.0,0.0697572765,0.7179542987090617,0.28204570129093837,weak_rules_v2,False,normal,keep_monitoring,0.009074,0.00029,train
synthetic_smoke_gas_0105_1774878000000,1774878000000,synthetic_scenario,smoke_gas,smoke_gas_0105,2026-03-30T16:40:00+03:00,2026-03-30,synthetic_hourly_summary,16,Monday,False,120,27.434,62.029,483.683,89,113,16,4,0,0.745,17.819,24.47,0.008172,0.0,0.0,0.0,19.786,27.611,0.009074,0.00029,0.032,5.0,14.0,19.0,0,1,3,0,0.007683,0.003851,16.563,10.016,False,False,False,True,False,afternoon,0.030182,48.901,81.198,-0.021108000000000002,-29.115000000000002,0.13485666666666668,176.293,0.09513199999999995,136.43333333333337,0.003851,10.016,0.19986076098457484,246.29434109820718,0.002,3.0,0.007683,16.563,0.002,3.0,2.6115,3.2566666666666673,0.6955000000000003,1.0743333333333343,0.7416666666666667,0.9416666666666667,0.03333333333333333,0.13333333333333333,0.0,0.0,False,False,False,1,0.0,300.0,0.0,0.0,0.02522715,0.6418888888888885,0.35811111111111144,weak_rules_v2,False,smoke_gas_safety,check_smoke_gas_sensor,0.005441,0.000174,train
synthetic_smoke_gas_0105_1774881600000,1774881600000,synthetic_scenario,smoke_gas,smoke_gas_0105,2026-03-30T17:40:00+03:00,2026-03-30,synthetic_hourly_summary,17,Monday,False,164,23.38,45.276,109.752,54,82,1,14,0,0.3317,7.599,8.855,0.005441,0.0,0.0,0.0,7.599,9.731,0.005441,0.000174,0.032,52.0,41.0,5.0,0,0,2,0,0.003921,0.007688,3.143,5.889,False,False,True,True,False,evening,0.009074,19.786,27.611,-0.003633000000000001,-12.187000000000001,0.014899,25.42866666666667,0.09265049999999997,133.1301666666667,0.007688,5.889,0.013359537379715286,21.22129982667355,0.002,3.0,0.003921,3.143,0.002,3.0,-1.1235000000000004,0.57,0.7599999999999998,1.4853333333333334,0.32926829268292684,0.5,0.08536585365853659,0.006097560975609756,0.0,0.0,False,False,False,0,0.0,0.0,0.0,0.0,0.025392058500000002,0.5048888888888889,0.4951111111111111,weak_rules_v2,False,smoke_gas_safety,check_smoke_gas_sensor,0.027398,0.000877,train
synthetic_smoke_gas_0105_1774885200000,1774885200000,synthetic_scenario,smoke_gas,smoke_gas_0105,2026-03-30T18:40:00+03:00,2026-03-30,synthetic_hourly_summary,18,Monday,False,83,26.011,50.087,302.543,44,22,9,2,0,0.537,17.397,24.128,0.016301,7.603,9.492,0.007123,29.241,42.771,0.027398,0.000877,0.032,37.0,28.0,36.0,0,1,3,0,0.019261,0.016311,21.809,25.432,False,False,True,False,False,evening,0.005441,7.599,9.731,0.021956999999999997,21.642,0.013970999999999999,18.875333333333334,0.07480999999999996,97.66183333333338,0.016311,25.432,0.011769151158856357,10.849701670257287,0.0032622,5.0864,0.019261,21.809,0.00346698,3.92562,3.3986266936423273,0.7488597043095314,2.3469994058229346,1.8932041308124574,0.5301204819277109,0.26506024096385544,0.024096385542168676,0.10843373493975904,0.0,0.0,False,False,False,1,0.0,60.0,0.0,0.0,0.06769291499999999,0.3689319563958475,0.6310680436041525,weak_rules_v2,False,smoke_gas_safety,check_smoke_gas_sensor,0.005666,0.000181,train
synthetic_stale_data_0006_1774888800000,1774888800000,synthetic_scenario,stale_data,stale_data_0006,2026-03-30T19:40:00+03:00,2026-03-30,synthetic_hourly_summary,19,Monday,False,138,27.414,37.519,367.764,67,63,0,4,0,0.4909,11.519,13.992,0.005666,0.0,0.0,0.0,11.519,16.093,0.005666,0.000181,0.032,1776.0,1427.0,79.0,0,1,1,0,0.003833,0.003318,10.696,13.816,False,False,True,False,False,evening,0.027398,29.241,42.771,-0.021731999999999998,-17.722,0.012835,16.119666666666667,0.07384583333333329,96.20633333333336,0.003318,13.816,0.012612429702480403,11.531202943907784,0.002,3.0,0.003833,10.696,0.002,3.0,1.174,-0.7656666666666668,0.9165,0.2743333333333335,0.4855072463768116,0.45652173913043476,0.028985507246376812,0.0,0.0,0.0,True,True,False,1,0.0,120.0,0.0,0.0,0.0293216145,0.9085555555555556,0.0914444444444445,weak_rules_v2,False,possible_sensor_stale,check_sensor_connection,0.014709,0.000471,train
synthetic_smoke_gas_0105_1774888800000,1774888800000,synthetic_scenario,smoke_gas,smoke_gas_0105,2026-03-30T19:40:00+03:00,2026-03-30,synthetic_hourly_summary,19,Monday,False,146,28.095,48.537,82.268,110,100,1,14,0,0.7593,13.174,17.816,0.010196,0.0,0.0,0.0,19.005,19.005,0.014709,0.000471,0.032,12.0,27.0,61.0,0,1,3,0,0.006607,0.00945,15.352,17.788,False,False,True,False,False,evening,0.005666,11.519,16.093,0.009042999999999999,7.485999999999999,0.015924333333333332,19.921666666666667,0.01541166666666662,22.675166666666684,0.00945,17.788,0.010916855423304976,8.896489719748029,0.002,3.5576000000000003,0.006607,15.352,0.002,3.0,2.6294999999999997,0.3420845513829544,4.051,1.2176666666666662,0.7534246575342466,0.684931506849315,0.0958904109589041,0.00684931506849315,0.0,0.0,False,False,False,1,0.0,180.0,0.0,0.0,0.0228725175,0.5941111111111113,0.40588888888888874,weak_rules_v2,False,smoke_gas_safety,check_smoke_gas_sensor,0.0,0.0,train
synthetic_stale_data_0006_1774892400000,1774892400000,synthetic_scenario,stale_data,stale_data_0006,2026-03-30T20:40:00+03:00,2026-03-30,synthetic_hourly_summary,20,Monday,False,101,24.311,54.49,707.834,46,98,0,8,0,0.4604,0.0,0.0,0.0,0.0,0.0,0.0,0.0,0.0,0.0,0.0,0.032,1605.0,1777.0,86.0,0,0,1,0,0.002,0.002,1.0,1.0,False,False,True,False,False,evening,0.014709,19.005,19.005,-0.014709,-19.005,0.006791666666666667,10.174666666666665,0.010381333333333286,14.525000000000018,0.002,1.0,0.0074188283666184966,9.573553694088506,0.002,3.0,0.002,1.0,0.002,3.0,-1.0,-0.3333333333333333,-1.0,-0.3333333333333333,0.45544554455445546,0.9702970297029703,0.07920792079207921,0.0,0.0,0.0,True,True,False,0,0.0,0.0,0.0,0.0,0.0,0.8888888888888888,0.1111111111111111,weak_rules_v2,False,possible_sensor_stale,check_sensor_connection,0.002982,9.5e-05,train
synthetic_stale_data_0006_1774896000000,1774896000000,synthetic_scenario,stale_data,stale_data_0006,2026-03-30T21:40:00+03:00,2026-03-30,synthetic_hourly_summary,21,Monday,False,52,28.184,41.657,422.35,39,42,0,4,0,0.7628,3.547,4.851,0.002504,0.0,0.0,0.0,4.225,4.825,0.002982,9.5e-05,0.032,1656.0,605.0,37.0,0,0,0,0,0.002437,0.002016,3.667,2.929,False,False,True,False,False,evening,0.0,0.0,0.0,0.002982,4.225,0.0058969999999999995,7.743333333333332,0.009365999999999954,11.93150000000002,0.002016,2.929,0.007775705048419079,9.979053478842522,0.002,3.0,0.002437,3.667,0.002,3.0,0.48299999999999993,0.43199999999999994,0.27249999999999996,0.18599999999999994,0.75,0.8076923076923077,0.07692307692307693,0.0,0.0,0.0,True,True,False,0,0.0,0.0,0.0,0.0,0.005010849999999999,0.9380000000000001,0.06199999999999998,weak_rules_v2,False,possible_sensor_stale,check_sensor_connection,0.031668,0.001013,train
synthetic_stale_data_0006_1774899600000,1774899600000,synthetic_scenario,stale_data,stale_data_0006,2026-03-30T22:40:00+03:00,2026-03-30,synthetic_hourly_summary,22,Monday,False,101,30.544,77.493,307.052,2,74,0,7,15,0.0264,7.71,8.511,0.008096,18.353,25.319,0.01927,30.16,38.361,0.031668,0.001013,0.032,1293.0,773.0,62.0,1,0,0,0,0.025113,0.023198,21.55,27.84,False,False,False,False,False,night,0.002982,4.225,4.825,0.028686000000000003,25.935000000000002,0.01155,11.461666666666666,0.01373716666666662,15.691666666666686,0.023198,27.84,0.01748638110073122,16.33044421727694,0.0046396,5.5680000000000005,0.025113,21.55,0.004520339999999999,3.879,1.8255884127942068,0.4166666666666667,1.4501121597048015,2.219644238205723,0.019801980198019802,0.7326732673267327,0.06930693069306931,0.0,0.1485148514851485,0.0,True,True,False,1,60.0,0.0,0.0,60.0,0.14681887999999998,0.260118587264759,0.739881412735241,weak_rules_v2,False,possible_sensor_stale,check_sensor_connection,0.02476,0.000792,train
synthetic_smoke_gas_0055_1774939200000,1774939200000,synthetic_scenario,smoke_gas,smoke_gas_0055,2026-03-31T09:40:00+03:00,2026-03-31,synthetic_hourly_summary,9,Tuesday,False,105,27.029,38.329,282.885,0,88,5,5,0,0.0,22.79,32.666,0.022456,0.0,0.0,0.0,25.128,40.729,0.02476,0.000792,0.032,35.0,16.0,79.0,0,1,3,0,0.013862,0.019818,10.654,28.28,False,True,False,True,False,morning,0.031668,30.16,38.361,-0.006908000000000001,-5.032,0.019803333333333336,19.837666666666667,0.013297499999999955,15.006166666666687,0.019818,28.28,0.01497157497838298,13.753064252506872,0.0039636,5.656000000000001,0.013862,10.654,0.0024951599999999997,3.0,1.2468463013422146,-0.5572842998585574,4.367655781593165,4.824666666666666,0.0,0.8380952380952381,0.047619047619047616,0.047619047619047616,0.0,60.0,False,False,False,1,0.0,60.0,0.0,120.0,0.12564,0.0,1.0,weak_rules_v2,False,smoke_gas_safety,check_smoke_gas_sensor,0.080251,0.002568,train
synthetic_normal_usage_0110_1774942800000,1774942800000,synthetic_scenario,normal_usage,normal_usage_0110,2026-03-31T10:40:00+03:00,2026-03-31,synthetic_hourly_summary,10,Tuesday,False,63,29.57,28.528,385.497,50,61,0,1,0,0.8015,16.596,23.879,0.017426,58.327,63.739,0.061244,76.429,109.731,0.080251,0.002568,0.032,65.0,72.0,71.0,1,1,3,0,0.076281,0.05217,30.57,69.808,False,True,False,True,False,morning,0.02476,25.128,40.729,0.055491,51.301,0.045559666666666665,43.90566666666666,0.025728333333333287,25.824500000000018,0.05217,69.808,0.030241471067614146,28.278183540205504,0.010434,13.961600000000002,0.076281,30.57,0.01373058,5.5026,2.6912976806593827,0.47422931469172547,0.28913563738749576,8.334060262421401,0.7936507936507936,0.9682539682539683,0.015873015873015872,0.0,0.0,0.0,False,False,False,2,60.0,120.0,0.0,0.0,0.07585578250000001,0.0,1.0,weak_rules_v2,True,unusual_same_hour_usage,review_unusual_usage,0.004427,0.000142,train
synthetic_smoke_gas_0055_1774942800000,1774942800000,synthetic_scenario,smoke_gas,smoke_gas_0055,2026-03-31T10:40:00+03:00,2026-03-31,synthetic_hourly_summary,10,Tuesday,False,51,28.455,43.244,263.49,19,49,6,1,0,0.3737,5.014,6.311,0.004427,0.0,0.0,0.0,5.014,6.579,0.004427,0.000142,0.032,27.0,63.0,14.0,0,0,0,0,0.00579,0.004185,3.645,3.578,False,True,False,True,False,morning,0.080251,76.429,109.731,-0.075824,-71.415,0.036479333333333336,35.523666666666664,0.024014666666666618,23.49266666666669,0.004185,3.578,0.03924699764737863,36.824963955631524,0.002,3.0,0.00579,3.645,0.002,3.0,0.12100000000000001,0.4786666666666668,-0.6814999999999998,0.4563333333333334,0.37254901960784315,0.9607843137254902,0.0196078431372549,0.11764705882352941,0.0,0.0,False,False,False,0,0.0,0.0,0.0,0.0,0.015701341000000004,0.8478888888888889,0.15211111111111114,weak_rules_v2,False,smoke_gas_safety,check_smoke_gas_sensor,0.040327,0.00129,train
synthetic_normal_usage_0110_1774946400000,1774946400000,synthetic_scenario,normal_usage,normal_usage_0110,2026-03-31T11:40:00+03:00,2026-03-31,synthetic_hourly_summary,11,Tuesday,False,93,28.167,56.417,270.512,79,28,0,1,0,0.8559,26.268,44.903,0.023326,19.145,26.397,0.017001,45.413,72.965,0.040327,0.00129,0.032,57.0,9.0,34.0,1,1,2,0,0.026798,0.025275,27.376,32.563,False,True,False,True,False,morning,0.004427,5.014,6.579,0.0359,40.398999999999994,0.041668333333333335,42.285333333333334,0.030735833333333285,31.06150000000002,0.025275,32.563,0.03792979205497103,35.81008629329943,0.0050550000000000005,6.512600000000001,0.026798,27.376,0.00482364,4.92768,2.977645895153314,1.9730983017535229,2.8047283793981315,3.660343204104162,0.8494623655913979,0.3010752688172043,0.010752688172043012,0.0,0.0,0.0,False,False,False,2,60.0,60.0,0.0,0.0,0.0327200665,0.0,1.0,weak_rules_v2,False,unusual_same_hour_usage,review_unusual_usage,0.034004,0.001088,train
synthetic_smoke_gas_0055_1774946400000,1774946400000,synthetic_scenario,smoke_gas,smoke_gas_0055,2026-03-31T11:40:00+03:00,2026-03-31,synthetic_hourly_summary,11,Tuesday,False,158,30.066,34.592,260.129,119,88,25,6,23,0.7541,19.528,31.974,0.014044,27.755,37.825,0.01996,47.282,52.75,0.034004,0.001088,0.032,77.0,18.0,86.0,1,1,1,0,0.02985,0.029431,42.202,51.184,False,True,False,True,False,morning,0.040327,45.413,72.965,-0.006323000000000002,1.8689999999999998,0.026252666666666664,32.56966666666667,0.03590616666666662,38.23766666666669,0.029431,51.184,0.01916415602976931,23.882197644554505,0.0058862,10.2368,0.02985,42.202,0.005373,7.59636,0.7769019061533757,-0.3811738043138482,0.7731248836776471,0.6687413445386999,0.7531645569620253,0.5569620253164557,0.0379746835443038,0.15822784810126583,0.14556962025316456,0.0,False,False,False,2,120.0,120.0,0.0,0.0,0.058133219,0.7770862184871,0.22291378151289998,weak_rules_v2,False,smoke_gas_safety,check_smoke_gas_sensor,0.042717,0.001367,train
synthetic_normal_usage_0110_1774950000000,1774950000000,synthetic_scenario,normal_usage,normal_usage_0110,2026-03-31T12:40:00+03:00,2026-03-31,synthetic_hourly_summary,12,Tuesday,False,173,26.32,48.096,481.09,82,167,0,7,0,0.4798,5.55,7.461,0.005143,36.564,46.533,0.033881,46.1,49.217,0.042717,0.001367,0.032,35.0,76.0,49.0,1,0,3,0,0.017556,0.02907,30.451,44.207,False,False,False,True,False,afternoon,0.034004,47.282,52.75,0.008712999999999999,-1.181999999999995,0.039016,46.26500000000001,0.037747666666666624,40.89433333333336,0.02907,44.207,0.004502014326944108,0.945361835602063,0.005814,8.8414,0.017556,30.451,0.0031600799999999996,5.48118,2.347265221878225,0.2141063632456399,7.962140198982305,2.8550421624540703,0.47398843930635837,0.9653179190751445,0.04046242774566474,0.0,0.0,0.0,False,False,False,1,180.0,0.0,0.0,0.0,0.1199061,0.04831927918197654,0.9516807208180235,weak_rules_v2,False,unusual_same_hour_usage,review_unusual_usage,0.023271,0.000745,train
synthetic_smoke_gas_0055_1774950000000,1774950000000,synthetic_scenario,smoke_gas,smoke_gas_0055,2026-03-31T12:40:00+03:00,2026-03-31,synthetic_hourly_summary,12,Tuesday,False,79,25.68,49.804,425.422,39,51,3,2,0,0.5015,0.0,0.0,0.0,34.494,52.056,0.020734,38.714,56.922,0.023271,0.000745,0.032,74.0,24.0,68.0,1,0,1,0,0.014911,0.021118,22.125,24.911,False,False,False,True,False,afternoon,0.042717,46.1,49.217,-0.019445999999999998,-7.386000000000003,0.03333066666666667,44.032000000000004,0.037499499999999956,43.15866666666668,0.021118,24.911,0.009740470334298205,4.643288059146877,0.0042236,4.982200000000001,0.014911,22.125,0.00268398,3.9825,0.5097547116204183,2.7704628477379463,3.1147773083256953,4.165473948524796,0.4936708860759494,0.6455696202531646,0.02531645569620253,0.0379746835443038,0.0,0.0,False,False,False,1,240.0,0.0,0.0,0.0,0.096494645,0.0,1.0,weak_rules_v2,False,smoke_gas_safety,check_smoke_gas_sensor,0.044571,0.001426,train
synthetic_normal_usage_0110_1774953600000,1774953600000,synthetic_scenario,normal_usage,normal_usage_0110,2026-03-31T13:40:00+03:00,2026-03-31,synthetic_hourly_summary,13,Tuesday,False,57,26.645,45.46,333.288,40,36,0,0,0,0.7103,11.717,15.221,0.010654,32.81,43.293,0.029831,49.022,74.328,0.044571,0.001426,0.032,75.0,43.0,24.0,1,1,3,0,0.045509,0.025089,52.758,35.708,False,False,False,True,False,afternoon,0.023271,38.714,56.922,0.0213,10.308,0.036853,44.612,0.03155283333333329,38.59083333333335,0.025089,35.708,0.011798829263957082,5.312656962407337,0.0050178,7.1416,0.045509,52.758,0.00819162,9.49644,3.882578022240822,1.8642881147081884,-0.11450726474128455,-0.39341058333438683,0.7017543859649122,0.631578947368421,0.0,0.0,0.0,0.0,False,False,False,2,300.0,60.0,0.0,0.0,0.07100836699999999,0.8688631388885377,0.13113686111146228,weak_rules_v2,False,unusual_same_hour_usage,review_unusual_usage,0.053441,0.00171,train
synthetic_hub_offline_0047_1774964400000,1774964400000,synthetic_scenario,hub_offline,hub_offline_0047,2026-03-31T16:40:00+03:00,2026-03-31,synthetic_hourly_summary,16,Tuesday,False,102,23.67,50.677,294.961,51,75,0,2,0,0.5028,12.5,15.221,0.012344,41.619,58.06,0.041097,54.119,73.775,0.053441,0.00171,0.032,1044.0,1796.0,2854.0,1,1,1,0,0.042517,0.056443,26.039,33.303,False,False,False,True,False,afternoon,0.044571,49.022,74.328,0.008870000000000003,5.097000000000001,0.04042766666666667,47.285,0.03972183333333328,46.77500000000001,0.056443,33.303,0.015505890278643897,7.848017775222701,0.011288600000000001,6.6606,0.042517,26.039,0.00765306,4.68702,-0.2659320021969064,3.125243972014534,1.4274028950511304,5.991013479780329,0.5,0.7352941176470589,0.0196078431372549,0.0,0.0,0.0,True,True,True,2,360.0,120.0,0.0,0.0,0.13453983399999997,0.0,1.0,weak_rules_v2,False,hub_offline_or_stale,wait_for_fresh_data,0.042587,0.001363,train
synthetic_hub_offline_0047_1774968000000,1774968000000,synthetic_scenario,hub_offline,hub_offline_0047,2026-03-31T17:40:00+03:00,2026-03-31,synthetic_hourly_summary,17,Tuesday,False,116,25.978,41.859,152.013,38,23,0,6,0,0.3361,22.377,28.567,0.021417,22.119,34.781,0.02117,44.495,62.84,0.042587,0.001363,0.032,1440.0,1015.0,2292.0,1,1,3,0,0.030501,0.040427,25.006,34.129,False,False,True,True,False,evening,0.053441,54.119,73.775,-0.010854000000000003,-9.624000000000002,0.046866333333333336,49.211999999999996,0.040098499999999954,46.622000000000014,0.040427,34.129,0.005779597333149014,4.8148124574285145,0.0080854,6.8258,0.030501,25.006,0.00549018,4.50108,0.2671481930393057,1.5186498285915204,2.2013850183418393,4.329849724954899,0.3275862068965517,0.19827586206896552,0.05172413793103448,0.0,0.0,0.0,True,True,True,2,420.0,180.0,0.0,0.0,0.14770115249999996,0.0,1.0,weak_rules_v2,False,hub_offline_or_stale,wait_for_fresh_data,0.041694,0.001334,train
synthetic_hub_offline_0047_1774971600000,1774971600000,synthetic_scenario,hub_offline,hub_offline_0047,2026-03-31T18:40:00+03:00,2026-03-31,synthetic_hourly_summary,18,Tuesday,False,175,29.988,63.563,517.762,58,17,0,15,0,0.3367,1.969,3.177,0.001566,50.464,55.43,0.040128,52.433,60.691,0.041694,0.001334,0.032,1239.0,1568.0,2364.0,1,0,1,0,0.03521,0.049265,50.438,37.511,False,False,True,False,False,evening,0.042587,44.495,62.84,-0.000892999999999998,7.938000000000002,0.045907333333333335,50.349,0.04138016666666662,47.48050000000001,0.049265,37.511,0.006539607200233296,5.139322523466225,0.009853,7.502200000000001,0.03521,50.438,0.006337799999999999,9.07884,-0.7683954125647012,1.9890165551438237,1.0230679415570079,0.21974172911957887,0.3314285714285714,0.09714285714285714,0.08571428571428572,0.0,0.0,0.0,True,True,True,1,480.0,0.0,0.0,0.0,0.17389404449999998,0.9267527569601404,0.07324724303985962,weak_rules_v2,False,hub_offline_or_stale,wait_for_fresh_data,0.289201,0.009254,train
synthetic_high_energy_0084_1774971600000,1774971600000,synthetic_scenario,high_energy,high_energy_0084,2026-03-31T18:40:00+03:00,2026-03-31,synthetic_hourly_summary,18,Tuesday,False,56,30.064,52.168,559.238,46,33,0,5,8,0.8381,147.081,147.081,0.110425,229.757,302.291,0.172496,385.205,462.011,0.289201,0.009254,0.032,54.0,19.0,54.0,1,1,1,0,0.099636,0.130884,174.348,192.175,False,False,True,False,False,evening,0.041694,52.433,60.691,0.24750699999999998,332.772,0.124494,160.71099999999998,0.08246083333333327,103.998,0.130884,192.175,0.14264114500732253,194.45801600345524,0.0261768,38.435,0.099636,174.348,0.01793448,31.382640000000002,6.047989059014088,5.02224534929101,10.569863190903778,6.71890573896906,0.8214285714285714,0.5892857142857143,0.08928571428571429,0.0,0.14285714285714285,0.0,False,False,False,2,540.0,60.0,60.0,0.0,0.16190000000000004,0.0,1.0,weak_rules_v2,True,unusual_same_hour_usage,review_unusual_usage,0.197528,0.006321,train
synthetic_high_energy_0084_1774975200000,1774975200000,synthetic_scenario,high_energy,high_energy_0084,2026-03-31T19:40:00+03:00,2026-03-31,synthetic_hourly_summary,19,Tuesday,False,172,29.189,57.767,451.183,77,106,0,17,0,0.4529,90.175,116.569,0.059323,208.041,313.576,0.136863,300.257,401.774,0.197528,0.006321,0.032,56.0,58.0,24.0,1,1,3,0,0.087562,0.122798,131.659,155.267,False,False,True,False,False,evening,0.289201,385.205,462.011,-0.09167299999999998,-84.94799999999998,0.176141,245.965,0.11150366666666663,147.58850000000004,0.122798,155.267,0.12513185681112549,172.90175517906096,0.0245596,31.0534,0.087562,131.659,0.01576116,23.69862,3.042802000032574,4.669053952224234,6.977024533727214,7.114253910143292,0.4476744186046512,0.6162790697674418,0.09883720930232558,0.0,0.0,0.0,False,False,False,2,600.0,120.0,120.0,0.0,0.5470999999999999,0.0,1.0,weak_rules_v2,True,unusual_same_hour_usage,review_unusual_usage,0.030206,0.000967,train
synthetic_hub_offline_0047_1774975200000,1774975200000,synthetic_scenario,hub_offline,hub_offline_0047,2026-03-31T19:40:00+03:00,2026-03-31,synthetic_hourly_summary,19,Tuesday,False,110,27.733,30.418,373.311,31,82,0,6,0,0.2883,13.394,17.879,0.010355,25.676,35.644,0.019851,39.07,55.728,0.030206,0.000967,0.032,429.0,1388.0,1216.0,1,1,1,0,0.027108,0.039081,23.229,29.164,False,False,True,False,False,evening,0.197528,300.257,401.774,-0.167322,-261.187,0.17231166666666667,241.51066666666668,0.10910949999999996,145.92983333333336,0.039081,29.164,0.13132593082226124,180.3904329955812,0.0078162,5.832800000000001,0.027108,23.229,0.00487944,4.18122,-1.1354622450807295,1.698326704155808,0.6349089239748824,3.788607152936225,0.2818181818181818,0.7454545454545455,0.05454545454545454,0.0,0.0,0.0,True,True,True,2,660.0,180.0,0.0,0.0,0.139030595,0.0,1.0,weak_rules_v2,False,hub_offline_or_stale,wait_for_fresh_data,0.203311,0.006506,train
synthetic_high_energy_0084_1774978800000,1774978800000,synthetic_scenario,high_energy,high_energy_0084,2026-03-31T20:40:00+03:00,2026-03-31,synthetic_hourly_summary,20,Tuesday,False,104,26.571,51.758,278.699,42,90,0,1,0,0.405,86.829,115.531,0.042743,319.618,526.431,0.157337,413.01,496.809,0.203311,0.006506,0.032,78.0,22.0,36.0,1,1,1,0,0.076761,0.096892,195.913,223.827,False,False,True,False,False,evening,0.030206,39.07,55.728,0.17310499999999998,373.94,0.14368166666666668,250.779,0.1340878333333333,205.745,0.096892,223.827,0.09831533942540881,191.81719230298395,0.019378400000000004,44.7654,0.076761,195.913,0.01381698,35.26434,5.4916298559220555,4.226098728035492,9.159020277947858,6.156275716488668,0.40384615384615385,0.8653846153846154,0.009615384615384616,0.0,0.0,0.0,False,False,False,2,720.0,240.0,60.0,0.0,0.595,0.0,1.0,weak_rules_v2,True,unusual_same_hour_usage,review_unusual_usage,0.019332,0.000619,train
synthetic_socket_left_on_0292_1774982400000,1774982400000,synthetic_scenario,socket_left_on,socket_left_on_0292,2026-03-31T21:40:00+03:00,2026-03-31,synthetic_hourly_summary,21,Tuesday,False,65,30.233,59.257,517.336,2,50,0,1,9,0.0414,21.81,22.451,0.014657,3.752,5.103,0.002521,28.768,34.712,0.019332,0.000619,0.032,46.0,11.0,58.0,0,1,2,0,0.007789,0.020141,23.415,29.446,False,False,True,False,False,evening,0.203311,413.01,496.809,-0.183979,-384.24199999999996,0.084283,160.28266666666664,0.13021199999999997,203.12383333333335,0.020141,29.446,0.1032245588849863,218.9288961314458,0.0040282,5.889200000000001,0.007789,23.415,0.002,4.2147,-0.20083411945782254,-0.115125993343748,5.771499999999999,1.270078534652526,0.03076923076923077,0.7692307692307693,0.015384615384615385,0.0,0.13846153846153847,0.0,False,False,False,1,0.0,300.0,0.0,60.0,0.137885024,0.576640488449158,0.423359511550842,weak_rules_v2,True,socket_left_on,turn_off_unused_socket,0.171446,0.005486,train
synthetic_high_energy_0084_1774982400000,1774982400000,synthetic_scenario,high_energy,high_energy_0084,2026-03-31T21:40:00+03:00,2026-03-31,synthetic_hourly_summary,21,Tuesday,False,64,28.751,49.842,746.979,44,33,0,0,0,0.6937,51.147,97.38,0.041284,161.257,217.116,0.130162,212.404,334.129,0.171446,0.005486,0.032,31.0,38.0,24.0,1,1,3,0,0.077619,0.093632,90.495,95.104,False,False,True,False,False,evening,0.019332,28.768,34.712,0.152114,183.636,0.13136299999999998,218.06066666666666,0.1518373333333333,229.78566666666669,0.093632,95.104,0.09832117410303849,192.1834463457592,0.0187264,19.0208,0.077619,90.495,0.013971419999999998,16.2891,4.155310150375938,6.1669330417227455,6.71563806685362,7.48408444911014,0.6875,0.515625,0.0,0.0,0.0,0.0,False,False,False,2,60.0,360.0,60.0,0.0,0.3063,0.0,1.0,weak_rules_v2,True,unusual_same_hour_usage,review_unusual_usage,0.041388,0.001324,train
synthetic_socket_left_on_0292_1774986000000,1774986000000,synthetic_scenario,socket_left_on,socket_left_on_0292,2026-03-31T22:40:00+03:00,2026-03-31,synthetic_hourly_summary,22,Tuesday,False,137,29.075,55.699,383.262,12,110,0,10,0,0.0913,57.826,82.849,0.038905,2.999,4.006,0.002018,61.516,82.557,0.041388,0.001324,0.032,26.0,47.0,63.0,0,1,2,0,0.037667,0.015515,65.265,43.06,False,False,False,False,False,night,0.171446,212.404,334.129,-0.13005799999999998,-150.888,0.07738866666666666,100.896,0.11053516666666663,175.8375,0.015515,43.06,0.08219916817908401,97.94709502583595,0.003103,8.612,0.037667,65.265,0.006780059999999999,11.7477,8.338059941991622,2.143056200650255,0.5488152022253494,-0.3191262970624039,0.08759124087591241,0.8029197080291971,0.072992700729927,0.0,0.0,0.0,False,False,False,1,0.0,420.0,0.0,60.0,0.27949794599999994,0.8936245676458654,0.10637543235413464,weak_rules_v2,True,socket_left_on,turn_off_unused_socket,0.021117,0.000676,train
synthetic_socket_left_on_0292_1774989600000,1774989600000,synthetic_scenario,socket_left_on,socket_left_on_0292,2026-03-31T23:40:00+03:00,2026-03-31,synthetic_hourly_summary,23,Tuesday,False,47,27.334,57.944,40.0,0,10,0,4,0,0.0,39.528,49.755,0.020338,0.0,0.0,0.0,41.042,50.36,0.021117,0.000676,0.032,33.0,27.0,18.0,0,1,0,0,0.019828,0.018723,24.927,41.783,True,False,False,False,True,night,0.041388,61.516,82.557,-0.020271,-20.473999999999997,0.07798366666666666,104.98733333333332,0.0811333333333333,132.63500000000002,0.018723,41.783,0.08157287646229805,93.58713254146355,0.0037446000000000003,8.3566,0.019828,24.927,0.0035690399999999995,4.48686,0.6393206216952412,-0.0886724265849747,0.3611615448411904,3.5915985789616798,0.0,0.2127659574468085,0.0851063829787234,0.0,0.0,60.0,False,False,False,1,0.0,480.0,0.0,120.0,0.20521,0.0,1.0,weak_rules_v2,True,socket_left_on,turn_off_unused_socket,0.023957,0.000767,train
synthetic_socket_left_on_0292_1774993200000,1774993200000,synthetic_scenario,socket_left_on,socket_left_on_0292,2026-04-01T00:40:00+03:00,2026-04-01,synthetic_hourly_summary,0,Wednesday,False,57,28.416,65.02,394.937,4,40,0,5,0,0.0762,28.91,50.368,0.022957,1.26,1.903,0.001,30.17,39.992,0.023957,0.000767,0.032,65.0,70.0,47.0,0,1,2,0,0.018307,0.01358,22.556,19.713,True,False,False,False,True,night,0.021117,41.042,50.36,0.0028399999999999988,-10.872,0.028820666666666665,44.24266666666667,0.08009183333333329,131.15166666666667,0.01358,19.713,0.01097587355673053,15.916222206715634,0.002716,3.9426000000000005,0.018307,22.556,0.00329526,4.06008,3.820692194403534,2.65231065794146,1.7145839781989884,1.8753325057634334,0.07017543859649122,0.7017543859649122,0.08771929824561403,0.0,0.0,0.0,False,False,False,1,0.0,540.0,0.0,180.0,0.13935523,0.37488916474552225,0.6251108352544777,weak_rules_v2,True,socket_left_on,turn_off_unused_socket,0.046115,0.001476,train
synthetic_stale_data_0146_1775032800000,1775032800000,synthetic_scenario,stale_data,stale_data_0146,2026-04-01T11:40:00+03:00,2026-04-01,synthetic_hourly_summary,11,Wednesday,False,51,29.144,51.081,346.333,15,29,0,5,0,0.3014,22.526,29.922,0.019069,31.949,45.733,0.027046,54.475,75.673,0.046115,0.001476,0.032,1117.0,1341.0,43.0,1,1,1,0,0.019484,0.032269,34.564,56.706,False,True,False,True,False,morning,0.023957,30.17,39.992,0.022158000000000004,24.305,0.03039633333333333,41.89566666666667,0.053892499999999954,71.39583333333336,0.032269,56.706,0.013686627098497885,12.174966789833604,0.0064538,11.3412,0.019484,34.564,0.0035071200000000003,6.22152,2.1454027084818255,-0.19671639685394857,7.593409977417368,3.2003433244609036,0.29411764705882354,0.5686274509803921,0.09803921568627451,0.0,0.0,0.0,True,True,False,2,60.0,600.0,0.0,0.0,0.19028117500000002,0.0,1.0,weak_rules_v2,False,possible_sensor_stale,check_sensor_connection,0.016452,0.000526,train
synthetic_stale_data_0146_1775036400000,1775036400000,synthetic_scenario,stale_data,stale_data_0146,2026-04-01T12:40:00+03:00,2026-04-01,synthetic_hourly_summary,12,Wednesday,False,115,28.87,51.666,74.667,32,33,0,5,0,0.2854,12.288,18.271,0.010071,0.0,0.0,0.0,20.074,25.134,0.016452,0.000526,0.032,823.0,994.0,56.0,0,1,3,0,0.016651,0.009734,11.598,13.323,False,False,False,True,False,afternoon,0.046115,54.475,75.673,-0.029663000000000002,-34.400999999999996,0.028841333333333333,34.906333333333336,0.053412499999999946,69.94683333333334,0.009734,13.323,0.015422902655899004,17.68281200300339,0.002,3.0,0.016651,11.598,0.00299718,3.0,3.359000000000001,2.2503333333333337,-0.06639574533394652,2.8253333333333335,0.2782608695652174,0.28695652173913044,0.043478260869565216,0.0,0.0,0.0,True,True,False,1,0.0,660.0,0.0,0.0,0.071724402,0.058222222222222175,0.9417777777777778,weak_rules_v2,False,possible_sensor_stale,check_sensor_connection,0.014401,0.000461,train
synthetic_stale_data_0146_1775040000000,1775040000000,synthetic_scenario,stale_data,stale_data_0146,2026-04-01T13:40:00+03:00,2026-04-01,synthetic_hourly_summary,13,Wednesday,False,165,25.253,50.202,580.379,65,131,0,19,0,0.3943,21.041,38.312,0.007646,18.588,25.407,0.006755,39.629,61.578,0.014401,0.000461,0.032,656.0,1764.0,31.0,1,1,2,0,0.010253,0.007882,29.606,40.541,False,False,False,True,False,afternoon,0.016452,20.074,25.134,-0.0020510000000000007,19.554999999999996,0.025655999999999998,38.059333333333335,0.027238333333333285,41.15100000000002,0.007882,40.541,0.017747666353636556,17.254132558131005,0.002,8.1082,0.010253,29.606,0.002,5.32908,3.2595,-0.11247872524111381,2.0740000000000003,1.8808124479272212,0.3939393939393939,0.793939393939394,0.11515151515151516,0.0,0.0,0.0,True,True,False,2,60.0,720.0,0.0,0.0,0.1200164265,0.3730625173575929,0.6269374826424071,weak_rules_v2,False,possible_sensor_stale,check_sensor_connection,0.010264,0.000328,train
synthetic_stale_data_0146_1775043600000,1775043600000,synthetic_scenario,stale_data,stale_data_0146,2026-04-01T14:40:00+03:00,2026-04-01,synthetic_hourly_summary,14,Wednesday,False,127,26.157,32.752,672.769,34,41,0,8,0,0.2718,14.294,22.038,0.010264,0.0,0.0,0.0,14.294,19.404,0.010264,0.000328,0.032,885.0,1600.0,76.0,0,1,3,0,0.007273,0.010674,13.364,6.598,False,False,False,True,False,afternoon,0.014401,39.629,61.578,-0.004137,-25.334999999999997,0.013705666666666665,24.665666666666667,0.022050999999999956,33.28066666666669,0.010674,6.598,0.00315205525543822,13.276976626234404,0.0021348,3.0,0.007273,13.364,0.002,3.0,-0.1920554618699639,2.5653333333333337,1.4955000000000003,0.3099999999999999,0.2677165354330709,0.3228346456692913,0.06299212598425197,0.0,0.0,0.0,True,True,False,1,0.0,780.0,0.0,0.0,0.052044454000000004,0.8966666666666667,0.10333333333333329,weak_rules_v2,False,possible_sensor_stale,check_sensor_connection,0.212079,0.006787,train
synthetic_power_spike_0179_1775047200000,1775047200000,synthetic_scenario,power_spike,power_spike_0179,2026-04-01T15:40:00+03:00,2026-04-01,synthetic_hourly_summary,15,Wednesday,False,77,27.848,42.453,429.987,32,57,0,4,0,0.4162,192.504,233.897,0.102261,203.98,262.181,0.108357,399.233,487.632,0.212079,0.006787,0.032,68.0,47.0,25.0,1,1,3,0,0.093736,0.096087,209.548,185.269,False,False,False,True,False,afternoon,0.010264,14.294,19.404,0.201815,384.939,0.07891466666666666,151.052,0.053877999999999954,92.97916666666669,0.096087,185.269,0.11534224484694815,215.30402255183265,0.019217400000000003,37.0538,0.093736,209.548,0.01687248,37.71864,6.035780074307657,5.774414499997301,7.013965937431841,5.028945900488459,0.4155844155844156,0.7402597402597403,0.05194805194805195,0.0,0.0,0.0,False,False,False,2,60.0,840.0,60.0,0.0,0.5838,0.0,1.0,weak_rules_v2,True,unusual_same_hour_usage,review_unusual_usage,0.369312,0.011818,train
synthetic_power_spike_0179_1775050800000,1775050800000,synthetic_scenario,power_spike,power_spike_0179,2026-04-01T16:40:00+03:00,2026-04-01,synthetic_hourly_summary,16,Wednesday,False,93,26.237,43.011,342.13,57,54,0,4,0,0.6136,152.006,176.564,0.159606,199.72,272.102,0.209706,351.726,351.726,0.369312,0.011818,0.032,47.0,56.0,21.0,1,1,0,0,0.174003,0.159631,196.843,121.681,False,False,False,True,False,afternoon,0.212079,399.233,487.632,0.15723299999999998,-47.507000000000005,0.1972183333333333,255.08433333333332,0.11143716666666663,146.5718333333334,0.159631,121.681,0.17998471084048592,209.8790538198923,0.0319262,24.3362,0.174003,196.843,0.031320539999999994,35.43174,6.567677957288996,9.452790493174776,6.235812026229434,4.371306630721495,0.6129032258064516,0.5806451612903226,0.043010752688172046,0.0,0.0,0.0,False,False,False,2,120.0,900.0,120.0,0.0,0.38639999999999997,0.0,1.0,weak_rules_v2,True,unusual_same_hour_usage,review_unusual_usage,0.268291,0.008585,train
synthetic_power_spike_0179_1775054400000,1775054400000,synthetic_scenario,power_spike,power_spike_0179,2026-04-01T17:40:00+03:00,2026-04-01,synthetic_hourly_summary,17,Wednesday,False,124,26.064,63.372,303.432,84,33,0,10,0,0.6806,149.759,195.135,0.115312,198.678,254.341,0.152979,348.437,377.309,0.268291,0.008585,0.032,44.0,66.0,54.0,1,1,1,0,0.089896,0.112236,148.897,160.42,False,False,True,True,False,evening,0.369312,351.726,351.726,-0.10102099999999997,-3.2889999999999873,0.2832273333333333,366.4653333333333,0.14846649999999995,195.56550000000004,0.112236,160.42,0.07967355026816199,28.425241675896086,0.0224472,32.083999999999996,0.089896,148.897,0.01618128,26.80146,6.952092020385616,5.8601483605535485,11.024776779092878,7.4451167958760465,0.6774193548387096,0.2661290322580645,0.08064516129032258,0.0,0.0,0.0,False,False,False,2,180.0,960.0,180.0,0.0,0.3194,0.0,1.0,weak_rules_v2,True,unusual_same_hour_usage,review_unusual_usage,0.391036,0.012513,train
synthetic_power_spike_0179_1775058000000,1775058000000,synthetic_scenario,power_spike,power_spike_0179,2026-04-01T18:40:00+03:00,2026-04-01,synthetic_hourly_summary,18,Wednesday,False,156,27.99,42.839,428.844,102,20,0,3,0,0.6556,170.113,227.943,0.156937,246.519,375.573,0.227425,423.867,423.867,0.391036,0.012513,0.032,12.0,44.0,14.0,1,1,0,0,0.207526,0.12643,182.294,170.126,False,False,True,False,False,evening,0.268291,348.437,377.309,0.12274499999999999,75.43,0.3428796666666667,374.67666666666673,0.2108971666666666,262.8643333333334,0.12643,170.126,0.06550255674653725,42.63180796462997,0.025286,34.025200000000005,0.207526,182.294,0.037354679999999994,32.81292,10.464525824566955,7.457443306725603,4.9126374526565355,7.362130526634021,0.6538461538461539,0.1282051282051282,0.019230769230769232,0.0,0.0,0.0,False,False,False,2,240.0,1020.0,240.0,0.0,0.34440000000000004,0.0,1.0,weak_rules_v2,True,unusual_same_hour_usage,review_unusual_usage,0.032187,0.00103,train
synthetic_hub_offline_0187_1775072400000,1775072400000,synthetic_scenario,hub_offline,hub_offline_0187,2026-04-01T22:40:00+03:00,2026-04-01,synthetic_hourly_summary,22,Wednesday,False,105,31.242,63.13,315.92,74,58,0,10,15,0.7135,14.789,16.466,0.006095,63.309,86.581,0.026092,78.099,87.014,0.032187,0.00103,0.032,942.0,211.0,2916.0,1,1,2,0,0.025917,0.034681,64.927,32.729,False,False,False,False,False,night,0.391036,423.867,423.867,-0.358849,-345.76800000000003,0.23050466666666666,283.4676666666667,0.21386149999999995,269.276,0.034681,32.729,0.18238422749879812,181.80934563804257,0.0069362,6.5458,0.025917,64.927,0.0046650599999999995,11.686860000000001,-0.35956287304287593,6.931161966451771,1.3440341603323434,1.1270777608356732,0.7047619047619048,0.5523809523809524,0.09523809523809523,0.0,0.14285714285714285,0.0,True,True,True,2,300.0,1080.0,0.0,0.0,0.1118768175,0.6243074130547757,0.3756925869452244,weak_rules_v2,False,hub_offline_or_stale,wait_for_fresh_data,0.025055,0.000802,train
synthetic_hub_offline_0187_1775076000000,1775076000000,synthetic_scenario,hub_offline,hub_offline_0187,2026-04-01T23:40:00+03:00,2026-04-01,synthetic_hourly_summary,23,Wednesday,False,131,27.301,53.96,291.844,24,82,0,10,0,0.1874,17.365,23.654,0.009824,19.747,25.576,0.011172,44.287,53.905,0.025055,0.000802,0.032,1230.0,729.0,3300.0,1,1,2,0,0.020135,0.018896,28.224,54.671,True,False,False,False,True,night,0.032187,78.099,87.014,-0.0071319999999999995,-33.812000000000005,0.149426,182.08433333333335,0.21632666666666664,274.27483333333333,0.018896,54.671,0.20927078255456497,210.07131232353785,0.0037792,10.9342,0.020135,28.224,0.0036243,5.0803199999999995,1.6297099915325999,-0.9496808179839403,1.3575035179207022,3.161808704963467,0.183206106870229,0.6259541984732825,0.07633587786259542,0.0,0.0,0.0,True,True,True,2,360.0,1140.0,0.0,60.0,0.179938081,0.0,1.0,weak_rules_v2,False,hub_offline_or_stale,wait_for_fresh_data,0.026172,0.000838,train
synthetic_hub_offline_0187_1775079600000,1775079600000,synthetic_scenario,hub_offline,hub_offline_0187,2026-04-02T00:40:00+03:00,2026-04-02,synthetic_hourly_summary,0,Thursday,False,87,26.777,40.807,303.613,15,51,0,7,0,0.1744,10.192,15.343,0.006356,27.065,36.204,0.016878,41.969,57.228,0.026172,0.000838,0.032,527.0,1434.0,758.0,1,1,3,0,0.017365,0.019025,44.537,25.783,True,False,False,False,True,night,0.025055,44.287,53.905,0.001117,-2.317999999999998,0.02780466666666667,54.785000000000004,0.18534216666666659,214.73083333333338,0.019025,25.783,0.003836086069596255,20.22375405309941,0.0038050000000000002,5.156600000000001,0.017365,44.537,0.0031256999999999995,8.01666,1.878318002628121,3.1388899662568353,2.817608855616343,-0.3203329067217517,0.1724137931034483,0.5862068965517241,0.08045977011494253,0.0,0.0,0.0,True,True,True,2,420.0,1200.0,0.0,120.0,0.173248032,0.8932223644260828,0.10677763557391723,weak_rules_v2,False,hub_offline_or_stale,wait_for_fresh_data,0.047178,0.00151,train
synthetic_hub_offline_0187_1775083200000,1775083200000,synthetic_scenario,hub_offline,hub_offline_0187,2026-04-02T01:40:00+03:00,2026-04-02,synthetic_hourly_summary,1,Thursday,False,68,27.538,52.572,522.744,0,53,0,1,0,0.0,0.0,0.0,0.0,47.341,63.037,0.047178,47.341,69.001,0.047178,0.00151,0.032,568.0,818.0,2015.0,1,0,3,0,0.028478,0.046853,16.533,27.961,True,False,False,False,True,night,0.026172,41.969,57.228,0.021005999999999997,5.372,0.032801666666666666,44.532333333333334,0.13165316666666663,164.00000000000003,0.046853,27.961,0.01246279031089548,2.6943899742991997,0.0093706,5.5922,0.028478,16.533,0.00512604,3.0,0.034682944528631986,3.465541289653446,3.648040202573526,10.269333333333334,0.0,0.7794117647058824,0.014705882352941176,0.0,0.0,60.0,True,True,True,1,480.0,0.0,0.0,180.0,0.236705,0.0,1.0,weak_rules_v2,False,hub_offline_or_stale,wait_for_fresh_data,0.001884,6e-05,train
synthetic_low_usage_normal_0258_1775086800000,1775086800000,synthetic_scenario,low_usage_normal,low_usage_normal_0258,2026-04-02T02:40:00+03:00,2026-04-02,synthetic_hourly_summary,2,Thursday,False,118,24.825,35.61,40.0,24,12,0,9,0,0.2067,1.64,2.196,0.001374,0.609,0.802,0.00051,2.248,3.011,0.001884,6e-05,0.032,30.0,20.0,37.0,0,0,3,0,0.002163,0.002132,1.375,1.469,True,False,False,False,True,night,0.047178,47.341,69.001,-0.045294,-45.093,0.025078000000000003,30.519333333333332,0.08725199999999995,106.30183333333336,0.002132,1.469,0.022666809127003678,24.63058692629199,0.002,3.0,0.002163,1.375,0.002,3.0,-0.12400000000000008,0.2596666666666667,-0.13949999999999999,0.2910000000000001,0.2033898305084746,0.1016949152542373,0.07627118644067797,0.0,0.0,0.0,False,False,False,0,0.0,0.0,0.0,0.0,0.008916692000000002,0.903,0.09700000000000003,weak_rules_v2,False,low_usage_normal,keep_monitoring,0.292108,0.009347,train
synthetic_high_energy_0124_1775090400000,1775090400000,synthetic_scenario,high_energy,high_energy_0124,2026-04-02T03:40:00+03:00,2026-04-02,synthetic_hourly_summary,3,Thursday,False,74,28.619,44.584,511.753,61,13,0,2,0,0.8369,85.553,137.036,0.079549,228.433,306.664,0.212401,314.156,452.386,0.292108,0.009347,0.032,58.0,26.0,79.0,1,1,1,0,0.11115,0.134274,134.046,150.698,True,False,False,False,True,night,0.001884,2.248,3.011,0.290224,311.908,0.11372333333333333,121.24833333333333,0.07076399999999995,88.0166666666667,0.134274,150.698,0.15613681047508735,168.57749125056253,0.0268548,30.1396,0.11115,134.046,0.020007,24.128279999999997,5.877310573901126,5.423363282857105,9.044734342979956,7.464684594177457,0.8243243243243243,0.17567567567567569,0.02702702702702703,0.0,0.0,0.0,False,False,False,2,60.0,60.0,60.0,0.0,0.16310000000000002,0.0,1.0,weak_rules_v2,True,unusual_same_hour_usage,review_unusual_usage,0.001156,3.7e-05,train
synthetic_low_usage_normal_0258_1775090400000,1775090400000,synthetic_scenario,low_usage_normal,low_usage_normal_0258,2026-04-02T03:40:00+03:00,2026-04-02,synthetic_hourly_summary,3,Thursday,False,115,23.745,52.499,40.0,17,81,0,0,0,0.148,0.0,0.0,0.0,0.0,0.0,0.0,2.863,4.45,0.001156,3.7e-05,0.032,29.0,10.0,50.0,0,0,2,0,0.002,0.002,2.505,1.27,True,False,False,False,True,night,0.292108,314.156,452.386,-0.290952,-311.293,0.09838266666666666,106.42233333333333,0.0655921666666666,75.47733333333336,0.002,1.27,0.16777145489424994,179.90289535283614,0.002,3.0,0.002,2.505,0.002,3.0,-0.42200000000000004,0.531,-0.42200000000000004,0.11933333333333336,0.14782608695652175,0.7043478260869566,0.0,0.0,0.0,0.0,False,False,False,0,0.0,0.0,0.0,60.0,0.01219638,0.9602222222222222,0.03977777777777779,weak_rules_v2,False,low_usage_normal,keep_monitoring,0.001857,5.9e-05,train
synthetic_low_usage_normal_0258_1775094000000,1775094000000,synthetic_scenario,low_usage_normal,low_usage_normal_0258,2026-04-02T04:40:00+03:00,2026-04-02,synthetic_hourly_summary,4,Thursday,False,121,28.257,52.634,464.326,54,65,0,2,0,0.4522,0.0,0.0,0.0,1.214,1.65,0.001129,1.996,2.296,0.001857,5.9e-05,0.032,56.0,26.0,87.0,0,0,3,0,0.002,0.002,1.0,1.0,True,False,False,False,True,night,0.001156,2.863,4.45,0.000701,-0.867,0.09837366666666665,106.33833333333332,0.06172583333333328,68.42883333333336,0.002,1.0,0.1677792203591772,179.97590076544557,0.002,3.0,0.002,1.0,0.002,3.0,-0.07150000000000005,0.332,-0.07150000000000005,0.332,0.4462809917355372,0.5371900826446281,0.01652892561983471,0.0,0.0,0.0,False,False,False,0,0.0,0.0,0.0,0.0,0.005467044,0.8893333333333333,0.11066666666666668,weak_rules_v2,False,low_usage_normal,keep_monitoring,0.191919,0.006141,train
synthetic_high_energy_0124_1775094000000,1775094000000,synthetic_scenario,high_energy,high_energy_0124,2026-04-02T04:40:00+03:00,2026-04-02,synthetic_hourly_summary,4,Thursday,False,100,32.618,49.161,416.647,13,29,0,2,15,0.1377,108.789,133.784,0.042145,382.69,433.241,0.148256,495.396,542.604,0.191919,0.006141,0.032,20.0,32.0,66.0,1,1,3,0,0.068183,0.083082,252.624,206.581,True,False,False,False,True,night,0.001857,1.996,2.296,0.190062,493.40000000000003,0.06497733333333333,166.75166666666667,0.08935033333333327,144.00000000000003,0.083082,206.581,0.10993526687252526,284.6146716111688,0.0166164,41.3162,0.068183,252.624,0.012272939999999998,45.472319999999996,6.549974723766881,6.990357293265112,10.082017837616743,5.338896277999452,0.13,0.29,0.02,0.0,0.15,0.0,False,False,False,2,60.0,60.0,60.0,60.0,0.8623000000000001,0.0,1.0,weak_rules_v2,True,ac_running_empty_room,turn_off_or_adjust_ac,0.365622,0.0117,train
synthetic_high_energy_0124_1775097600000,1775097600000,synthetic_scenario,high_energy,high_energy_0124,2026-04-02T05:40:00+03:00,2026-04-02,synthetic_hourly_summary,5,Thursday,False,118,26.874,53.009,377.227,81,106,0,11,0,0.6944,46.191,66.13,0.047766,306.268,340.741,0.316709,353.569,565.222,0.365622,0.0117,0.032,39.0,49.0,73.0,1,1,3,0,0.145193,0.189689,151.961,173.954,True,True,False,False,True,morning,0.191919,495.396,542.604,0.173703,-141.827,0.18646600000000002,283.65366666666665,0.1424243333333333,195.038,0.189689,173.954,0.18194379685221482,254.02166320283249,0.0379378,34.790800000000004,0.145193,151.961,0.026134739999999997,27.352980000000002,4.637406491678484,5.162715430516113,8.434329172587905,7.370604592260148,0.6864406779661016,0.8983050847457628,0.09322033898305085,0.0,0.0,0.0,False,False,False,2,120.0,120.0,120.0,0.0,0.3056,0.0,1.0,weak_rules_v2,True,unusual_same_hour_usage,review_unusual_usage,0.00224,7.2e-05,train
synthetic_low_usage_normal_0258_1775097600000,1775097600000,synthetic_scenario,low_usage_normal,low_usage_normal_0258,2026-04-02T05:40:00+03:00,2026-04-02,synthetic_hourly_summary,5,Thursday,False,66,24.683,49.166,118.529,21,60,0,6,0,0.3234,0.19,0.251,0.000123,0.035,0.036,2.2e-05,3.447,4.163,0.00224,7.2e-05,0.032,40.0,10.0,19.0,0,0,1,0,0.002,0.002,3.665,3.658,True,True,False,False,True,morning,0.365622,353.569,565.222,-0.363382,-350.122,0.18659366666666666,284.13733333333334,0.14248366666666662,195.23783333333336,0.002,3.658,0.18174952231665797,253.21734123541626,0.002,3.0,0.002,3.665,0.002,3.0,0.11999999999999988,-0.07033333333333329,0.11999999999999988,-0.07266666666666666,0.3181818181818182,0.9090909090909091,0.09090909090909091,0.0,0.0,0.0,False,False,False,0,0.0,0.0,0.0,0.0,0.011661201,0.9757777777777777,0.024222222222222218,weak_rules_v2,False,low_usage_normal,keep_monitoring,0.052799,0.00169,train
synthetic_stale_data_0156_1775097600000,1775097600000,synthetic_scenario,stale_data,stale_data_0156,2026-04-02T05:40:00+03:00,2026-04-02,synthetic_hourly_summary,5,Thursday,False,82,30.486,65.31,798.465,44,42,0,3,12,0.5395,16.778,25.02,0.013293,49.865,68.684,0.039506,66.644,115.963,0.052799,0.00169,0.032,353.0,413.0,22.0,1,1,0,0,0.036765,0.047302,26.485,63.888,True,True,False,False,True,morning,0.00224,3.447,4.163,0.050559,63.197,0.14022033333333334,141.22,0.10259883333333329,153.98583333333337,0.047302,63.888,0.19683365215921123,186.59458339673233,0.0094604,12.7776,0.036765,26.485,0.0066177,4.7673,0.5810536552365652,0.21568995742549518,2.4228961723861766,8.42384578272817,0.5365853658536586,0.5121951219512195,0.036585365853658534,0.0,0.14634146341463414,0.0,True,True,False,2,60.0,60.0,0.0,0.0,0.15344781000000002,0.0,1.0,weak_rules_v2,False,possible_sensor_stale,check_sensor_connection,0.331653,0.010613,train
synthetic_high_energy_0124_1775101200000,1775101200000,synthetic_scenario,high_energy,high_energy_0124,2026-04-02T06:40:00+03:00,2026-04-02,synthetic_hourly_summary,6,Thursday,False,140,24.703,48.993,339.485,117,69,0,12,0,0.8407,81.199,97.997,0.0673,318.948,349.073,0.264353,400.148,511.82,0.331653,0.010613,0.032,5.0,50.0,32.0,1,1,3,0,0.207283,0.197575,160.417,199.002,False,True,False,False,False,morning,0.052799,66.644,115.963,0.278854,333.504,0.12889733333333334,156.74633333333335,0.1576816666666666,220.20000000000005,0.197575,199.002,0.1774019402214456,213.14723480339455,0.039515,39.8004,0.207283,160.417,0.03731094,28.875059999999998,3.393091231178033,5.05386880533864,3.3333386936914478,8.302355042725454,0.8357142857142857,0.4928571428571429,0.08571428571428572,0.0,0.0,0.0,False,False,False,2,120.0,120.0,60.0,0.0,0.1593,0.0,1.0,weak_rules_v2,True,unusual_same_hour_usage,review_unusual_usage,0.073289,0.002345,train
synthetic_ac_left_on_0111_1775101200000,1775101200000,synthetic_scenario,ac_left_on,ac_left_on_0111,2026-04-02T06:40:00+03:00,2026-04-02,synthetic_hourly_summary,6,Thursday,False,101,28.843,53.399,276.865,10,30,0,9,0,0.1037,6.916,7.499,0.003627,132.836,138.17,0.069662,139.751,173.67,0.073289,0.002345,0.032,18.0,37.0,26.0,1,0,2,0,0.046048,0.084584,109.823,89.673,False,True,False,False,False,morning,0.331653,400.148,511.82,-0.258364,-260.39700000000005,0.15258033333333332,202.181,0.16958699999999996,243.15916666666672,0.084584,89.673,0.15541951288475123,175.29791264872497,0.016916800000000003,17.9346,0.046048,109.823,0.00828864,19.76814,-0.6676794665657806,2.7922563090339345,3.28654640568296,1.5139512366869121,0.09900990099009901,0.297029702970297,0.0891089108910891,0.0,0.0,0.0,False,False,False,1,180.0,0.0,120.0,60.0,0.6262941065000001,0.49534958777102933,0.5046504122289707,weak_rules_v2,True,ac_running_empty_room,turn_off_or_adjust_ac,0.060891,0.001949,train
synthetic_stale_data_0156_1775101200000,1775101200000,synthetic_scenario,stale_data,stale_data_0156,2026-04-02T06:40:00+03:00,2026-04-02,synthetic_hourly_summary,6,Thursday,False,46,27.753,53.003,415.647,4,14,0,3,0,0.0884,5.462,6.944,0.003466,90.482,136.563,0.057425,95.943,156.219,0.060891,0.001949,0.032,883.0,1515.0,18.0,1,0,0,0,0.044599,0.06309,87.054,87.958,False,True,False,False,False,morning,0.073289,139.751,173.67,-0.012398000000000006,-43.80800000000001,0.15527766666666667,211.94733333333332,0.14774899999999996,176.5836666666667,0.06309,87.958,0.15287125713270414,164.45182703859916,0.012617999999999999,17.5916,0.044599,87.054,0.00802782,15.66972,-0.1742748454588677,0.4539098205961936,2.0294426133122068,0.5672724209494487,0.08695652173913043,0.30434782608695654,0.06521739130434782,0.0,0.0,0.0,True,True,False,1,240.0,0.0,0.0,120.0,0.437308194,0.8109091930168504,0.1890908069831496,weak_rules_v2,False,possible_sensor_stale,check_sensor_connection,0.022686,0.000726,train
synthetic_stale_data_0156_1775104800000,1775104800000,synthetic_scenario,stale_data,stale_data_0156,2026-04-02T07:40:00+03:00,2026-04-02,synthetic_hourly_summary,7,Thursday,False,133,27.93,39.353,569.798,62,62,0,1,0,0.4699,5.245,9.488,0.004022,19.33,32.898,0.014822,29.587,44.893,0.022686,0.000726,0.032,320.0,569.0,69.0,1,0,3,0,0.012114,0.015877,18.027,22.566,False,True,False,False,False,morning,0.060891,95.943,156.219,-0.038205,-66.356,0.05228866666666667,88.427,0.09059299999999997,122.5866666666667,0.015877,22.566,0.026375481158329044,55.465254132656256,0.0031754,4.5132,0.012114,18.027,0.00218052,3.24486,2.144296781507842,1.5556589559514313,4.848384788949425,3.5625573984701955,0.46616541353383456,0.46616541353383456,0.007518796992481203,0.0,0.0,0.0,True,True,False,1,300.0,0.0,0.0,0.0,0.0784203435,0.0,1.0,weak_rules_v2,False,possible_sensor_stale,check_sensor_connection,0.159788,0.005113,train
synthetic_ac_left_on_0111_1775104800000,1775104800000,synthetic_scenario,ac_left_on,ac_left_on_0111,2026-04-02T07:40:00+03:00,2026-04-02,synthetic_hourly_summary,7,Thursday,False,55,26.507,29.278,363.497,0,24,0,5,0,0.0058,0.681,0.886,0.000482,218.015,240.538,0.154318,225.743,277.196,0.159788,0.005113,0.032,42.0,33.0,86.0,1,0,3,0,0.114922,0.17873,168.401,198.667,False,True,False,False,False,morning,0.022686,29.587,44.893,0.137102,196.156,0.08112166666666666,117.09100000000001,0.11685099999999997,159.63600000000005,0.17873,198.667,0.07075450166832756,99.77335572185645,0.035746,39.7334,0.114922,168.401,0.02068596,30.31218,-0.529905443965758,0.681441809661393,2.1689107007844943,1.8917148156285686,0.0,0.43636363636363634,0.09090909090909091,0.0,0.0,60.0,False,False,False,1,360.0,0.0,60.0,60.0,0.9942,0.3694283947904772,0.6305716052095228,weak_rules_v2,True,ac_running_empty_room,turn_off_or_adjust_ac,0.127715,0.004087,train
synthetic_ac_left_on_0111_1775108400000,1775108400000,synthetic_scenario,ac_left_on,ac_left_on_0111,2026-04-02T08:40:00+03:00,2026-04-02,synthetic_hourly_summary,8,Thursday,False,168,28.393,54.745,204.253,3,165,0,10,0,0.022,0.0,0.0,0.0,172.919,250.156,0.126086,175.153,218.688,0.127715,0.004087,0.032,29.0,69.0,57.0,1,0,2,0,0.120996,0.125434,122.72,159.601,False,True,False,True,False,morning,0.159788,225.743,277.196,-0.03207300000000002,-50.59,0.10339633333333335,143.49433333333334,0.12933699999999995,177.7208333333334,0.125434,159.601,0.0717132328258416,101.83809437206396,0.0250868,31.9202,0.120996,122.72,0.02177928,22.089599999999997,0.09092431079292716,0.4872149923872655,0.30850422970823593,2.3736509488628132,0.017857142857142856,0.9821428571428571,0.05952380952380952,0.0,0.0,0.0,False,False,False,1,420.0,0.0,120.0,120.0,0.8564981699999998,0.20878301704572888,0.7912169829542711,weak_rules_v2,True,ac_running_empty_room,turn_off_or_adjust_ac,0.010082,0.000323,train
synthetic_stale_data_0156_1775108400000,1775108400000,synthetic_scenario,stale_data,stale_data_0156,2026-04-02T08:40:00+03:00,2026-04-02,synthetic_hourly_summary,8,Thursday,False,69,24.004,54.2,237.799,26,65,0,5,0,0.3848,13.076,18.23,0.007594,0.0,0.0,0.0,17.36,19.645,0.010082,0.000323,0.032,253.0,606.0,62.0,0,1,1,0,0.00818,0.010086,14.461,12.05,False,True,False,True,False,morning,0.127715,175.153,218.688,-0.11763299999999999,-157.793,0.09919500000000002,139.41866666666667,0.07574183333333329,113.92283333333336,0.010086,12.05,0.07882267699716898,108.69027374302361,0.0020172,3.0,0.00818,14.461,0.002,3.0,-0.0019829466587342835,1.7699999999999996,0.9510000000000004,0.966333333333333,0.37681159420289856,0.9420289855072463,0.07246376811594203,0.0,0.0,0.0,True,True,False,1,0.0,60.0,0.0,0.0,0.05339936,0.677888888888889,0.322111111111111,weak_rules_v2,False,possible_sensor_stale,check_sensor_connection,0.141794,0.004537,train
synthetic_ac_left_on_0111_1775112000000,1775112000000,synthetic_scenario,ac_left_on,ac_left_on_0111,2026-04-02T09:40:00+03:00,2026-04-02,synthetic_hourly_summary,9,Thursday,False,164,27.833,52.688,523.017,15,149,0,9,0,0.0924,14.177,15.885,0.008557,217.839,226.726,0.131483,234.921,301.807,0.141794,0.004537,0.032,43.0,59.0,32.0,1,1,1,0,0.111085,0.13412,246.279,181.72,False,True,False,True,False,morning,0.010082,17.36,19.645,0.131712,217.56099999999998,0.09319700000000002,142.47799999999998,0.0871593333333333,129.7845,0.13412,181.72,0.07232310819509924,112.40079581124002,0.026824,36.344,0.111085,246.279,0.0199953,44.33022,0.28608708619147083,1.4638179616993174,1.5358109155651578,-0.2562134814580213,0.09146341463414634,0.9085365853658537,0.054878048780487805,0.0,0.0,0.0,False,False,False,2,60.0,120.0,60.0,60.0,0.9076,0.9145955061806595,0.08540449381934044,weak_rules_v2,True,ac_running_empty_room,turn_off_or_adjust_ac,0.021194,0.000678,train
synthetic_normal_usage_0170_1775119200000,1775119200000,synthetic_scenario,normal_usage,normal_usage_0170,2026-04-02T11:40:00+03:00,2026-04-02,synthetic_hourly_summary,11,Thursday,False,115,27.026,64.695,463.352,78,94,0,9,0,0.6826,1.468,1.77,0.00125,19.298,31.05,0.016434,24.888,37.434,0.021194,0.000678,0.032,63.0,22.0,31.0,1,0,2,0,0.016392,0.023224,21.827,18.75,False,True,False,True,False,morning,0.141794,234.921,301.807,-0.1206,-210.033,0.05769,92.38966666666666,0.08054316666666662,117.94200000000002,0.023224,18.75,0.0730478011168032,123.49313111397518,0.0046448,3.75,0.016392,21.827,0.00295056,3.9288600000000002,-0.4370478815018947,1.6368000000000005,1.6274876633588202,0.7791064074566159,0.6782608695652174,0.8173913043478261,0.0782608695652174,0.0,0.0,0.0,False,False,False,1,120.0,0.0,0.0,0.0,0.039497256,0.740297864181128,0.25970213581887197,weak_rules_v2,False,normal,keep_monitoring,0.052049,0.001666,train
synthetic_normal_usage_0170_1775122800000,1775122800000,synthetic_scenario,normal_usage,normal_usage_0170,2026-04-02T12:40:00+03:00,2026-04-02,synthetic_hourly_summary,12,Thursday,False,61,31.767,39.131,148.82,41,17,0,0,9,0.6777,18.262,30.956,0.012375,54.555,78.22,0.036969,76.808,108.003,0.052049,0.001666,0.032,46.0,70.0,15.0,1,1,0,0,0.054411,0.048216,34.814,82.787,False,False,False,True,False,afternoon,0.021194,24.888,37.434,0.030854999999999997,51.92,0.071679,112.20566666666667,0.08543699999999994,125.8121666666667,0.048216,82.787,0.06265056005336292,109.39932073067658,0.009643200000000001,16.5574,0.054411,34.814,0.009793979999999999,6.26652,0.3974821635971457,-0.36110742024714015,-0.24116855456106742,6.701327052335269,0.6721311475409836,0.2786885245901639,0.0,0.0,0.14754098360655737,0.0,False,False,False,2,180.0,60.0,0.0,0.0,0.12377609200000003,0.0,1.0,weak_rules_v2,False,sudden_power_spike,reduce_peak_load,0.028597,0.000915,train
synthetic_normal_usage_0170_1775126400000,1775126400000,synthetic_scenario,normal_usage,normal_usage_0170,2026-04-02T13:40:00+03:00,2026-04-02,synthetic_hourly_summary,13,Thursday,False,138,23.407,64.412,294.283,76,46,0,1,0,0.5568,6.975,10.108,0.002441,67.479,93.434,0.023618,81.705,93.159,0.028597,0.000915,0.032,47.0,76.0,89.0,1,0,1,0,0.04147,0.024043,73.131,58.235,False,False,False,True,False,afternoon,0.052049,76.808,108.003,-0.023451999999999997,4.896999999999991,0.03394666666666667,61.13366666666667,0.06357183333333329,101.80583333333334,0.024043,58.235,0.0161081332355233,31.485018919059044,0.0048086,11.647,0.04147,73.131,0.0074646,13.16358,0.9470531963565285,2.0151111874302394,-1.7245398279881037,0.6513425679032603,0.5507246376811594,0.3333333333333333,0.007246376811594203,0.0,0.0,0.0,False,False,False,1,240.0,0.0,0.0,0.0,0.18105828000000002,0.7828858106989133,0.21711418930108675,weak_rules_v2,True,sudden_power_spike,reduce_peak_load,0.044182,0.001414,train
synthetic_normal_usage_0170_1775130000000,1775130000000,synthetic_scenario,normal_usage,normal_usage_0170,2026-04-02T14:40:00+03:00,2026-04-02,synthetic_hourly_summary,14,Thursday,False,130,29.606,36.477,459.387,69,54,0,4,0,0.5347,12.051,21.041,0.008167,50.439,66.991,0.034182,65.194,102.25,0.044182,0.001414,0.032,65.0,39.0,30.0,1,1,2,0,0.025381,0.041031,47.075,45.693,False,False,False,True,False,afternoon,0.028597,81.705,93.159,0.015584999999999998,-16.510999999999996,0.04160933333333333,74.569,0.04964966666666662,83.47933333333337,0.041031,45.693,0.011935788048276054,8.480160434812316,0.0082062,9.1386,0.025381,47.075,0.00456858,8.4735,0.3839779678779461,2.133915479395094,4.1152830857728215,2.1383135658228594,0.5307692307692308,0.4153846153846154,0.03076923076923077,0.0,0.0,0.0,False,False,False,2,300.0,60.0,0.0,0.0,0.15167384100000003,0.2872288113923802,0.7127711886076198,weak_rules_v2,True,unusual_same_hour_usage,review_unusual_usage,0.033307,0.001066,train
synthetic_smoke_gas_0285_1775130000000,1775130000000,synthetic_scenario,smoke_gas,smoke_gas_0285,2026-04-02T14:40:00+03:00,2026-04-02,synthetic_hourly_summary,14,Thursday,False,45,27.194,61.807,370.451,29,25,6,2,0,0.6481,16.873,24.259,0.016422,12.975,13.636,0.012629,34.22,41.364,0.033307,0.001066,0.032,16.0,16.0,47.0,1,1,0,0,0.025626,0.041422,35.311,42.01,False,False,False,True,False,afternoon,0.044182,65.194,102.25,-0.010874999999999996,-30.974000000000004,0.035362,60.37300000000001,0.053520499999999964,86.28933333333337,0.041422,42.01,0.007993142373312062,24.106800637997857,0.0082844,8.402,0.025626,35.311,0.00461268,6.35598,-0.9795519289266569,-0.9271601999523923,1.6651924694537674,-0.17164937586336035,0.6444444444444445,0.5555555555555556,0.044444444444444446,0.13333333333333333,0.0,0.0,False,False,False,2,360.0,120.0,0.0,0.0,0.06021009,0.9427835413788799,0.05721645862112012,weak_rules_v2,False,smoke_gas_safety,check_smoke_gas_sensor,0.018749,0.0006,train
synthetic_smoke_gas_0285_1775133600000,1775133600000,synthetic_scenario,smoke_gas,smoke_gas_0285,2026-04-02T15:40:00+03:00,2026-04-02,synthetic_hourly_summary,15,Thursday,False,154,25.671,42.47,40.0,124,135,4,15,0,0.8068,0.056,0.088,3.9e-05,21.705,29.77,0.015003,27.125,50.384,0.018749,0.0006,0.032,59.0,54.0,12.0,1,0,0,0,0.006428,0.019655,11.555,22.127,False,False,False,True,False,afternoon,0.033307,34.22,41.364,-0.014558000000000005,-7.094999999999999,0.032079333333333335,42.17966666666667,0.03301299999999995,51.656666666666695,0.019655,22.127,0.012760867773524278,20.244243881497034,0.003931,4.4254,0.006428,11.555,0.002,3.0,-0.23047570592724514,1.1293894337235055,6.160499999999999,5.19,0.8051948051948052,0.8766233766233766,0.09740259740259741,0.025974025974025976,0.0,0.0,False,False,False,1,420.0,0.0,0.0,0.0,0.026202750000000004,0.0,1.0,weak_rules_v2,False,smoke_gas_safety,check_smoke_gas_sensor,0.009954,0.000319,train
synthetic_smoke_gas_0285_1775137200000,1775137200000,synthetic_scenario,smoke_gas,smoke_gas_0285,2026-04-02T16:40:00+03:00,2026-04-02,synthetic_hourly_summary,16,Thursday,False,132,26.555,58.027,417.79,116,95,21,0,0,0.8851,13.414,14.908,0.006881,5.989,8.943,0.003072,19.403,23.569,0.009954,0.000319,0.032,14.0,16.0,59.0,0,1,3,0,0.009825,0.010331,14.678,13.44,False,False,False,True,False,afternoon,0.018749,27.125,50.384,-0.008794999999999999,-7.722000000000001,0.02067,26.915999999999997,0.03113966666666662,50.742500000000035,0.010331,13.44,0.011794419570289934,7.410710694678053,0.0020662000000000002,3.0,0.009825,14.678,0.002,3.0,-0.18246055560933142,1.9876666666666665,0.06449999999999945,1.5749999999999993,0.8787878787878788,0.7196969696969697,0.0,0.1590909090909091,0.0,0.0,False,False,False,1,0.0,60.0,0.0,0.0,0.011147023499999999,0.4750000000000002,0.5249999999999998,weak_rules_v2,False,smoke_gas_safety,check_smoke_gas_sensor,0.050025,0.001601,train
synthetic_smoke_gas_0285_1775140800000,1775140800000,synthetic_scenario,smoke_gas,smoke_gas_0285,2026-04-02T17:40:00+03:00,2026-04-02,synthetic_hourly_summary,17,Thursday,False,121,24.542,52.293,319.857,47,45,16,1,0,0.392,14.327,20.331,0.012936,40.957,61.422,0.03698,55.405,73.076,0.050025,0.001601,0.032,28.0,12.0,39.0,1,1,3,0,0.01668,0.031687,17.956,36.17,False,False,True,True,False,evening,0.009954,19.403,23.569,0.040071,36.002,0.026242666666666664,33.977666666666664,0.03080233333333329,47.175333333333356,0.031687,36.17,0.02106033096447848,18.954030741072998,0.0063374,7.234000000000001,0.01668,17.956,0.0030024,3.23208,2.8936156783538993,2.6589715233619016,11.106115107913668,11.586656270884385,0.3884297520661157,0.371900826446281,0.008264462809917356,0.1322314049586777,0.0,0.0,False,False,False,2,60.0,120.0,0.0,0.0,0.1684312,0.0,1.0,weak_rules_v2,False,smoke_gas_safety,check_smoke_gas_sensor,0.308338,0.009867,train
synthetic_high_energy_0174_1775169600000,1775169600000,synthetic_scenario,high_energy,high_energy_0174,2026-04-03T01:40:00+03:00,2026-04-03,synthetic_hourly_summary,1,Friday,True,154,23.503,46.74,452.858,46,69,0,9,0,0.3036,83.668,114.102,0.058617,349.665,413.656,0.244974,440.11,710.295,0.308338,0.009867,0.032,34.0,68.0,45.0,1,1,2,0,0.169532,0.112169,210.422,167.341,True,False,False,False,True,night,0.050025,55.405,73.076,0.258313,384.70500000000004,0.12277233333333333,171.63933333333333,0.07742583333333329,106.90950000000002,0.112169,167.341,0.16194870714004903,233.19822071862677,0.022433800000000004,33.4682,0.169532,210.422,0.030515759999999996,37.87596,8.744350043238326,8.150094716775923,4.548666000781236,6.064215930104479,0.2987012987012987,0.44805194805194803,0.05844155844155844,0.0,0.0,0.0,False,False,False,2,120.0,180.0,60.0,0.0,0.6964,0.0,1.0,weak_rules_v2,True,unusual_same_hour_usage,review_unusual_usage,0.252797,0.00809,train
synthetic_high_energy_0174_1775173200000,1775173200000,synthetic_scenario,high_energy,high_energy_0174,2026-04-03T02:40:00+03:00,2026-04-03,synthetic_hourly_summary,2,Friday,True,92,26.86,39.184,297.628,43,13,0,7,0,0.475,167.391,255.315,0.111429,211.665,327.99,0.140901,379.757,428.273,0.252797,0.00809,0.032,31.0,5.0,54.0,1,1,2,0,0.098687,0.099887,139.739,182.275,True,False,False,False,True,night,0.308338,440.11,710.295,-0.05554100000000001,-60.35300000000001,0.20371999999999998,291.7573333333333,0.11219499999999995,159.3366666666667,0.099887,182.275,0.13596990637269712,206.89958979256875,0.019977400000000003,36.455000000000005,0.098687,139.739,0.017763659999999997,25.15302,7.654149188583097,5.417144424633109,8.675576992579233,9.54231340809175,0.4673913043478261,0.14130434782608695,0.07608695652173914,0.0,0.0,0.0,False,False,False,2,180.0,240.0,120.0,0.0,0.525,0.0,1.0,weak_rules_v2,True,unusual_same_hour_usage,review_unusual_usage,0.43514,0.013924,train
synthetic_high_energy_0174_1775176800000,1775176800000,synthetic_scenario,high_energy,high_energy_0174,2026-04-03T03:40:00+03:00,2026-04-03,synthetic_hourly_summary,3,Friday,True,76,25.872,48.49,161.858,60,50,0,6,0,0.8001,130.629,220.692,0.103873,415.31,433.265,0.330245,547.223,689.9,0.43514,0.013924,0.032,64.0,27.0,64.0,1,1,3,0,0.152186,0.167328,246.834,260.035,True,False,False,False,True,night,0.252797,379.757,428.273,0.18234300000000003,167.46599999999995,0.3320916666666667,455.69666666666666,0.17916716666666663,244.8371666666667,0.167328,260.035,0.09346346838382018,84.81405203345152,0.033465600000000005,52.007000000000005,0.152186,246.834,0.027393479999999998,44.43012,8.00260566073819,5.522102793854671,10.329246229394734,6.760931548237996,0.7894736842105263,0.6578947368421053,0.07894736842105263,0.0,0.0,0.0,False,False,False,2,240.0,300.0,180.0,0.0,0.19989999999999997,0.0,1.0,weak_rules_v2,True,unusual_same_hour_usage,review_unusual_usage,0.14584,0.004667,train
synthetic_high_energy_0174_1775180400000,1775180400000,synthetic_scenario,high_energy,high_energy_0174,2026-04-03T04:40:00+03:00,2026-04-03,synthetic_hourly_summary,4,Friday,True,77,27.658,40.708,401.111,39,58,0,1,0,0.5159,74.552,100.985,0.032664,258.314,258.314,0.113176,332.866,404.442,0.14584,0.004667,0.032,13.0,66.0,75.0,1,1,1,0,0.073505,0.074773,128.279,151.171,True,False,False,False,True,night,0.43514,547.223,689.9,-0.2893,-214.35699999999997,0.2779256666666667,419.94866666666667,0.20034899999999997,295.79400000000004,0.074773,151.171,0.14627785176277835,112.68876791558715,0.014954600000000002,30.2342,0.073505,128.279,0.0132309,23.09022,4.7521832747114585,6.0095851717591335,5.467126197008517,8.8603313437464,0.5064935064935064,0.7532467532467533,0.012987012987012988,0.0,0.0,0.0,False,False,False,2,300.0,360.0,240.0,0.0,0.4841,0.0,1.0,weak_rules_v2,True,unusual_same_hour_usage,review_unusual_usage,0.20146,0.006447,train
synthetic_power_spike_0149_1775187600000,1775187600000,synthetic_scenario,power_spike,power_spike_0149,2026-04-03T06:40:00+03:00,2026-04-03,synthetic_hourly_summary,6,Friday,True,122,28.323,50.901,540.44,47,102,0,11,0,0.388,88.082,102.533,0.062558,192.039,266.398,0.136391,283.658,445.036,0.20146,0.006447,0.032,22.0,64.0,56.0,1,1,2,0,0.067909,0.075735,112.033,150.967,False,True,False,False,False,morning,0.14584,332.866,404.442,0.05562,-49.20799999999997,0.26081333333333334,387.9156666666666,0.23226666666666662,339.83650000000006,0.075735,150.967,0.1535113550631788,140.14091713819022,0.015147,30.193400000000004,0.067909,112.033,0.01222362,20.16594,8.300323496401928,4.394702153450754,10.925650502878854,8.510637242796518,0.38524590163934425,0.8360655737704918,0.09016393442622951,0.0,0.0,0.0,False,False,False,2,360.0,420.0,300.0,0.0,0.612,0.0,1.0,weak_rules_v2,True,unusual_same_hour_usage,review_unusual_usage,0.238437,0.00763,train
synthetic_power_spike_0149_1775191200000,1775191200000,synthetic_scenario,power_spike,power_spike_0149,2026-04-03T07:40:00+03:00,2026-04-03,synthetic_hourly_summary,7,Friday,True,161,20.0,60.701,547.67,78,68,0,15,0,0.4857,82.855,121.894,0.077541,169.01,244.664,0.158171,254.777,394.287,0.238437,0.00763,0.032,45.0,75.0,60.0,1,1,2,0,0.096671,0.114287,121.278,92.239,False,True,False,False,False,morning,0.20146,283.658,445.036,0.03697700000000001,-28.88100000000003,0.19524566666666665,290.4336666666666,0.2636686666666666,373.0651666666667,0.114287,92.239,0.046610240895465824,39.48297385371609,0.0228574,18.4478,0.096671,121.278,0.01740078,21.83004,5.4315013956093,8.8106982946476,8.147106049269055,6.115380457388075,0.484472049689441,0.422360248447205,0.09316770186335403,0.0,0.0,0.0,False,False,False,2,420.0,480.0,360.0,0.0,0.5143,0.0,1.0,weak_rules_v2,True,unusual_same_hour_usage,review_unusual_usage,0.301282,0.009641,train
synthetic_power_spike_0149_1775194800000,1775194800000,synthetic_scenario,power_spike,power_spike_0149,2026-04-03T08:40:00+03:00,2026-04-03,synthetic_hourly_summary,8,Friday,True,154,32.7,42.596,270.907,90,150,0,10,23,0.5904,117.293,206.482,0.088444,278.729,421.053,0.210173,399.557,650.363,0.301282,0.009641,0.032,35.0,56.0,83.0,1,1,2,0,0.1114,0.120703,155.675,205.036,False,True,False,False,False,morning,0.238437,254.777,394.287,0.06284499999999998,144.78000000000003,0.24705966666666668,312.664,0.26249266666666665,366.3063333333334,0.120703,205.036,0.050466530555739145,76.62455955501387,0.0241406,41.007200000000005,0.1114,155.675,0.020052,28.0215,7.480302892223059,4.743581614935914,9.46947935368043,8.70338846956801,0.5844155844155844,0.974025974025974,0.06493506493506493,0.0,0.14935064935064934,0.0,False,False,False,2,480.0,540.0,420.0,0.0,0.40959999999999996,0.0,1.0,weak_rules_v2,True,unusual_same_hour_usage,review_unusual_usage,0.031998,0.001024,train
synthetic_hub_offline_0127_1775194800000,1775194800000,synthetic_scenario,hub_offline,hub_offline_0127,2026-04-03T08:40:00+03:00,2026-04-03,synthetic_hourly_summary,8,Friday,True,54,29.756,46.959,440.229,21,44,0,2,0,0.398,0.0,0.0,0.0,49.337,62.792,0.031998,49.337,55.665,0.031998,0.001024,0.032,798.0,711.0,773.0,1,0,1,0,0.025248,0.032472,26.894,53.794,False,True,False,False,False,morning,0.301282,399.557,650.363,-0.26928399999999997,-350.22,0.19057233333333334,234.557,0.22569283333333326,311.23633333333333,0.032472,53.794,0.1408784508018645,175.9833753511961,0.006494400000000001,10.7588,0.025248,26.894,0.00454464,4.84092,-0.07298595713229893,-0.41426553147191075,1.4852661596958172,4.636102228502022,0.3888888888888889,0.8148148148148148,0.037037037037037035,0.0,0.0,0.0,True,True,True,1,540.0,0.0,0.0,0.0,0.14850437,0.0,1.0,weak_rules_v2,False,hub_offline_or_stale,wait_for_fresh_data,0.006116,0.000196,train
synthetic_hub_offline_0127_1775198400000,1775198400000,synthetic_scenario,hub_offline,hub_offline_0127,2026-04-03T09:40:00+03:00,2026-04-03,synthetic_hourly_summary,9,Friday,True,142,23.824,54.718,247.289,53,53,0,1,0,0.3802,11.869,16.731,0.004691,0.988,1.518,0.000391,15.473,19.983,0.006116,0.000196,0.032,1297.0,1419.0,3047.0,0,1,0,0,0.005186,0.005088,15.059,14.253,False,True,False,False,False,morning,0.031998,49.337,55.665,-0.025882,-33.864000000000004,0.113132,154.78899999999996,0.1541888333333333,222.6113333333334,0.005088,14.253,0.16345576268825773,212.6504714125978,0.002,3.0,0.005186,15.059,0.002,3.0,0.5140000000000001,0.4066666666666669,0.46500000000000014,0.13800000000000048,0.3732394366197183,0.3732394366197183,0.007042253521126761,0.0,0.0,0.0,True,True,True,1,0.0,60.0,0.0,0.0,0.047950827,0.9539999999999998,0.04600000000000016,weak_rules_v2,False,hub_offline_or_stale,wait_for_fresh_data,0.277312,0.008874,train
synthetic_power_spike_0149_1775198400000,1775198400000,synthetic_scenario,power_spike,power_spike_0149,2026-04-03T09:40:00+03:00,2026-04-03,synthetic_hourly_summary,9,Friday,True,139,26.724,55.879,519.422,74,56,0,1,0,0.5373,173.201,268.843,0.135471,173.307,290.913,0.135554,354.546,526.454,0.277312,0.008874,0.032,41.0,36.0,38.0,1,1,2,0,0.134922,0.144863,159.069,152.714,False,True,False,False,False,morning,0.006116,15.473,19.983,0.271196,339.073,0.105142,139.78533333333328,0.1761008333333333,226.2246666666667,0.144863,152.714,0.14966412781959487,186.757330737868,0.0289726,30.5428,0.134922,159.069,0.024285959999999995,28.632419999999996,4.571526200617135,6.608169519493956,5.863058326703991,6.827121144492852,0.5323741007194245,0.4028776978417266,0.007194244604316547,0.0,0.0,0.0,False,False,False,2,60.0,120.0,60.0,0.0,0.4627,0.0,1.0,weak_rules_v2,True,unusual_same_hour_usage,review_unusual_usage,0.087042,0.002785,train
synthetic_hub_offline_0127_1775202000000,1775202000000,synthetic_scenario,hub_offline,hub_offline_0127,2026-04-03T10:40:00+03:00,2026-04-03,synthetic_hourly_summary,10,Friday,True,119,26.315,56.618,312.232,35,79,0,9,0,0.3004,16.992,21.773,0.015416,78.945,107.607,0.071626,95.937,169.916,0.087042,0.002785,0.032,216.0,207.0,518.0,1,1,3,0,0.112158,0.091934,97.988,81.088,False,True,False,False,False,morning,0.277312,354.546,526.454,-0.19027,-258.609,0.12349,155.31866666666664,0.15703116666666664,194.93783333333337,0.091934,81.088,0.13922341804452307,177.1645043013227,0.018386800000000002,16.2176,0.112158,97.988,0.02018844,17.63784,-0.2660604346596475,0.9156102012628258,-1.2440782943110018,-0.1162840801367969,0.29411764705882354,0.6638655462184874,0.07563025210084033,0.0,0.0,0.0,True,True,True,2,120.0,180.0,0.0,0.0,0.33558762599999997,0.9612386399544011,0.03876136004559897,weak_rules_v2,False,hub_offline_or_stale,wait_for_fresh_data,0.032115,0.001028,train
synthetic_hub_offline_0127_1775205600000,1775205600000,synthetic_scenario,hub_offline,hub_offline_0127,2026-04-03T11:40:00+03:00,2026-04-03,synthetic_hourly_summary,11,Friday,True,130,26.226,47.45,579.315,48,49,0,6,0,0.3754,5.985,8.39,0.004533,27.439,35.777,0.020782,42.402,43.74,0.032115,0.001028,0.032,1240.0,1687.0,2994.0,1,0,0,0,0.023308,0.029384,28.228,18.697,False,True,False,False,False,morning,0.087042,95.937,169.916,-0.054927,-53.535,0.13215633333333335,164.29499999999996,0.12264416666666661,159.54200000000006,0.029384,18.697,0.12867349962728672,166.92238108474265,0.005876800000000001,3.7394,0.023308,28.228,0.00419544,5.08104,0.4647086849986382,6.339252286463069,2.099183875827088,2.789586383889912,0.36923076923076925,0.3769230769230769,0.046153846153846156,0.0,0.0,0.0,True,True,True,1,180.0,0.0,0.0,0.0,0.132421446,0.07013787203669597,0.929862127963304,weak_rules_v2,False,hub_offline_or_stale,wait_for_fresh_data,0.069544,0.002225,train
synthetic_routine_anomaly_0123_1775205600000,1775205600000,synthetic_scenario,routine_anomaly,routine_anomaly_0123,2026-04-03T11:40:00+03:00,2026-04-03,synthetic_hourly_summary,11,Friday,True,56,24.838,65.841,153.93,5,43,0,5,0,0.0946,10.036,10.973,0.006587,90.287,103.75,0.059253,105.968,116.787,0.069544,0.002225,0.032,17.0,48.0,50.0,1,1,3,0,0.0364,0.027131,45.939,76.767,False,True,False,False,False,morning,0.032115,42.402,43.74,0.037429,63.566,0.06290033333333332,81.43566666666663,0.0840211666666666,110.61050000000002,0.027131,76.767,0.02805971422401448,34.1741948015384,0.0054262,15.3534,0.0364,45.939,0.006552,8.26902,7.816335557111789,1.9019240038037182,5.0586080586080575,7.259505963221761,0.08928571428571429,0.7678571428571429,0.08928571428571429,0.0,0.0,0.0,False,False,False,2,240.0,60.0,60.0,60.0,0.479717136,0.0,1.0,weak_rules_v2,True,ac_running_empty_room,turn_off_or_adjust_ac,0.163109,0.005219,train
synthetic_high_energy_0004_1775209200000,1775209200000,synthetic_scenario,high_energy,high_energy_0004,2026-04-03T12:40:00+03:00,2026-04-03,synthetic_hourly_summary,12,Friday,True,45,28.852,57.541,798.978,6,40,0,3,0,0.1494,36.962,54.616,0.028798,172.385,256.306,0.134311,209.346,292.214,0.163109,0.005219,0.032,45.0,5.0,13.0,1,1,1,0,0.067352,0.08534,84.286,91.787,False,False,False,False,False,afternoon,0.069544,105.968,116.787,0.09356500000000001,103.378,0.088256,119.23866666666663,0.10587299999999995,137.2786666666667,0.08534,91.787,0.06747192910388754,84.25946670453975,0.017068,18.357400000000002,0.067352,84.286,0.012123359999999998,15.171479999999999,4.556421373330209,6.403902513427827,7.898552876430299,8.243098234318603,0.13333333333333333,0.8888888888888888,0.06666666666666667,0.0,0.0,0.0,False,False,False,2,300.0,120.0,120.0,120.0,0.8506,0.0,1.0,weak_rules_v2,True,ac_running_empty_room,turn_off_or_adjust_ac,0.104777,0.003353,train
synthetic_routine_anomaly_0123_1775209200000,1775209200000,synthetic_scenario,routine_anomaly,routine_anomaly_0123,2026-04-03T12:40:00+03:00,2026-04-03,synthetic_hourly_summary,12,Friday,True,164,24.581,42.809,296.717,49,137,0,19,0,0.3005,66.497,107.78,0.0336,136.129,192.935,0.068785,207.36,287.089,0.104777,0.003353,0.032,79.0,26.0,18.0,1,1,0,0,0.053543,0.046826,76.826,94.209,False,False,False,False,False,afternoon,0.163109,209.346,292.214,-0.05833200000000001,-1.98599999999999,0.11247666666666667,174.22466666666665,0.12231649999999995,169.25983333333338,0.046826,94.209,0.047255327279930634,59.12034723623813,0.0093652,18.841800000000003,0.053543,76.826,0.00963774,13.828679999999999,6.187908426942296,6.005317963251918,5.315976567120507,9.43936803801954,0.29878048780487804,0.8353658536585366,0.11585365853658537,0.0,0.0,0.0,False,False,False,2,360.0,180.0,180.0,0.0,0.6995,0.0,1.0,weak_rules_v2,True,unusual_same_hour_usage,review_unusual_usage,0.152256,0.004872,train
synthetic_routine_anomaly_0123_1775212800000,1775212800000,synthetic_scenario,routine_anomaly,routine_anomaly_0123,2026-04-03T13:40:00+03:00,2026-04-03,synthetic_hourly_summary,13,Friday,True,67,28.789,62.249,368.639,6,48,0,0,0,0.1023,24.419,31.084,0.020559,148.898,216.448,0.125361,180.844,259.256,0.152256,0.004872,0.032,38.0,30.0,79.0,1,1,2,0,0.069516,0.069988,80.007,89.377,False,False,False,False,False,afternoon,0.104777,207.36,287.089,0.04747900000000001,-26.51600000000002,0.14004733333333333,199.1833333333333,0.10147383333333328,140.30950000000004,0.069988,89.377,0.031023285002290683,15.913340608851975,0.013997599999999999,17.8754,0.069516,80.007,0.012512879999999999,14.40126,5.877293250271476,5.116920460521164,6.612386596850606,7.0019567732267864,0.08955223880597014,0.7164179104477612,0.0,0.0,0.0,0.0,False,False,False,2,420.0,240.0,240.0,60.0,0.811718294,0.0,1.0,weak_rules_v2,True,ac_running_empty_room,turn_off_or_adjust_ac,0.121235,0.00388,train
synthetic_high_energy_0004_1775212800000,1775212800000,synthetic_scenario,high_energy,high_energy_0004,2026-04-03T13:40:00+03:00,2026-04-03,synthetic_hourly_summary,13,Friday,True,162,25.45,50.204,415.42,8,132,0,3,0,0.0517,40.534,51.986,0.023425,169.247,210.375,0.09781,209.781,221.087,0.121235,0.00388,0.032,5.0,5.0,18.0,1,1,0,0,0.041362,0.058501,73.829,102.993,False,False,False,False,False,afternoon,0.152256,180.844,259.256,-0.031021000000000007,28.937000000000012,0.12608933333333333,199.3283333333333,0.10717266666666662,159.28350000000003,0.058501,102.993,0.024108862983005956,16.053605337535153,0.011700200000000001,20.5986,0.041362,73.829,0.00744516,13.289219999999998,5.361788687372865,5.184235821851971,10.728177769181588,10.230246771443321,0.04938271604938271,0.8148148148148148,0.018518518518518517,0.0,0.0,0.0,False,False,False,2,480.0,300.0,300.0,120.0,0.9483,0.0,1.0,weak_rules_v2,True,ac_running_empty_room,turn_off_or_adjust_ac,0.138038,0.004417,train
synthetic_routine_anomaly_0123_1775216400000,1775216400000,synthetic_scenario,routine_anomaly,routine_anomaly_0123,2026-04-03T14:40:00+03:00,2026-04-03,synthetic_hourly_summary,14,Friday,True,106,26.978,47.882,522.073,28,15,0,8,0,0.2697,16.598,28.446,0.013352,149.003,233.785,0.119861,171.601,250.774,0.138038,0.004417,0.032,56.0,17.0,45.0,1,1,1,0,0.066753,0.051218,56.634,71.387,False,False,False,False,False,afternoon,0.121235,209.781,221.087,0.016803,-38.18000000000001,0.13717633333333332,187.40866666666662,0.12482649999999995,180.81666666666672,0.051218,71.387,0.01552844043467836,19.91856511733093,0.0102436,14.2774,0.066753,56.634,0.012015540000000002,10.19412,8.475535944394547,7.019065095885805,5.9327337764261925,11.277775815862478,0.2641509433962264,0.14150943396226415,0.07547169811320754,0.0,0.0,0.0,False,False,False,2,540.0,360.0,360.0,0.0,0.6266010515,0.0,1.0,weak_rules_v2,True,unusual_same_hour_usage,review_unusual_usage,0.166886,0.00534,train
synthetic_high_energy_0004_1775216400000,1775216400000,synthetic_scenario,high_energy,high_energy_0004,2026-04-03T14:40:00+03:00,2026-04-03,synthetic_hourly_summary,14,Friday,True,52,26.212,60.036,689.739,40,41,0,3,0,0.7821,68.983,95.452,0.040164,217.65,337.494,0.126722,286.633,408.932,0.166886,0.00534,0.032,21.0,71.0,44.0,1,1,2,0,0.056991,0.085021,167.694,118.107,False,False,False,False,False,afternoon,0.138038,171.601,250.774,0.028848000000000013,115.03199999999998,0.14205299999999998,222.67166666666662,0.14105016666666662,210.92750000000004,0.085021,118.107,0.023088820216720044,58.58939512687688,0.0170042,23.6214,0.056991,167.694,0.01025838,30.184919999999998,4.814398795591678,7.134462817614534,10.712705124980749,3.9403450464669114,0.7692307692307693,0.7884615384615384,0.057692307692307696,0.0,0.0,0.0,False,False,False,2,600.0,420.0,420.0,0.0,0.21789999999999998,0.0,1.0,weak_rules_v2,True,unusual_same_hour_usage,review_unusual_usage,0.038972,0.001247,train
synthetic_hub_offline_0297_1775220000000,1775220000000,synthetic_scenario,hub_offline,hub_offline_0297,2026-04-03T15:40:00+03:00,2026-04-03,synthetic_hourly_summary,15,Friday,True,135,29.067,66.657,224.29,44,65,0,2,0,0.3329,11.514,14.346,0.007693,43.253,49.677,0.028901,58.325,93.494,0.038972,0.001247,0.032,552.0,866.0,1995.0,1,1,0,0,0.039172,0.025715,19.206,54.3,False,False,False,False,False,afternoon,0.166886,286.633,408.932,-0.127914,-228.308,0.114632,172.1863333333333,0.12036066666666662,185.75733333333338,0.025715,54.3,0.06709231309173967,114.15512549742726,0.005143,10.86,0.039172,19.206,0.007050959999999999,3.45708,2.577678397822283,0.37062615101289187,-0.028364931867433486,11.315618961667072,0.32592592592592595,0.48148148148148145,0.014814814814814815,0.0,0.0,0.0,True,True,True,2,660.0,480.0,0.0,0.0,0.19454303750000002,0.0,1.0,weak_rules_v2,False,hub_offline_or_stale,wait_for_fresh_data,0.119219,0.003815,train
synthetic_high_energy_0004_1775220000000,1775220000000,synthetic_scenario,high_energy,high_energy_0004,2026-04-03T15:40:00+03:00,2026-04-03,synthetic_hourly_summary,15,Friday,True,107,27.767,71.51,753.856,67,104,0,1,0,0.6285,37.313,55.487,0.018614,201.664,294.722,0.100604,238.977,306.404,0.119219,0.003815,0.032,63.0,50.0,39.0,1,1,2,0,0.059161,0.053244,111.82,126.694,False,False,False,False,False,afternoon,0.038972,58.325,93.494,0.08024700000000001,180.652,0.108359,194.64499999999998,0.12276766666666661,191.02683333333334,0.053244,126.694,0.06464481842344384,120.43724666397854,0.0106488,25.338800000000003,0.059161,111.82,0.010648979999999999,20.127599999999997,6.195533769063181,4.431267463336859,5.63978897509433,6.317544068840797,0.6261682242990654,0.9719626168224299,0.009345794392523364,0.0,0.0,0.0,False,False,False,2,720.0,540.0,60.0,0.0,0.37150000000000005,0.0,1.0,weak_rules_v2,True,unusual_same_hour_usage,review_unusual_usage,0.02984,0.000955,train
synthetic_hub_offline_0297_1775223600000,1775223600000,synthetic_scenario,hub_offline,hub_offline_0297,2026-04-03T16:40:00+03:00,2026-04-03,synthetic_hourly_summary,16,Friday,True,170,29.126,48.575,40.0,73,41,0,16,0,0.4304,13.767,20.474,0.011594,18.651,20.782,0.015708,35.432,56.197,0.02984,0.000955,0.032,1278.0,259.0,3510.0,1,1,0,0,0.011888,0.01397,23.211,21.118,False,False,False,False,False,afternoon,0.119219,238.977,306.404,-0.08937900000000001,-203.54500000000002,0.062677,110.9113333333333,0.10236499999999997,166.79150000000004,0.01397,21.118,0.04917923015867602,111.49723582373444,0.002794,4.2236,0.011888,23.211,0.0021398399999999996,4.17798,5.680028632784538,3.3890519935599968,8.389412292507853,2.925097774522617,0.4294117647058823,0.2411764705882353,0.09411764705882353,0.0,0.0,0.0,True,True,True,2,780.0,600.0,0.0,0.0,0.100910336,0.02496740849246093,0.9750325915075391,weak_rules_v2,False,hub_offline_or_stale,wait_for_fresh_data,0.030536,0.000977,train
synthetic_hub_offline_0297_1775227200000,1775227200000,synthetic_scenario,hub_offline,hub_offline_0297,2026-04-03T17:40:00+03:00,2026-04-03,synthetic_hourly_summary,17,Friday,True,64,30.504,57.243,190.058,24,38,0,4,9,0.3789,11.329,17.77,0.009153,22.718,28.15,0.018355,37.795,49.573,0.030536,0.000977,0.032,1337.0,1546.0,939.0,1,1,1,0,0.024158,0.021068,22.662,21.229,False,False,True,False,False,evening,0.02984,35.432,56.197,0.0006960000000000022,2.3629999999999995,0.059865,104.06799999999998,0.08724849999999995,138.1271666666667,0.021068,21.229,0.05140324980971562,116.84059505582862,0.0042136000000000005,4.2458,0.024158,22.662,0.004348439999999999,4.07916,2.24700968293146,3.901738188327289,1.4667328973148996,3.709832416477903,0.375,0.59375,0.0625,0.0,0.140625,0.0,True,True,True,2,840.0,660.0,0.0,0.0,0.1173723725,0.0,1.0,weak_rules_v2,False,hub_offline_or_stale,wait_for_fresh_data,0.053686,0.001718,train
synthetic_hub_offline_0297_1775230800000,1775230800000,synthetic_scenario,hub_offline,hub_offline_0297,2026-04-03T18:40:00+03:00,2026-04-03,synthetic_hourly_summary,18,Friday,True,80,27.523,52.039,378.99,59,77,0,8,0,0.7499,9.309,13.479,0.006583,65.529,96.225,0.046341,75.916,122.541,0.053686,0.001718,0.032,1746.0,1623.0,3436.0,1,0,3,0,0.049178,0.045259,49.861,49.445,False,False,True,False,False,evening,0.030536,37.795,49.573,0.023149999999999997,38.120999999999995,0.03802066666666667,49.71433333333329,0.07318983333333329,122.17966666666672,0.045259,49.445,0.013571039213463507,22.722047538316655,0.0090518,9.889000000000001,0.049178,49.861,0.00885204,8.974979999999999,0.9309750546852555,2.6768126200829196,0.5092611420644279,2.9030705360903317,0.7375,0.9625,0.1,0.0,0.0,0.0,True,True,True,1,900.0,0.0,0.0,0.0,0.09493295799999998,0.0323098213032228,0.9676901786967772,weak_rules_v2,False,hub_offline_or_stale,wait_for_fresh_data,0.011299,0.000362,train
synthetic_smoke_gas_0065_1775266800000,1775266800000,synthetic_scenario,smoke_gas,smoke_gas_0065,2026-04-04T04:40:00+03:00,2026-04-04,synthetic_hourly_summary,4,Saturday,True,115,28.098,68.428,443.675,91,79,1,7,0,0.7989,12.795,19.479,0.006897,0.0,0.0,0.0,20.961,23.8,0.011299,0.000362,0.032,35.0,38.0,82.0,0,1,0,0,0.01427,0.005764,11.464,7.534,True,False,False,False,True,night,0.053686,75.916,122.541,-0.042386999999999994,-54.955,0.03184033333333333,44.890666666666625,0.04725866666666662,77.90100000000004,0.005764,7.534,0.02122358137387196,28.156249223458865,0.002,3.0,0.01427,11.464,0.0025686,3.0,2.7675,4.475666666666666,-1.1566612162267382,3.165666666666666,0.7913043478260869,0.6869565217391305,0.06086956521739131,0.008695652173913044,0.0,0.0,False,False,False,1,0.0,60.0,0.0,0.0,0.021076285499999993,0.0,1.0,weak_rules_v2,False,smoke_gas_safety,check_smoke_gas_sensor,0.02134,0.000683,train
synthetic_smoke_gas_0065_1775270400000,1775270400000,synthetic_scenario,smoke_gas,smoke_gas_0065,2026-04-04T05:40:00+03:00,2026-04-04,synthetic_hourly_summary,5,Saturday,True,64,23.98,59.774,508.063,54,55,2,3,0,0.8543,21.911,33.118,0.015164,3.93,5.429,0.00272,30.836,40.011,0.02134,0.000683,0.032,47.0,17.0,72.0,0,1,0,0,0.014274,0.014048,18.81,35.414,True,True,False,False,True,morning,0.011299,20.961,23.8,0.010041000000000001,9.875,0.028775,42.57099999999996,0.04431999999999995,73.31950000000005,0.014048,35.414,0.02215003072232704,29.29668368604538,0.0028096,7.082800000000001,0.014274,18.81,0.00256932,3.3857999999999997,2.5953872437357637,-0.6463545490483993,2.7501440069746086,3.5518932010160085,0.84375,0.859375,0.046875,0.03125,0.0,0.0,False,False,False,1,0.0,120.0,0.0,0.0,0.022464026000000005,0.0,1.0,weak_rules_v2,False,smoke_gas_safety,check_smoke_gas_sensor,0.076209,0.002439,train
synthetic_smoke_gas_0065_1775274000000,1775274000000,synthetic_scenario,smoke_gas,smoke_gas_0065,2026-04-04T06:40:00+03:00,2026-04-04,synthetic_hourly_summary,6,Saturday,True,157,29.871,44.789,330.749,49,76,12,2,0,0.318,7.632,11.816,0.00664,74.962,118.55,0.065215,87.599,114.565,0.076209,0.002439,0.032,32.0,67.0,20.0,1,0,0,0,0.05212,0.056603,33.907,83.775,False,True,False,False,False,morning,0.02134,30.836,40.011,0.054869,56.763000000000005,0.036282666666666664,46.4653333333333,0.03715166666666662,48.08983333333337,0.056603,83.775,0.03493979808661413,35.963353658043715,0.0113206,16.755000000000003,0.05212,33.907,0.0093816,6.103259999999999,1.7318870024557,0.2282303789913457,2.567685682612774,8.79726572356413,0.31210191082802546,0.4840764331210191,0.012738853503184714,0.07643312101910828,0.0,0.0,False,False,False,1,60.0,0.0,0.0,0.0,0.29871259,0.0,1.0,weak_rules_v2,False,smoke_gas_safety,check_smoke_gas_sensor,0.079729,0.002551,train
synthetic_smoke_gas_0065_1775277600000,1775277600000,synthetic_scenario,smoke_gas,smoke_gas_0065,2026-04-04T07:40:00+03:00,2026-04-04,synthetic_hourly_summary,7,Saturday,True,50,26.688,53.7,540.542,50,43,6,1,0,1.0,15.554,26.557,0.013557,74.05,91.415,0.064542,91.475,108.829,0.079729,0.002551,0.032,47.0,32.0,80.0,1,1,2,0,0.050803,0.055578,53.113,35.483,False,True,False,False,False,morning,0.076209,87.599,114.565,0.0035199999999999954,3.8759999999999906,0.05909266666666666,69.96999999999996,0.045466499999999944,57.43033333333337,0.055578,35.483,0.032742105618505386,33.94640350611776,0.011115600000000002,7.0966,0.050803,53.113,0.00914454,9.56034,2.172712224261397,7.889975481216357,3.163199023679703,4.012618798076218,1.0,0.86,0.02,0.12,0.0,0.0,False,False,False,2,120.0,60.0,0.0,0.0,0.0,0.0,1.0,weak_rules_v2,False,smoke_gas_safety,check_smoke_gas_sensor,0.019577,0.000626,train
synthetic_smoke_gas_0255_1775302800000,1775302800000,synthetic_scenario,smoke_gas,smoke_gas_0255,2026-04-04T14:40:00+03:00,2026-04-04,synthetic_hourly_summary,14,Saturday,True,180,28.276,51.458,500.868,76,76,9,4,0,0.425,2.751,3.657,0.001517,31.444,45.117,0.017331,35.519,43.415,0.019577,0.000626,0.032,58.0,30.0,53.0,1,0,0,0,0.010574,0.025195,27.451,25.348,False,False,False,False,False,afternoon,0.079729,91.475,108.829,-0.060152,-55.955999999999996,0.058505,71.53099999999996,0.04363999999999995,57.051000000000045,0.025195,25.348,0.033758546888158984,31.247463129031164,0.005039,5.0696,0.010574,27.451,0.002,4.94118,-1.1149037507441948,2.0062726842354426,4.5015,1.6328083575178394,0.4222222222222222,0.4222222222222222,0.022222222222222223,0.05,0.0,0.0,False,False,False,1,180.0,0.0,0.0,0.0,0.10211712499999999,0.4557305474940535,0.5442694525059465,weak_rules_v2,False,smoke_gas_safety,check_smoke_gas_sensor,0.036491,0.001168,train
synthetic_smoke_gas_0255_1775306400000,1775306400000,synthetic_scenario,smoke_gas,smoke_gas_0255,2026-04-04T15:40:00+03:00,2026-04-04,synthetic_hourly_summary,15,Saturday,True,83,24.592,51.676,372.806,77,49,11,2,0,0.9329,31.419,48.605,0.023279,10.808,11.151,0.008008,49.251,65.266,0.036491,0.001168,0.032,57.0,62.0,17.0,1,1,0,0,0.036366,0.032533,32.712,46.488,False,False,False,False,False,afternoon,0.019577,35.519,43.415,0.016914000000000002,13.732,0.04526566666666667,58.7483333333333,0.04077416666666662,52.60683333333336,0.032533,46.488,0.031021151773158954,29.161927051097134,0.0065066,9.297600000000001,0.036366,32.712,0.0065458800000000004,5.88816,0.6083054129652973,0.29717346411977263,0.019095980983458313,2.808857096274557,0.927710843373494,0.5903614457831325,0.024096385542168676,0.13253012048192772,0.0,0.0,False,False,False,2,240.0,60.0,0.0,0.0,0.01652371050000001,0.06371430124181432,0.9362856987581857,weak_rules_v2,False,smoke_gas_safety,check_smoke_gas_sensor,0.047458,0.001519,train
synthetic_smoke_gas_0255_1775310000000,1775310000000,synthetic_scenario,smoke_gas,smoke_gas_0255,2026-04-04T16:40:00+03:00,2026-04-04,synthetic_hourly_summary,16,Saturday,True,113,27.61,56.695,244.744,74,87,2,2,0,0.6611,16.738,25.326,0.010653,55.012,72.112,0.035012,74.569,99.291,0.047458,0.001519,0.032,69.0,30.0,69.0,1,1,3,0,0.023027,0.040258,14.914,63.719,False,False,False,False,False,afternoon,0.036491,49.251,65.266,0.010966999999999998,25.318000000000005,0.03450866666666667,53.112999999999964,0.04680066666666662,61.54150000000004,0.040258,63.719,0.01404580984967987,19.80938938988742,0.0080516,12.7438,0.023027,14.914,0.004144859999999999,3.0,0.8942322022951956,0.8513944035531005,5.894288347495453,19.885,0.6548672566371682,0.7699115044247787,0.017699115044247787,0.017699115044247787,0.0,0.0,False,False,False,2,300.0,120.0,0.0,0.0,0.1263571705,0.0,1.0,weak_rules_v2,False,smoke_gas_safety,check_smoke_gas_sensor,0.046375,0.001484,train
synthetic_smoke_gas_0255_1775313600000,1775313600000,synthetic_scenario,smoke_gas,smoke_gas_0255,2026-04-04T17:40:00+03:00,2026-04-04,synthetic_hourly_summary,17,Saturday,True,127,24.247,65.856,319.295,91,92,17,5,0,0.7174,11.656,19.015,0.009002,46.311,75.065,0.035765,60.049,67.953,0.046375,0.001484,0.032,76.0,50.0,15.0,1,1,3,0,0.036533,0.04257,38.369,34.356,False,False,True,False,False,evening,0.047458,74.569,99.291,-0.0010830000000000006,-14.520000000000003,0.04344133333333333,61.289666666666626,0.05097316666666662,66.41033333333337,0.04257,34.356,0.006043473532114054,12.70451578508633,0.008513999999999999,6.871200000000001,0.036533,38.369,0.006575940000000001,6.90642,0.4469109701667845,3.7392304109908014,1.4966681569479034,3.139108250005068,0.7165354330708661,0.7244094488188977,0.03937007874015748,0.13385826771653545,0.0,0.0,False,False,False,2,360.0,180.0,0.0,0.0,0.08484923699999998,0.0,1.0,weak_rules_v2,False,smoke_gas_safety,check_smoke_gas_sensor,0.149539,0.004785,train
synthetic_power_spike_0159_1775360400000,1775360400000,synthetic_scenario,power_spike,power_spike_0159,2026-04-05T06:40:00+03:00,2026-04-05,synthetic_hourly_summary,6,Sunday,False,152,28.042,64.407,369.394,92,37,0,2,0,0.6055,156.274,256.517,0.098134,78.408,115.571,0.049238,238.133,295.982,0.149539,0.004785,0.032,40.0,19.0,24.0,1,1,0,0,0.059702,0.064996,116.558,171.026,False,True,False,False,False,morning,0.046375,60.049,67.953,0.103164,178.084,0.08112400000000002,124.25033333333329,0.0631948333333333,91.49933333333337,0.064996,171.026,0.05925160243402727,98.89213277775656,0.0129992,34.205200000000005,0.059702,116.558,0.01074636,20.98044,6.503707920487415,1.9618946826798263,8.35976088647691,5.7946830476386575,0.6052631578947368,0.24342105263157895,0.013157894736842105,0.0,0.0,0.0,False,False,False,2,420.0,240.0,60.0,0.0,0.39449999999999996,0.0,1.0,weak_rules_v2,True,unusual_same_hour_usage,review_unusual_usage,0.234783,0.007513,train
synthetic_power_spike_0159_1775364000000,1775364000000,synthetic_scenario,power_spike,power_spike_0159,2026-04-05T07:40:00+03:00,2026-04-05,synthetic_hourly_summary,7,Sunday,False,170,29.768,63.387,278.379,58,162,0,17,0,0.3458,119.495,151.524,0.10697,142.779,192.736,0.127813,262.274,355.155,0.234783,0.007513,0.032,26.0,29.0,72.0,1,1,1,0,0.079412,0.121315,122.445,160.758,False,True,False,False,False,morning,0.149539,238.133,295.982,0.08524399999999999,24.14099999999999,0.14356566666666667,186.81866666666664,0.08903716666666661,119.96583333333336,0.121315,160.758,0.09434592810149971,110.4473098827371,0.024263000000000003,32.1516,0.079412,122.445,0.014294159999999998,22.0401,4.676585747846514,3.157416738202764,10.869543925631167,6.3442997082590376,0.3411764705882353,0.9529411764705882,0.1,0.0,0.0,0.0,False,False,False,2,480.0,300.0,120.0,0.0,0.6542,0.0,1.0,weak_rules_v2,True,unusual_same_hour_usage,review_unusual_usage,0.230817,0.007386,train
synthetic_power_spike_0159_1775367600000,1775367600000,synthetic_scenario,power_spike,power_spike_0159,2026-04-05T08:40:00+03:00,2026-04-05,synthetic_hourly_summary,8,Sunday,False,76,32.046,49.405,391.81,42,37,0,4,11,0.5568,119.559,191.65,0.078498,229.3,343.733,0.15055,351.552,600.019,0.230817,0.007386,0.032,52.0,42.0,53.0,1,1,0,0,0.097957,0.109279,154.362,197.894,False,True,False,True,False,morning,0.234783,262.274,355.155,-0.003965999999999997,89.27800000000002,0.20504633333333333,283.9863333333333,0.12424383333333329,172.63800000000003,0.109279,197.894,0.04811164442557899,59.745597782039496,0.0218558,39.5788,0.097957,154.362,0.01763226,27.785159999999998,5.560903741798515,3.882330944849263,7.5350522281318435,7.096953913527942,0.5526315789473685,0.4868421052631579,0.05263157894736842,0.0,0.14473684210526316,0.0,False,False,False,2,540.0,360.0,180.0,0.0,0.44320000000000004,0.0,1.0,weak_rules_v2,True,unusual_same_hour_usage,review_unusual_usage,0.197592,0.006323,train
synthetic_power_spike_0159_1775371200000,1775371200000,synthetic_scenario,power_spike,power_spike_0159,2026-04-05T09:40:00+03:00,2026-04-05,synthetic_hourly_summary,9,Sunday,False,95,28.466,32.909,529.228,64,11,0,0,0,0.6824,117.563,173.456,0.099644,114.698,145.348,0.097215,233.125,303.894,0.197592,0.006323,0.032,9.0,65.0,79.0,1,1,1,0,0.079211,0.114583,95.213,77.708,False,True,False,True,False,morning,0.230817,351.552,600.019,-0.033225000000000005,-118.42700000000002,0.221064,282.31699999999995,0.15109399999999995,203.2836666666667,0.114583,77.708,0.020423843345462964,61.7051859165817,0.022916600000000002,15.5416,0.079211,95.213,0.01425798,17.13834,3.6222214464623885,10.000064343439542,8.302789034631834,8.04698704775375,0.6736842105263158,0.11578947368421053,0.0,0.0,0.0,0.0,False,False,False,2,600.0,420.0,240.0,0.0,0.3176,0.0,1.0,weak_rules_v2,True,unusual_same_hour_usage,review_unusual_usage,0.15557,0.004978,train
synthetic_ac_left_on_0031_1775371200000,1775371200000,synthetic_scenario,ac_left_on,ac_left_on_0031,2026-04-05T09:40:00+03:00,2026-04-05,synthetic_hourly_summary,9,Sunday,False,133,27.668,57.115,405.498,1,67,0,14,0,0.0145,4.027,4.706,0.003528,173.525,266.157,0.152042,177.552,220.623,0.15557,0.004978,0.032,44.0,5.0,32.0,1,0,0,0,0.119735,0.097611,169.054,122.14,False,True,False,True,False,morning,0.197592,233.125,303.894,-0.042021999999999976,-55.57300000000001,0.19465966666666668,254.07633333333328,0.1691126666666666,220.44750000000002,0.097611,122.14,0.03770910614604045,88.87192344229578,0.019522200000000003,24.428,0.119735,169.054,0.021552299999999996,30.42972,2.968876458595855,2.2683805469133778,1.6626995726674194,0.27926645397985883,0.007518796992481203,0.5037593984962406,0.10526315789473684,0.0,0.0,0.0,False,False,False,1,660.0,0.0,300.0,60.0,0.87488748,0.9069111820067137,0.09308881799328628,weak_rules_v2,True,ac_running_empty_room,turn_off_or_adjust_ac,0.176573,0.00565,train
synthetic_ac_left_on_0031_1775374800000,1775374800000,synthetic_scenario,ac_left_on,ac_left_on_0031,2026-04-05T10:40:00+03:00,2026-04-05,synthetic_hourly_summary,10,Sunday,False,72,27.091,63.426,383.607,3,34,0,7,0,0.0543,17.456,23.061,0.009015,316.953,389.305,0.163688,341.901,523.01,0.176573,0.00565,0.032,50.0,70.0,19.0,1,1,2,0,0.172695,0.115761,275.597,186.476,False,True,False,True,False,morning,0.15557,177.552,220.623,0.021002999999999994,164.34900000000002,0.17657833333333336,250.8593333333333,0.19081233333333328,267.42283333333336,0.115761,186.476,0.02101100050767089,83.59741852673015,0.0231522,37.2952,0.172695,275.597,0.031085099999999997,49.607459999999996,2.626618636673837,4.167426371222034,0.12475430350875566,1.3365731686322992,0.041666666666666664,0.4722222222222222,0.09722222222222222,0.0,0.0,0.0,False,False,False,2,720.0,60.0,360.0,120.0,0.9457,0.5544756104559003,0.44552438954409973,weak_rules_v2,True,ac_running_empty_room,turn_off_or_adjust_ac,0.003326,0.000106,train
synthetic_low_usage_normal_0228_1775374800000,1775374800000,synthetic_scenario,low_usage_normal,low_usage_normal_0228,2026-04-05T10:40:00+03:00,2026-04-05,synthetic_hourly_summary,10,Sunday,False,62,27.118,48.535,467.547,19,48,0,1,0,0.309,1.088,1.976,0.000736,0.041,0.058,2.8e-05,4.921,6.171,0.003326,0.000106,0.032,26.0,68.0,26.0,0,0,3,0,0.003681,0.003841,4.922,4.166,False,True,False,True,False,morning,0.176573,341.901,523.01,-0.173247,-336.98,0.11182300000000002,174.7913333333333,0.16644349999999994,228.5541666666667,0.003841,4.166,0.09454618320693868,168.50696145955922,0.002,3.0,0.003681,4.922,0.002,3.0,-0.2574999999999999,0.25166666666666665,-0.1774999999999999,-0.0003333333333331486,0.3064516129032258,0.7741935483870968,0.016129032258064516,0.0,0.0,0.0,False,False,False,0,0.0,0.0,0.0,0.0,0.017002055000000002,0.9998888888888889,0.00011111111111104952,weak_rules_v2,False,low_usage_normal,keep_monitoring,0.00374,0.00012,train
synthetic_low_usage_normal_0228_1775378400000,1775378400000,synthetic_scenario,low_usage_normal,low_usage_normal_0228,2026-04-05T11:40:00+03:00,2026-04-05,synthetic_hourly_summary,11,Sunday,False,60,25.452,51.936,463.356,0,11,0,3,0,0.0142,0.132,0.188,9.8e-05,1.378,1.606,0.001022,5.042,6.088,0.00374,0.00012,0.032,28.0,52.0,30.0,0,0,2,0,0.002011,0.002815,5.687,4.583,False,True,False,True,False,morning,0.003326,4.921,6.171,0.00041399999999999987,0.12099999999999955,0.06121300000000001,117.28799999999995,0.1279363333333333,185.68216666666672,0.002815,4.583,0.09990490502973322,194.5205734286225,0.002,3.0,0.002011,5.687,0.002,3.0,0.4625,0.15299999999999989,0.8644999999999998,-0.21500000000000016,0.0,0.18333333333333332,0.05,0.0,0.0,60.0,False,False,False,0,0.0,0.0,0.0,60.0,0.024852018,0.9283333333333332,0.07166666666666673,weak_rules_v2,False,normal,keep_monitoring,0.292512,0.00936,train
synthetic_ac_left_on_0031_1775378400000,1775378400000,synthetic_scenario,ac_left_on,ac_left_on_0031,2026-04-05T11:40:00+03:00,2026-04-05,synthetic_hourly_summary,11,Sunday,False,169,27.609,38.496,323.905,0,31,0,4,0,0.0,5.592,8.363,0.005568,288.189,472.057,0.286944,293.782,421.428,0.292512,0.00936,0.032,53.0,49.0,44.0,1,0,0,0,0.311903,0.23544,198.787,227.264,False,True,False,True,False,morning,0.00374,5.042,6.088,0.288772,288.74,0.09985933333333334,101.24833333333329,0.1382188333333333,176.0538333333334,0.23544,227.264,0.16684223185193056,166.7390573930819,0.047088000000000005,45.4528,0.311903,198.787,0.05614254,35.78166,1.212028542303771,1.4634521965643474,-0.34538871949861893,2.654851675411369,0.0,0.1834319526627219,0.023668639053254437,0.0,0.0,60.0,False,False,False,1,60.0,0.0,60.0,120.0,1.0,0.11504944152954366,0.8849505584704563,weak_rules_v2,True,ac_running_empty_room,turn_off_or_adjust_ac,0.166708,0.005335,train
synthetic_ac_left_on_0031_1775382000000,1775382000000,synthetic_scenario,ac_left_on,ac_left_on_0031,2026-04-05T12:40:00+03:00,2026-04-05,synthetic_hourly_summary,12,Sunday,False,164,29.572,40.303,515.875,7,77,0,4,0,0.0446,19.706,34.13,0.013697,220.14,270.18,0.153011,239.846,421.236,0.166708,0.005335,0.032,13.0,47.0,19.0,1,1,1,0,0.137719,0.108818,181.583,115.128,False,False,False,True,False,afternoon,0.292512,293.782,421.428,-0.125804,-53.93599999999998,0.15432,179.55666666666662,0.13307149999999995,177.17400000000006,0.108818,115.128,0.14478402503038798,153.52133299751333,0.0217636,23.0256,0.137719,181.583,0.02478942,32.68494,2.659945964821996,5.4164929469807515,1.1694101757927369,1.7825640799707758,0.042682926829268296,0.4695121951219512,0.024390243902439025,0.0,0.0,0.0,False,False,False,2,120.0,60.0,120.0,180.0,0.9554,0.40581197334307473,0.5941880266569253,weak_rules_v2,True,ac_running_empty_room,turn_off_or_adjust_ac,0.006771,0.000217,train
synthetic_low_usage_normal_0228_1775382000000,1775382000000,synthetic_scenario,low_usage_normal,low_usage_normal_0228,2026-04-05T12:40:00+03:00,2026-04-05,synthetic_hourly_summary,12,Sunday,False,100,27.607,57.656,449.837,14,67,0,4,0,0.147,2.91,4.5,0.002033,0.348,0.459,0.000243,9.691,13.649,0.006771,0.000217,0.032,34.0,79.0,44.0,0,0,1,0,0.006956,0.004391,5.47,7.929,False,False,False,True,False,afternoon,0.166708,239.846,421.236,-0.159937,-230.155,0.15533033333333332,181.10633333333328,0.10827166666666661,149.1971666666667,0.004391,7.929,0.1432098748143205,150.87970506444321,0.002,3.0,0.006956,5.47,0.002,3.0,1.1900000000000002,0.5873333333333335,-0.09250000000000014,1.4070000000000003,0.14,0.67,0.04,0.0,0.0,0.0,False,False,False,0,0.0,0.0,0.0,240.0,0.041332115,0.5309999999999999,0.4690000000000001,weak_rules_v2,False,normal,keep_monitoring,0.002068,6.6e-05,train
synthetic_low_usage_normal_0228_1775385600000,1775385600000,synthetic_scenario,low_usage_normal,low_usage_normal_0228,2026-04-05T13:40:00+03:00,2026-04-05,synthetic_hourly_summary,13,Sunday,False,69,23.875,48.591,286.637,18,68,0,6,0,0.2744,2.709,3.508,0.002068,0.0,0.0,0.0,2.709,4.098,0.002068,6.6e-05,0.032,62.0,62.0,51.0,0,0,3,0,0.002,0.002,2.742,2.079,False,False,False,True,False,afternoon,0.006771,9.691,13.649,-0.004703000000000001,-6.982000000000001,0.05851566666666667,84.08199999999997,0.07918749999999995,92.6651666666667,0.002,2.079,0.09372681204614475,134.94074571084954,0.002,3.0,0.002,2.742,0.002,3.0,0.03399999999999996,0.20999999999999996,0.03399999999999996,-0.010999999999999973,0.2608695652173913,0.9855072463768116,0.08695652173913043,0.0,0.0,0.0,False,False,False,0,0.0,0.0,0.0,0.0,0.009828252,0.9963333333333333,0.003666666666666658,weak_rules_v2,False,low_usage_normal,keep_monitoring,0.028644,0.000917,train
synthetic_normal_usage_0190_1775385600000,1775385600000,synthetic_scenario,normal_usage,normal_usage_0190,2026-04-05T13:40:00+03:00,2026-04-05,synthetic_hourly_summary,13,Sunday,False,118,26.744,55.66,450.598,82,60,0,7,0,0.7034,18.001,27.669,0.012197,24.183,29.909,0.016385,42.277,48.479,0.028644,0.000917,0.032,56.0,77.0,60.0,1,1,0,0,0.012353,0.025247,42.796,27.818,False,False,False,True,False,afternoon,0.002068,2.709,4.098,0.026576,39.568,0.012494333333333335,18.22566666666663,0.08340716666666663,98.8911666666667,0.025247,27.818,0.014182325350003211,21.119589421519937,0.0050494,5.563600000000001,0.012353,42.796,0.00222354,7.7032799999999995,0.6727531983998101,2.598856855273563,7.326605323043435,-0.06737389787207507,0.6949152542372882,0.5084745762711864,0.059322033898305086,0.0,0.0,0.0,False,False,False,2,60.0,60.0,0.0,0.0,0.062696791,0.9775420340426416,0.022457965957358356,weak_rules_v2,False,unusual_same_hour_usage,review_unusual_usage,0.040652,0.001301,train
synthetic_normal_usage_0190_1775389200000,1775389200000,synthetic_scenario,normal_usage,normal_usage_0190,2026-04-05T14:40:00+03:00,2026-04-05,synthetic_hourly_summary,14,Sunday,False,75,24.795,39.207,418.649,59,52,0,0,0,0.7909,18.401,22.655,0.015541,24.355,29.373,0.020569,48.133,58.936,0.040652,0.001301,0.032,10.0,60.0,23.0,1,1,2,0,0.032415,0.027766,37.384,54.376,False,False,False,True,False,afternoon,0.028644,42.277,48.479,0.012008000000000001,5.856000000000002,0.023788,31.03966666666663,0.08955916666666662,106.07300000000005,0.027766,54.376,0.019745045353202168,24.709172170138782,0.0055532,10.8752,0.032415,37.384,0.0058347,6.72912,2.3204638766837142,-0.5740584081212295,1.4117263955301902,1.597385690848135,0.7866666666666666,0.6933333333333334,0.0,0.0,0.0,0.0,False,False,False,2,120.0,120.0,0.0,0.0,0.05032305149999999,0.4675381030506217,0.5324618969493783,weak_rules_v2,False,unusual_same_hour_usage,review_unusual_usage,0.043927,0.001406,train
synthetic_normal_usage_0190_1775392800000,1775392800000,synthetic_scenario,normal_usage,normal_usage_0190,2026-04-05T15:40:00+03:00,2026-04-05,synthetic_hourly_summary,15,Sunday,False,70,26.965,61.586,463.055,40,19,0,3,0,0.5835,14.723,23.388,0.010682,42.361,51.809,0.030734,60.545,108.07,0.043927,0.001406,0.032,61.0,67.0,8.0,1,1,3,0,0.029768,0.048573,56.126,52.094,False,False,False,True,False,afternoon,0.040652,48.133,58.936,0.003275,12.411999999999999,0.037741,50.31833333333329,0.04812833333333328,67.2001666666667,0.048573,52.094,0.008046611895699373,9.328007146949284,0.0097146,10.418800000000001,0.029768,56.126,0.005358239999999999,10.10268,-0.47824923311304607,0.811129880600453,2.6424721550359824,0.43740868759576707,0.5714285714285714,0.2714285714285714,0.04285714285714286,0.0,0.0,0.0,False,False,False,2,180.0,180.0,0.0,0.0,0.1260849625,0.8541971041347443,0.1458028958652557,weak_rules_v2,True,unusual_same_hour_usage,review_unusual_usage,0.028075,0.000898,train
synthetic_normal_usage_0190_1775396400000,1775396400000,synthetic_scenario,normal_usage,normal_usage_0190,2026-04-05T16:40:00+03:00,2026-04-05,synthetic_hourly_summary,16,Sunday,False,114,27.249,49.136,321.605,67,26,0,0,0,0.5929,16.261,22.959,0.008191,39.474,50.976,0.019884,55.734,55.768,0.028075,0.000898,0.032,39.0,66.0,53.0,1,1,1,0,0.025656,0.025849,45.173,40.223,False,False,False,True,False,afternoon,0.043927,60.545,108.07,-0.015852,-4.811,0.03755133333333333,54.80399999999997,0.025022833333333286,36.51483333333337,0.025849,40.223,0.00836851697335579,6.258043703922019,0.0051698000000000004,8.0446,0.025656,45.173,0.00461808,8.13114,0.4305775852063907,1.9281256992268108,0.5238107611821358,1.2988338658539884,0.5877192982456141,0.22807017543859648,0.0,0.0,0.0,0.0,False,False,False,2,240.0,240.0,0.0,0.0,0.11344655700000002,0.5670553780486705,0.4329446219513295,weak_rules_v2,False,normal,keep_monitoring,0.032004,0.001024,train
synthetic_socket_left_on_0192_1775410800000,1775410800000,synthetic_scenario,socket_left_on,socket_left_on_0192,2026-04-05T20:40:00+03:00,2026-04-05,synthetic_hourly_summary,20,Sunday,False,94,26.119,33.846,315.198,8,92,0,4,0,0.0865,59.403,81.373,0.030195,3.559,3.591,0.001809,62.962,82.177,0.032004,0.001024,0.032,18.0,49.0,17.0,0,1,0,0,0.024781,0.026181,38.416,66.634,False,False,True,False,False,evening,0.028075,55.734,55.768,0.0039289999999999985,7.2280000000000015,0.03466866666666667,59.746999999999964,0.029228333333333287,45.39333333333337,0.026181,66.634,0.008255108256912436,3.6794835235657604,0.0052362,13.3268,0.024781,38.416,0.00446058,6.914879999999999,1.1120660020625641,-0.27553501215595616,1.6192961453443269,3.549736221019021,0.0851063829787234,0.9787234042553191,0.0425531914893617,0.0,0.0,0.0,False,False,False,1,0.0,300.0,0.0,60.0,0.28757893500000004,0.0,1.0,weak_rules_v2,True,socket_left_on,turn_off_unused_socket,0.054878,0.001756,train
synthetic_socket_left_on_0192_1775414400000,1775414400000,synthetic_scenario,socket_left_on,socket_left_on_0192,2026-04-05T21:40:00+03:00,2026-04-05,synthetic_hourly_summary,21,Sunday,False,154,27.752,55.342,648.918,17,20,0,1,0,0.1107,53.882,80.356,0.051036,4.056,5.791,0.003842,57.938,98.821,0.054878,0.001756,0.032,37.0,24.0,58.0,0,1,1,0,0.024694,0.031385,49.072,40.638,False,False,True,False,False,evening,0.032004,62.962,82.177,0.022874000000000005,-5.024000000000001,0.038319,58.877999999999965,0.03802999999999995,54.59816666666671,0.031385,40.638,0.014474447174245057,3.704550715025101,0.006277000000000001,8.1276,0.024694,49.072,0.00444492,8.83296,3.7427114863788424,2.1285496333480984,6.790673397946421,1.0037405354490454,0.11038961038961038,0.12987012987012986,0.006493506493506494,0.0,0.0,0.0,False,False,False,1,0.0,360.0,0.0,120.0,0.257621317,0.6654198215169849,0.33458017848301513,weak_rules_v2,True,socket_left_on,turn_off_unused_socket,0.020993,0.000672,train
synthetic_socket_left_on_0192_1775418000000,1775418000000,synthetic_scenario,socket_left_on,socket_left_on_0192,2026-04-05T22:40:00+03:00,2026-04-05,synthetic_hourly_summary,22,Sunday,False,132,28.136,56.337,268.664,0,30,0,9,0,0.0,18.0,28.204,0.014973,7.237,10.272,0.00602,25.237,40.615,0.020993,0.000672,0.032,35.0,6.0,88.0,0,1,0,0,0.012376,0.015786,18.646,28.487,False,False,False,False,False,night,0.054878,57.938,98.821,-0.033885,-32.70100000000001,0.035958333333333335,48.7123333333333,0.036754833333333285,51.75816666666671,0.015786,28.487,0.017285134374176673,20.48483830381727,0.0031572000000000006,5.6974,0.012376,18.646,0.0022276799999999997,3.35628,1.6492461674901808,-0.5704356373082459,3.8681498240321783,1.9637813293288993,0.0,0.22727272727272727,0.06818181818181818,0.0,0.0,60.0,False,False,False,1,0.0,420.0,0.0,180.0,0.126185,0.34540622355703354,0.6545937764429665,weak_rules_v2,True,socket_left_on,turn_off_unused_socket,0.026819,0.000858,train
synthetic_socket_left_on_0192_1775421600000,1775421600000,synthetic_scenario,socket_left_on,socket_left_on_0192,2026-04-05T23:40:00+03:00,2026-04-05,synthetic_hourly_summary,23,Sunday,False,65,29.35,61.013,540.182,2,55,0,0,0,0.0386,49.765,56.898,0.025074,3.464,5.937,0.001745,53.229,74.934,0.026819,0.000858,0.032,74.0,74.0,45.0,0,1,3,0,0.018581,0.017298,28.206,60.635,True,False,False,False,True,night,0.020993,25.237,40.615,0.005825999999999998,27.992,0.034230000000000003,45.46799999999996,0.03444933333333329,52.607500000000044,0.017298,60.635,0.01811740867232427,17.678056765386007,0.0034596,12.127,0.018581,28.206,0.0033445799999999998,5.07708,2.7520522603769217,-0.6107033891316895,2.4630895359058536,4.928620388097095,0.03076923076923077,0.8461538461538461,0.0,0.0,0.0,0.0,False,False,False,1,0.0,480.0,0.0,240.0,0.255871803,0.0,1.0,weak_rules_v2,True,socket_left_on,turn_off_unused_socket,0.044817,0.001434,train
synthetic_smoke_gas_0095_1775443200000,1775443200000,synthetic_scenario,smoke_gas,smoke_gas_0095,2026-04-06T05:40:00+03:00,2026-04-06,synthetic_hourly_summary,5,Monday,False,87,23.883,40.522,549.659,87,64,8,6,0,1.0,25.973,37.032,0.015783,47.341,55.105,0.028768,73.751,103.425,0.044817,0.001434,0.032,55.0,54.0,16.0,1,1,2,0,0.049817,0.048962,20.707,67.111,True,True,False,False,True,morning,0.026819,53.229,74.934,0.017998000000000004,20.522000000000006,0.03087633333333334,50.738999999999955,0.03459766666666662,54.80850000000004,0.048962,67.111,0.01241942870398409,24.352661538324785,0.0097924,13.422200000000002,0.049817,20.707,0.008967059999999999,3.72726,-0.4232874474081937,0.49470280579934733,-0.557596358226665,14.231365668077894,1.0,0.735632183908046,0.06896551724137931,0.09195402298850575,0.0,0.0,False,False,False,2,60.0,540.0,0.0,0.0,0.0,0.0,1.0,weak_rules_v2,False,smoke_gas_safety,check_smoke_gas_sensor,0.051935,0.001662,train
synthetic_normal_usage_0290_1775446800000,1775446800000,synthetic_scenario,normal_usage,normal_usage_0290,2026-04-06T06:40:00+03:00,2026-04-06,synthetic_hourly_summary,6,Monday,False,58,25.288,54.0,478.825,45,55,0,6,0,0.7774,20.758,29.715,0.014847,51.855,76.988,0.037089,72.613,84.902,0.051935,0.001662,0.032,31.0,59.0,6.0,1,1,2,0,0.019298,0.044065,66.321,73.709,False,True,False,False,False,morning,0.044817,73.751,103.425,0.007117999999999999,-1.1380000000000052,0.041190333333333336,66.53099999999996,0.03857433333333329,57.621666666666705,0.044065,73.709,0.012944801942607857,11.533913646294703,0.008813,14.741800000000001,0.019298,66.321,0.0034736399999999996,11.93778,0.892998978781346,-0.07434641631279787,9.395619580612845,0.5270661714322095,0.7758620689655172,0.9482758620689655,0.10344827586206896,0.0,0.0,0.0,False,False,False,2,120.0,600.0,0.0,0.0,0.080818269,0.8243112761892635,0.1756887238107365,weak_rules_v2,True,unusual_same_hour_usage,review_unusual_usage,0.050586,0.001619,train
synthetic_smoke_gas_0095_1775446800000,1775446800000,synthetic_scenario,smoke_gas,smoke_gas_0095,2026-04-06T06:40:00+03:00,2026-04-06,synthetic_hourly_summary,6,Monday,False,62,24.031,47.335,236.275,34,44,5,0,0,0.56,6.512,11.096,0.004349,68.96,104.145,0.046059,75.738,121.938,0.050586,0.001619,0.032,45.0,66.0,55.0,1,0,3,0,0.047046,0.027947,70.272,69.427,False,True,False,False,False,morning,0.051935,72.613,84.902,-0.001349000000000003,3.125,0.049112666666666666,74.03399999999998,0.04167133333333329,59.75100000000003,0.027947,69.427,0.0037808086877471367,1.581604565045809,0.0055894000000000004,13.885400000000002,0.047046,70.272,0.00846828,12.64896,4.050345296454002,0.45450617195039333,0.41803057999971677,0.4321303885853061,0.5483870967741935,0.7096774193548387,0.0,0.08064516129032258,0.0,0.0,False,False,False,1,180.0,0.0,0.0,0.0,0.16662359999999996,0.8559565371382313,0.1440434628617687,weak_rules_v2,False,smoke_gas_safety,check_smoke_gas_sensor,0.080703,0.002582,train
synthetic_normal_usage_0290_1775450400000,1775450400000,synthetic_scenario,normal_usage,normal_usage_0290,2026-04-06T07:40:00+03:00,2026-04-06,synthetic_hourly_summary,7,Monday,False,109,28.484,43.997,475.465,54,70,0,5,0,0.4989,16.173,20.118,0.013259,73.816,93.12,0.060517,98.438,149.392,0.080703,0.002582,0.032,55.0,28.0,46.0,1,1,0,0,0.036133,0.097486,99.792,39.272,False,True,False,False,False,morning,0.050586,75.738,121.938,0.030116999999999998,22.700000000000003,0.061074666666666666,82.26299999999996,0.04597549999999995,66.50100000000005,0.097486,39.272,0.01701201200132848,14.094835046929905,0.019497200000000003,7.8544,0.036133,99.792,0.00650394,17.96256,-0.860790267320436,7.53284783051538,6.852769244488726,-0.0753790105641957,0.4954128440366973,0.6422018348623854,0.045871559633027525,0.0,0.0,0.0,False,False,False,2,240.0,60.0,0.0,0.0,0.246636409,0.9748736631452681,0.0251263368547319,weak_rules_v2,True,unusual_same_hour_usage,review_unusual_usage,0.015695,0.000502,train
synthetic_smoke_gas_0095_1775450400000,1775450400000,synthetic_scenario,smoke_gas,smoke_gas_0095,2026-04-06T07:40:00+03:00,2026-04-06,synthetic_hourly_summary,7,Monday,False,168,25.102,73.1,105.195,79,135,17,9,0,0.4751,19.804,27.863,0.015695,0.0,0.0,0.0,19.804,28.973,0.015695,0.000502,0.032,15.0,47.0,89.0,0,1,2,0,0.015938,0.012057,17.676,17.973,False,True,False,False,False,morning,0.080703,98.438,149.392,-0.065008,-78.634,0.048994666666666666,64.65999999999995,0.04509249999999995,65.59550000000003,0.012057,17.973,0.03253320261415012,40.47058255078848,0.0024114,3.5946,0.015938,17.676,0.00286884,3.1816799999999996,1.5086671643028948,0.5093751738719189,-0.08470322499686289,0.6688290462900104,0.47023809523809523,0.8035714285714286,0.05357142857142857,0.10119047619047619,0.0,0.0,False,False,False,1,0.0,120.0,0.0,0.0,0.05197559799999999,0.7770569845699965,0.22294301543000347,weak_rules_v2,False,smoke_gas_safety,check_smoke_gas_sensor,0.015085,0.000483,train
synthetic_normal_usage_0290_1775454000000,1775454000000,synthetic_scenario,normal_usage,normal_usage_0290,2026-04-06T08:40:00+03:00,2026-04-06,synthetic_hourly_summary,8,Monday,False,150,26.738,59.81,40.0,90,21,0,14,0,0.6011,13.757,18.826,0.009884,2.323,3.455,0.001669,20.996,31.587,0.015085,0.000483,0.032,43.0,56.0,21.0,0,1,2,0,0.012294,0.010855,19.647,22.216,False,True,False,True,False,morning,0.015695,19.804,28.973,-0.0006100000000000012,1.1920000000000002,0.037161,46.41266666666663,0.043136833333333284,60.22333333333338,0.010855,22.216,0.037709711587335305,45.05920213822634,0.002171,4.4432,0.012294,19.647,0.0022129199999999997,3.5364599999999995,1.9484108705665588,-0.2745768815268281,1.2612295067151096,0.3814549012289126,0.6,0.14,0.09333333333333334,0.0,0.0,0.0,False,False,False,1,0.0,180.0,0.0,0.0,0.041876522,0.8728483662570291,0.12715163374297087,weak_rules_v2,False,normal,keep_monitoring,0.022856,0.000731,train
synthetic_smoke_gas_0095_1775454000000,1775454000000,synthetic_scenario,smoke_gas,smoke_gas_0095,2026-04-06T08:40:00+03:00,2026-04-06,synthetic_hourly_summary,8,Monday,False,127,28.349,60.94,436.172,31,91,19,1,0,0.2455,2.065,2.065,0.001838,16.781,22.436,0.014931,25.687,40.444,0.022856,0.000731,0.032,42.0,50.0,42.0,1,0,0,0,0.007766,0.024462,27.931,14.518,False,True,False,True,False,morning,0.015085,20.996,31.587,0.007771000000000002,4.6910000000000025,0.017878666666666668,22.162333333333294,0.039476666666666625,52.212666666666706,0.024462,14.518,0.004321274156234888,3.1100920136822476,0.004892400000000001,3.0,0.007766,27.931,0.002,5.02758,-0.3282642465865423,3.7230000000000003,7.545,-0.4463379995942381,0.2440944881889764,0.7165354330708661,0.007874015748031496,0.14960629921259844,0.0,0.0,False,False,False,1,60.0,0.0,0.0,0.0,0.09690420749999999,0.8512206668019207,0.14877933319807937,weak_rules_v2,False,smoke_gas_safety,check_smoke_gas_sensor,0.088973,0.002847,train
synthetic_normal_usage_0290_1775457600000,1775457600000,synthetic_scenario,normal_usage,normal_usage_0290,2026-04-06T09:40:00+03:00,2026-04-06,synthetic_hourly_summary,9,Monday,False,49,30.69,44.735,304.121,29,43,0,2,7,0.6007,1.061,1.443,0.000823,110.223,157.392,0.085503,114.696,155.146,0.088973,0.002847,0.032,36.0,51.0,57.0,1,0,0,0,0.069065,0.056937,74.171,107.303,False,True,False,True,False,morning,0.022856,25.687,40.444,0.066117,89.009,0.042304666666666664,53.79299999999996,0.045649666666666616,59.22650000000004,0.056937,107.303,0.04060230427369048,52.79567147977377,0.0113874,21.4606,0.069065,74.171,0.0124317,13.35078,2.813284858703479,0.3444917663066271,1.6013899949323096,3.035403174945583,0.5918367346938775,0.8775510204081632,0.04081632653061224,0.0,0.14285714285714285,0.0,False,False,False,1,120.0,0.0,60.0,0.0,0.22899056399999998,0.0,1.0,weak_rules_v2,True,unusual_same_hour_usage,review_unusual_usage,0.034983,0.001119,train
synthetic_normal_usage_0040_1775464800000,1775464800000,synthetic_scenario,normal_usage,normal_usage_0040,2026-04-06T11:40:00+03:00,2026-04-06,synthetic_hourly_summary,11,Monday,False,79,29.005,50.992,629.659,79,25,0,0,0,1.0,9.002,11.688,0.00551,47.485,49.502,0.029068,57.148,84.371,0.034983,0.001119,0.032,10.0,25.0,17.0,1,0,2,0,0.039745,0.023278,36.088,27.574,False,True,False,True,False,morning,0.088973,114.696,155.146,-0.053989999999999996,-57.547999999999995,0.04893733333333333,65.84366666666662,0.04304916666666662,56.12816666666671,0.023278,27.574,0.03519811055061542,45.13714085244563,0.0046556,5.514800000000001,0.039745,36.088,0.0071541,6.49584,2.514176475642237,5.362660477261187,-0.6656322947680354,3.2420749279538907,1.0,0.31645569620253167,0.0,0.0,0.0,0.0,False,False,False,1,180.0,0.0,0.0,0.0,0.0,0.0,1.0,weak_rules_v2,True,unusual_same_hour_usage,review_unusual_usage,0.035539,0.001137,train
synthetic_normal_usage_0040_1775468400000,1775468400000,synthetic_scenario,normal_usage,normal_usage_0040,2026-04-06T12:40:00+03:00,2026-04-06,synthetic_hourly_summary,12,Monday,False,102,26.193,35.332,542.0,62,17,0,5,0,0.6159,8.026,12.586,0.006192,38.041,50.91,0.029347,46.067,72.968,0.035539,0.001137,0.032,37.0,26.0,35.0,1,0,2,0,0.01078,0.025275,43.296,39.646,False,False,False,True,False,afternoon,0.034983,57.148,84.371,0.0005560000000000009,-11.081000000000003,0.053165,72.63699999999996,0.03552183333333329,47.39966666666671,0.025275,39.646,0.031011883722212218,36.84313709498927,0.0050550000000000005,7.929200000000001,0.01078,43.296,0.002,7.793279999999999,2.0304648862512367,0.8097916561569892,12.379500000000002,0.3555627412334731,0.6078431372549019,0.16666666666666666,0.049019607843137254,0.0,0.0,0.0,False,False,False,1,240.0,0.0,0.0,0.0,0.0884716735,0.881479086255509,0.11852091374449103,weak_rules_v2,False,unusual_same_hour_usage,review_unusual_usage,0.044661,0.001429,train
synthetic_normal_usage_0040_1775472000000,1775472000000,synthetic_scenario,normal_usage,normal_usage_0040,2026-04-06T13:40:00+03:00,2026-04-06,synthetic_hourly_summary,13,Monday,False,80,27.982,61.275,515.076,41,40,0,0,0,0.514,15.679,18.923,0.012034,42.509,54.867,0.032627,58.188,79.05,0.044661,0.001429,0.032,5.0,30.0,23.0,1,1,3,0,0.012813,0.027285,63.304,67.788,False,False,False,True,False,afternoon,0.035539,46.067,72.968,0.009121999999999998,12.121000000000002,0.038394333333333336,53.800999999999966,0.04034949999999995,53.79700000000003,0.027285,67.788,0.0054342080686466685,6.717995757679302,0.005457,13.5576,0.012813,63.304,0.00230634,11.39472,3.184167124793843,-0.708089927420782,13.808892010718282,-0.44897987839982023,0.5125,0.5,0.0,0.0,0.0,0.0,False,False,False,2,300.0,60.0,0.0,0.0,0.14139684000000002,0.8503400405333933,0.14965995946660673,weak_rules_v2,True,unusual_same_hour_usage,review_unusual_usage,0.029998,0.00096,train
synthetic_normal_usage_0040_1775475600000,1775475600000,synthetic_scenario,normal_usage,normal_usage_0040,2026-04-06T14:40:00+03:00,2026-04-06,synthetic_hourly_summary,14,Monday,False,66,25.916,47.231,658.771,51,39,0,7,0,0.7759,11.601,17.19,0.00766,33.831,45.07,0.022338,45.432,64.999,0.029998,0.00096,0.032,48.0,79.0,12.0,1,1,3,0,0.024757,0.029895,9.086,28.788,False,False,False,True,False,afternoon,0.044661,58.188,79.05,-0.014662999999999999,-12.756,0.03673266666666667,49.895666666666635,0.042834999999999956,57.86966666666671,0.029895,28.788,0.007404020686987887,7.188386490272698,0.005979000000000001,5.7576,0.024757,9.086,0.00445626,3.0,0.01722696103027244,2.890787828261776,1.1760983425563138,12.115333333333334,0.7727272727272727,0.5909090909090909,0.10606060606060606,0.0,0.0,0.0,False,False,False,2,360.0,120.0,0.0,0.0,0.05090655599999999,0.0,1.0,weak_rules_v2,False,sudden_power_spike,reduce_peak_load,0.161928,0.005182,train
synthetic_power_spike_0139_1775490000000,1775490000000,synthetic_scenario,power_spike,power_spike_0139,2026-04-06T18:40:00+03:00,2026-04-06,synthetic_hourly_summary,18,Monday,False,82,25.613,51.708,164.697,42,79,0,9,0,0.5145,116.075,180.774,0.067453,161.208,194.422,0.093681,278.648,315.049,0.161928,0.005182,0.032,17.0,77.0,9.0,1,1,0,0,0.062538,0.08429,130.673,164.624,False,False,True,False,False,evening,0.029998,45.432,64.999,0.13193,233.216,0.07886233333333333,127.42266666666664,0.06601366666666662,100.02983333333339,0.08429,164.624,0.07230960950201117,131.12019282068437,0.016858,32.9248,0.062538,130.673,0.011256839999999999,23.52114,4.605409894412147,3.463164544659346,8.829298453207118,6.291149153484909,0.5121951219512195,0.9634146341463414,0.10975609756097561,0.0,0.0,0.0,False,False,False,2,420.0,180.0,60.0,0.0,0.48550000000000004,0.0,1.0,weak_rules_v2,True,unusual_same_hour_usage,review_unusual_usage,0.243202,0.007782,train
synthetic_power_spike_0139_1775493600000,1775493600000,synthetic_scenario,power_spike,power_spike_0139,2026-04-06T19:40:00+03:00,2026-04-06,synthetic_hourly_summary,19,Monday,False,135,26.606,50.525,504.644,96,27,0,6,0,0.7139,138.655,170.982,0.094478,218.266,302.523,0.148724,356.921,457.314,0.243202,0.007782,0.032,54.0,71.0,62.0,1,1,0,0,0.084574,0.108204,165.358,218.1,False,False,True,False,False,evening,0.161928,278.648,315.049,0.08127400000000001,78.27299999999997,0.14504266666666665,227.00033333333332,0.09171849999999994,140.4006666666667,0.108204,218.1,0.10760028933666184,162.03999624886853,0.0216408,43.620000000000005,0.084574,165.358,0.015223319999999999,29.76444,6.238124283760304,3.182508023842274,10.420066056550082,6.4359685584543165,0.7111111111111111,0.2,0.044444444444444446,0.0,0.0,0.0,False,False,False,2,480.0,240.0,120.0,0.0,0.2861,0.0,1.0,weak_rules_v2,True,unusual_same_hour_usage,review_unusual_usage,0.243961,0.007807,train
synthetic_power_spike_0139_1775497200000,1775497200000,synthetic_scenario,power_spike,power_spike_0139,2026-04-06T20:40:00+03:00,2026-04-06,synthetic_hourly_summary,20,Monday,False,81,26.594,52.587,130.069,43,34,0,2,0,0.5362,147.972,244.622,0.087341,260.093,382.844,0.15352,413.318,569.071,0.243961,0.007807,0.032,40.0,72.0,81.0,1,1,3,0,0.099575,0.099548,199.221,175.57,False,False,True,False,False,evening,0.243202,356.921,457.314,0.0007590000000000097,56.39699999999999,0.2163636666666667,349.62899999999996,0.1265481666666666,199.76233333333337,0.099548,175.57,0.04714419767408648,67.63048257257856,0.0199096,35.114,0.099575,199.221,0.0179235,35.85978,7.2534355285892245,6.770746710713675,8.055681089073007,5.970393571851249,0.5308641975308642,0.41975308641975306,0.024691358024691357,0.0,0.0,0.0,False,False,False,2,540.0,300.0,180.0,0.0,0.4638,0.0,1.0,weak_rules_v2,True,unusual_same_hour_usage,review_unusual_usage,0.15268,0.004886,train
synthetic_power_spike_0139_1775500800000,1775500800000,synthetic_scenario,power_spike,power_spike_0139,2026-04-06T21:40:00+03:00,2026-04-06,synthetic_hourly_summary,21,Monday,False,128,25.033,53.984,434.092,66,83,0,15,0,0.5206,83.092,113.577,0.046735,184.659,271.008,0.103862,271.455,417.257,0.15268,0.004886,0.032,36.0,24.0,88.0,1,1,0,0,0.053403,0.07885,154.72,115.933,False,False,True,False,False,evening,0.243961,413.318,569.071,-0.091281,-141.863,0.21328100000000003,347.23133333333334,0.14607166666666663,237.32700000000003,0.07885,115.933,0.05248337756852169,71.42615012957924,0.015770000000000003,23.186600000000002,0.053403,154.72,0.00961254,27.8496,4.681674064679771,6.707408589443902,10.32786339510681,4.191622141790187,0.515625,0.6484375,0.1171875,0.0,0.0,0.0,False,False,False,2,600.0,360.0,240.0,0.0,0.47940000000000005,0.0,1.0,weak_rules_v2,True,unusual_same_hour_usage,review_unusual_usage,0.023256,0.000744,train
synthetic_smoke_gas_0155_1775569200000,1775569200000,synthetic_scenario,smoke_gas,smoke_gas_0155,2026-04-07T16:40:00+03:00,2026-04-07,synthetic_hourly_summary,16,Tuesday,False,152,25.02,62.96,40.0,86,58,7,1,0,0.5701,5.538,8.171,0.003798,28.37,34.413,0.019458,33.908,47.448,0.023256,0.000744,0.032,56.0,50.0,33.0,1,0,2,0,0.027967,0.01816,16.547,17.86,False,False,False,True,False,afternoon,0.15268,271.455,417.257,-0.129424,-237.54699999999997,0.13996566666666665,239.56033333333326,0.14250416666666663,233.28033333333337,0.01816,17.86,0.11090047321960958,191.70534511675288,0.003632,3.572,0.027967,16.547,0.00503406,3.0,1.4030837004405288,4.492721164613663,-0.9358251590167777,5.787,0.5657894736842105,0.3815789473684211,0.006578947368421052,0.046052631578947366,0.0,0.0,False,False,False,1,660.0,0.0,0.0,0.0,0.07288524599999999,0.0,1.0,weak_rules_v2,False,smoke_gas_safety,check_smoke_gas_sensor,0.060174,0.001926,train
synthetic_smoke_gas_0155_1775572800000,1775572800000,synthetic_scenario,smoke_gas,smoke_gas_0155,2026-04-07T17:40:00+03:00,2026-04-07,synthetic_hourly_summary,17,Tuesday,False,45,23.437,58.903,189.17,24,23,3,1,0,0.5478,15.455,20.577,0.012296,55.466,67.454,0.044128,75.636,88.432,0.060174,0.001926,0.032,73.0,11.0,13.0,1,1,1,0,0.040197,0.046229,78.239,80.869,False,False,True,True,False,evening,0.023256,33.908,47.448,0.036918,41.727999999999994,0.07870333333333333,126.99966666666661,0.14753349999999996,238.3143333333334,0.046229,80.869,0.06667192129624991,126.82986238395698,0.0092458,16.1738,0.040197,78.239,0.007235459999999999,14.08302,1.5082523956823637,-0.32354796028144306,2.760985479845097,-0.18483251461689387,0.5333333333333333,0.5111111111111111,0.022222222222222223,0.06666666666666667,0.0,0.0,False,False,False,2,720.0,60.0,0.0,0.0,0.171012996,0.9383891617943687,0.06161083820563129,weak_rules_v2,False,smoke_gas_safety,check_smoke_gas_sensor,0.00903,0.000289,train
synthetic_smoke_gas_0155_1775576400000,1775576400000,synthetic_scenario,smoke_gas,smoke_gas_0155,2026-04-07T18:40:00+03:00,2026-04-07,synthetic_hourly_summary,18,Tuesday,False,103,24.955,60.176,478.224,102,17,15,2,0,0.998,7.718,9.676,0.008104,0.882,1.349,0.000926,8.6,12.408,0.00903,0.000289,0.032,36.0,15.0,76.0,0,0,2,0,0.004688,0.004942,7.026,4.063,False,False,True,False,False,evening,0.060174,75.636,88.432,-0.051143999999999995,-67.036,0.03082,39.381333333333295,0.12205049999999995,193.30633333333336,0.004942,4.063,0.02639768467119815,33.851504506204414,0.002,3.0,0.004688,7.026,0.002,3.0,2.0439999999999996,1.5123333333333333,2.171,0.5246666666666666,0.9902912621359223,0.1650485436893204,0.019417475728155338,0.14563106796116504,0.0,0.0,False,False,False,0,0.0,0.0,0.0,0.0,8.600000000000007e-05,0.8251111111111111,0.17488888888888887,weak_rules_v2,False,smoke_gas_safety,check_smoke_gas_sensor,0.015239,0.000488,train
synthetic_smoke_gas_0155_1775580000000,1775580000000,synthetic_scenario,smoke_gas,smoke_gas_0155,2026-04-07T19:40:00+03:00,2026-04-07,synthetic_hourly_summary,19,Tuesday,False,138,26.15,52.183,300.355,50,10,13,8,0,0.3669,0.056,0.094,2.9e-05,21.068,30.165,0.01085,29.59,44.952,0.015239,0.000488,0.032,45.0,35.0,78.0,1,0,3,0,0.010815,0.012462,21.389,20.96,False,False,True,False,False,evening,0.00903,8.6,12.408,0.006209000000000001,20.990000000000002,0.028147666666666668,37.94199999999996,0.08405666666666661,138.7511666666667,0.012462,20.96,0.027908823700280583,34.28955018661292,0.0024924000000000005,4.192,0.010815,21.389,0.002,3.8500199999999998,1.11418712887177,2.05868320610687,2.212,2.1301188045776387,0.36231884057971014,0.07246376811594203,0.057971014492753624,0.09420289855072464,0.0,0.0,False,False,False,1,60.0,0.0,0.0,0.0,0.093667145,0.2899603984741205,0.7100396015258795,weak_rules_v2,False,smoke_gas_safety,check_smoke_gas_sensor,0.207386,0.006636,train
synthetic_power_spike_0289_1775630400000,1775630400000,synthetic_scenario,power_spike,power_spike_0289,2026-04-08T09:40:00+03:00,2026-04-08,synthetic_hourly_summary,9,Wednesday,False,69,30.866,74.809,348.474,69,35,0,7,10,1.0,70.182,98.881,0.060539,162.661,208.09,0.140311,240.421,337.334,0.207386,0.006636,0.032,78.0,37.0,58.0,1,1,2,0,0.083,0.084277,95.764,128.575,False,True,False,True,False,morning,0.015239,29.59,44.952,0.19214699999999998,210.831,0.07721833333333333,92.87033333333329,0.07796083333333328,109.93500000000002,0.084277,128.575,0.11277124635443797,128.21288722407553,0.016855400000000003,25.715,0.083,95.764,0.01494,17.23752,7.303831413078299,4.3494458487264245,8.325702811244978,8.391984461801929,1.0,0.5072463768115942,0.10144927536231885,0.0,0.14492753623188406,0.0,False,False,False,2,120.0,60.0,60.0,0.0,0.0,0.0,1.0,weak_rules_v2,True,unusual_same_hour_usage,review_unusual_usage,0.124258,0.003976,train
synthetic_power_spike_0289_1775634000000,1775634000000,synthetic_scenario,power_spike,power_spike_0289,2026-04-08T10:40:00+03:00,2026-04-08,synthetic_hourly_summary,10,Wednesday,False,72,27.959,56.019,416.928,37,33,0,3,0,0.525,50.0,80.785,0.032917,129.986,186.023,0.085575,188.743,253.84,0.124258,0.003976,0.032,74.0,43.0,20.0,1,1,1,0,0.050298,0.074715,58.982,99.323,False,True,False,True,False,morning,0.207386,240.421,337.334,-0.083128,-51.678,0.11562766666666667,152.91799999999995,0.07322383333333328,96.14966666666669,0.074715,99.323,0.09636378672682669,109.88630765022593,0.014943000000000001,19.8646,0.050298,58.982,0.00905364,10.61676,3.3154654353208852,4.50147498565287,8.169090001369614,12.22227873663905,0.5138888888888888,0.4583333333333333,0.041666666666666664,0.0,0.0,0.0,False,False,False,2,180.0,120.0,120.0,0.0,0.44826462499999997,0.0,1.0,weak_rules_v2,True,unusual_same_hour_usage,review_unusual_usage,0.012813,0.00041,train
synthetic_power_spike_0289_1775637600000,1775637600000,synthetic_scenario,power_spike,power_spike_0289,2026-04-08T11:40:00+03:00,2026-04-08,synthetic_hourly_summary,11,Wednesday,False,48,29.99,58.682,409.242,13,22,0,3,0,0.2797,118.938,191.442,0.088323,120.717,178.621,0.089644,242.397,321.209,0.180004,0.00576,0.032,35.0,38.0,58.0,1,1,0,0,0.065726,0.09183,85.889,114.911,False,True,False,True,False,morning,0.012813,28.025,42.4,0.167191,214.37199999999999,0.10569166666666667,153.05499999999995,0.09145499999999995,122.96266666666669,0.09183,114.911,0.08512778142494574,111.55296322375352,0.018366,22.982200000000002,0.065726,85.889,0.011830680000000001,15.460019999999998,4.800936513122074,5.54716258669753,9.65946167084225,10.123402168949328,0.2708333333333333,0.4583333333333333,0.0625,0.0,0.0,0.0,False,False,False,2,300.0,60.0,60.0,0.0,0.7202999999999999,0.0,1.0,weak_rules_v2,True,unusual_same_hour_usage,review_unusual_usage,0.007709,0.000247,train
synthetic_power_spike_0289_1775641200000,1775641200000,synthetic_scenario,power_spike,power_spike_0289,2026-04-08T12:40:00+03:00,2026-04-08,synthetic_hourly_summary,12,Wednesday,False,178,26.711,43.471,40.0,80,83,0,18,0,0.455,50.0,84.596,0.047373,111.75,189.944,0.105877,161.75,205.259,0.15325,0.004904,0.032,66.0,46.0,8.0,1,1,3,0,0.065616,0.065359,61.456,71.082,False,False,False,True,False,afternoon,0.007709,12.878,22.168,0.145541,148.872,0.11365433333333334,139.0083333333333,0.11423666666666661,145.70233333333337,0.065359,71.082,0.09272138033017703,116.43723799684298,0.013071800000000001,14.2164,0.065616,61.456,0.01181088,11.06208,6.723710583087255,6.377704622829971,7.419768891056383,9.06646851225086,0.449438202247191,0.46629213483146065,0.10112359550561797,0.0,0.0,0.0,False,False,False,2,60.0,180.0,60.0,0.0,0.44076874999999993,0.0,1.0,weak_rules_v2,True,unusual_same_hour_usage,review_unusual_usage,0.032361,0.001036,train
synthetic_normal_usage_0090_1775659200000,1775659200000,synthetic_scenario,normal_usage,normal_usage_0090,2026-04-08T17:40:00+03:00,2026-04-08,synthetic_hourly_summary,17,Wednesday,False,124,26.788,66.567,238.696,73,119,0,9,0,0.596,6.076,9.746,0.004782,37.1,46.89,0.029199,43.175,68.296,0.03398,0.001087,0.032,31.0,39.0,23.0,1,0,0,0,0.022207,0.022619,37.764,24.664,False,False,True,True,False,evening,0.014146,40.416,54.244,0.019834000000000004,2.7590000000000003,0.029854666666666668,48.87933333333331,0.025765499999999955,43.928833333333365,0.022619,24.664,0.014105924192811158,12.346866174603624,0.0045238000000000006,4.9328,0.022207,37.764,0.00399726,6.7975200000000005,2.5113842344931254,3.7526354200454093,2.945267508243147,0.796025609339876,0.5887096774193549,0.9596774193548387,0.07258064516129033,0.0,0.0,0.0,False,False,False,1,180.0,0.0,0.0,0.0,0.0872135,0.7346581302200413,0.26534186977995866,weak_rules_v2,False,unusual_same_hour_usage,review_unusual_usage,0.014691,0.00047,train
synthetic_normal_usage_0090_1775662800000,1775662800000,synthetic_scenario,normal_usage,normal_usage_0090,2026-04-08T18:40:00+03:00,2026-04-08,synthetic_hourly_summary,18,Wednesday,False,49,27.323,58.319,412.321,36,17,0,4,0,0.7535,5.814,8.765,0.003752,12.982,16.652,0.008379,22.762,31.787,0.014691,0.00047,0.032,76.0,52.0,69.0,1,0,2,0,0.014457,0.011229,22.895,20.137,False,False,True,False,False,evening,0.03398,43.175,68.296,-0.019289000000000004,-20.412999999999997,0.020939,35.45099999999997,0.02654266666666662,45.086000000000034,0.011229,20.137,0.011297124280098953,11.075245414899596,0.0022458,4.0274,0.014457,22.895,0.00260226,4.1211,1.541544215869623,0.6517852708943735,0.08992183717230401,-0.03227293683725197,0.7346938775510204,0.3469387755102041,0.08163265306122448,0.0,0.0,0.0,False,False,False,1,240.0,0.0,0.0,0.0,0.02805416500000001,0.9892423543875827,0.010757645612417323,weak_rules_v2,False,normal,keep_monitoring,0.046778,0.001497,train
synthetic_normal_usage_0090_1775666400000,1775666400000,synthetic_scenario,normal_usage,normal_usage_0090,2026-04-08T19:40:00+03:00,2026-04-08,synthetic_hourly_summary,19,Wednesday,False,157,26.881,57.312,388.345,97,145,0,12,0,0.6241,14.475,25.225,0.007242,74.771,104.491,0.037411,93.494,139.471,0.046778,0.001497,0.032,60.0,34.0,5.0,1,1,2,0,0.046509,0.036592,47.051,99.784,False,False,True,False,False,evening,0.014691,22.762,31.787,0.032087000000000004,70.732,0.031816333333333335,53.14366666666664,0.026623166666666618,45.771666666666704,0.036592,99.784,0.016152553430753145,36.40445978631693,0.0073184,19.9568,0.046509,47.051,0.00837162,8.46918,1.3918342807170967,-0.3151807905074965,0.03213237103451882,5.483765842738022,0.6178343949044586,0.9235668789808917,0.07643312101910828,0.0,0.0,0.0,False,False,False,2,300.0,60.0,0.0,0.0,0.175721973,0.0,1.0,weak_rules_v2,True,sudden_power_spike,reduce_peak_load,0.03318,0.001062,train
synthetic_normal_usage_0090_1775670000000,1775670000000,synthetic_scenario,normal_usage,normal_usage_0090,2026-04-08T20:40:00+03:00,2026-04-08,synthetic_hourly_summary,20,Wednesday,False,127,30.071,59.281,141.016,88,45,0,3,19,0.6995,17.947,28.59,0.013809,25.175,36.731,0.01937,43.122,51.415,0.03318,0.001062,0.032,68.0,36.0,32.0,1,1,1,0,0.020461,0.027513,17.86,32.323,False,False,True,False,False,evening,0.046778,93.494,139.471,-0.013597999999999999,-50.372,0.03154966666666666,53.125999999999976,0.030702166666666624,51.002666666666705,0.027513,32.323,0.016105507825999628,36.41172844016379,0.0055026,6.464600000000001,0.020461,17.86,0.0036829799999999998,3.2148,1.029876785519573,1.6704823190916682,3.453453453453454,7.858031603832276,0.6929133858267716,0.3543307086614173,0.023622047244094488,0.0,0.14960629921259844,0.0,False,False,False,2,360.0,120.0,0.0,0.0,0.06479080499999999,0.0,1.0,weak_rules_v2,False,unusual_same_hour_usage,review_unusual_usage,0.094289,0.003017,train
synthetic_routine_anomaly_0223_1775727600000,1775727600000,synthetic_scenario,routine_anomaly,routine_anomaly_0223,2026-04-09T12:40:00+03:00,2026-04-09,synthetic_hourly_summary,12,Thursday,False,121,28.329,57.472,164.745,25,14,0,2,0,0.2133,43.747,78.204,0.021761,144.205,166.63,0.071732,189.552,340.898,0.094289,0.003017,0.032,36.0,78.0,76.0,1,1,1,0,0.05893,0.051086,91.741,93.933,False,False,False,True,False,afternoon,0.03318,43.122,51.415,0.061109,146.43,0.058082333333333326,108.72266666666663,0.03951066666666662,72.08683333333336,0.051086,93.933,0.03208455133445591,74.39334944290046,0.010217200000000001,18.786600000000004,0.05893,91.741,0.0106074,16.513379999999998,4.2284578945307905,5.0897448181150375,3.3334276071421836,5.923136268892256,0.2066115702479339,0.11570247933884298,0.01652892561983471,0.0,0.0,0.0,False,False,False,2,420.0,180.0,60.0,0.0,0.7456027919999999,0.0,1.0,weak_rules_v2,True,unusual_same_hour_usage,review_unusual_usage,0.108477,0.003471,train
synthetic_routine_anomaly_0223_1775731200000,1775731200000,synthetic_scenario,routine_anomaly,routine_anomaly_0223,2026-04-09T13:40:00+03:00,2026-04-09,synthetic_hourly_summary,13,Thursday,False,119,25.313,60.452,546.375,12,111,0,3,0,0.1024,16.327,23.04,0.008842,182.637,232.836,0.09891,200.304,272.26,0.108477,0.003471,0.032,31.0,28.0,80.0,1,1,1,0,0.048828,0.051366,94.907,90.296,False,False,False,True,False,afternoon,0.094289,189.552,340.898,0.014188000000000006,10.75200000000001,0.07864866666666667,144.32599999999996,0.055232499999999955,98.73483333333337,0.051366,90.296,0.04001093066067494,87.80995722581878,0.010273200000000001,18.0592,0.048828,94.907,0.00878904,17.08326,5.559222053498423,6.091521219101621,6.786748040741651,6.169606971971392,0.10084033613445378,0.9327731092436975,0.025210084033613446,0.0,0.0,0.0,False,False,False,2,480.0,240.0,120.0,60.0,0.8976,0.0,1.0,weak_rules_v2,True,ac_running_empty_room,turn_off_or_adjust_ac,0.060906,0.001949,train
synthetic_routine_anomaly_0223_1775734800000,1775734800000,synthetic_scenario,routine_anomaly,routine_anomaly_0223,2026-04-09T14:40:00+03:00,2026-04-09,synthetic_hourly_summary,14,Thursday,False,70,26.833,58.496,404.85,20,32,0,5,0,0.2996,9.908,18.738,0.005455,100.723,158.088,0.055451,110.631,181.847,0.060906,0.001949,0.032,32.0,27.0,64.0,1,0,0,0,0.022899,0.029459,53.99,58.952,False,False,False,True,False,afternoon,0.108477,200.304,272.26,-0.047571,-89.673,0.08789066666666667,166.82899999999995,0.05972016666666662,109.97750000000003,0.029459,58.952,0.02442240799620992,48.96491375464778,0.0058918,11.7904,0.022899,53.99,0.00412182,9.7182,5.337418106520928,4.3831422173972046,9.220926678020874,5.828342697207302,0.2857142857142857,0.45714285714285713,0.07142857142857142,0.0,0.0,0.0,False,False,False,1,540.0,0.0,180.0,0.0,0.38742976199999996,0.0,1.0,weak_rules_v2,True,unusual_same_hour_usage,review_unusual_usage,0.136804,0.004378,train
synthetic_routine_anomaly_0223_1775738400000,1775738400000,synthetic_scenario,routine_anomaly,routine_anomaly_0223,2026-04-09T15:40:00+03:00,2026-04-09,synthetic_hourly_summary,15,Thursday,False,164,26.668,45.552,477.891,45,82,0,8,0,0.2754,25.752,41.532,0.021345,136.49,182.999,0.113132,165.049,249.87,0.136804,0.004378,0.032,66.0,64.0,77.0,1,1,2,0,0.065523,0.076736,65.558,96.247,False,False,False,True,False,afternoon,0.060906,110.631,181.847,0.07589800000000001,54.418000000000006,0.10206233333333332,158.66133333333332,0.08007233333333329,133.69200000000004,0.076736,96.247,0.03835345567655331,45.1764700517143,0.0153472,19.2494,0.065523,65.558,0.01179414,11.80044,3.913938698915764,3.574241275052729,6.043764106581744,8.431126296985536,0.27439024390243905,0.5,0.04878048780487805,0.0,0.0,0.0,False,False,False,2,600.0,60.0,240.0,0.0,0.597972527,0.0,1.0,weak_rules_v2,True,unusual_same_hour_usage,review_unusual_usage,0.016305,0.000522,train
synthetic_low_usage_normal_0118_1775767200000,1775767200000,synthetic_scenario,low_usage_normal,low_usage_normal_0118,2026-04-09T23:40:00+03:00,2026-04-09,synthetic_hourly_summary,23,Thursday,False,161,26.971,50.192,206.459,47,33,0,9,0,0.2964,4.139,6.56,0.003299,0.0,0.0,0.0,7.531,9.215,0.006002,0.000192,0.032,73.0,44.0,53.0,0,0,1,0,0.005294,0.006774,9.482,5.673,True,False,False,False,True,night,0.048151,61.534,63.416,-0.042149,-54.003,0.03432366666666667,47.41199999999998,0.05615699999999996,69.17433333333337,0.006774,5.673,0.024529550023050496,35.02464222515684,0.002,3.0,0.005294,9.482,0.002,3.0,-0.3859999999999996,0.6193333333333332,0.35400000000000015,-0.6503333333333332,0.2919254658385093,0.20496894409937888,0.055900621118012424,0.0,0.0,0.0,False,False,False,0,0.0,0.0,0.0,0.0,0.026494058,0.7832222222222223,0.21677777777777774,weak_rules_v2,False,normal,keep_monitoring,0.004761,0.000152,train
synthetic_low_usage_normal_0118_1775770800000,1775770800000,synthetic_scenario,low_usage_normal,low_usage_normal_0118,2026-04-10T00:40:00+03:00,2026-04-10,synthetic_hourly_summary,0,Friday,True,52,28.477,54.169,221.387,3,37,0,4,0,0.0714,0.634,0.922,0.000447,4.609,5.499,0.003251,6.749,11.711,0.004761,0.000152,0.032,63.0,28.0,17.0,0,0,3,0,0.003362,0.004888,7.039,6.902,True,False,False,False,True,night,0.006002,7.531,9.215,-0.0012410000000000008,-0.782,0.019638,25.271333333333303,0.03414983333333329,42.79100000000003,0.004888,6.902,0.024700777254977276,31.406824518464134,0.002,3.0,0.003362,7.039,0.002,3.0,-0.06350000000000018,-0.051000000000000156,0.6994999999999998,-0.09666666666666668,0.057692307692307696,0.7115384615384616,0.07692307692307693,0.0,0.0,0.0,False,False,False,0,0.0,0.0,0.0,60.0,0.031335606999999994,0.9677777777777777,0.03222222222222223,weak_rules_v2,False,normal,keep_monitoring,0.003517,0.000113,train
synthetic_low_usage_normal_0118_1775774400000,1775774400000,synthetic_scenario,low_usage_normal,low_usage_normal_0118,2026-04-10T01:40:00+03:00,2026-04-10,synthetic_hourly_summary,1,Friday,True,149,25.995,66.238,283.59,13,27,0,4,0,0.0887,3.649,5.465,0.002475,1.535,1.922,0.001041,5.184,6.844,0.003517,0.000113,0.032,54.0,46.0,88.0,0,0,1,0,0.00264,0.002068,4.292,5.14,True,False,False,False,True,night,0.004761,6.749,11.711,-0.0012439999999999994,-1.5649999999999995,0.00476,6.487999999999971,0.03201849999999995,39.97916666666671,0.002068,5.14,0.0012425003018116992,1.1950702909409856,0.002,3.0,0.00264,4.292,0.002,3.0,0.7245,0.014666666666666828,0.43850000000000006,0.29733333333333345,0.087248322147651,0.18120805369127516,0.026845637583892617,0.0,0.0,0.0,False,False,False,0,0.0,0.0,0.0,120.0,0.023620896000000002,0.9008888888888889,0.09911111111111115,weak_rules_v2,False,normal,keep_monitoring,0.003006,9.6e-05,train
synthetic_low_usage_normal_0118_1775778000000,1775778000000,synthetic_scenario,low_usage_normal,low_usage_normal_0118,2026-04-10T02:40:00+03:00,2026-04-10,synthetic_hourly_summary,2,Friday,True,178,27.478,63.098,428.949,39,17,0,12,0,0.2196,2.645,4.051,0.00134,0.0,0.0,0.0,5.935,6.871,0.003006,9.6e-05,0.032,75.0,21.0,16.0,0,0,1,0,0.002207,0.004226,4.901,3.722,True,False,False,False,True,night,0.003517,5.184,6.844,-0.0005110000000000002,0.7509999999999994,0.003761333333333333,5.955999999999972,0.019042499999999952,26.68400000000004,0.004226,3.722,0.0009026518339511978,0.7827113135060885,0.002,3.0,0.002207,4.901,0.002,3.0,-0.6099999999999999,0.7376666666666666,0.3994999999999999,0.3446666666666666,0.21910112359550563,0.09550561797752809,0.06741573033707865,0.0,0.0,0.0,False,False,False,0,0.0,0.0,0.0,0.0,0.023158369999999998,0.8851111111111112,0.11488888888888887,weak_rules_v2,False,normal,keep_monitoring,0.392487,0.01256,train
synthetic_high_energy_0214_1775781600000,1775781600000,synthetic_scenario,high_energy,high_energy_0214,2026-04-10T03:40:00+03:00,2026-04-10,synthetic_hourly_summary,3,Friday,True,123,27.94,55.168,861.978,9,21,0,14,0,0.0732,110.445,173.518,0.105841,299.114,444.804,0.286645,409.559,507.467,0.392487,0.01256,0.032,19.0,50.0,42.0,1,1,0,0,0.190831,0.177075,156.923,183.874,True,False,False,False,True,night,0.003006,5.935,6.871,0.38948099999999997,403.624,0.13300333333333333,140.22599999999997,0.0763206666666666,82.74866666666671,0.177075,183.874,0.2247195924487523,233.24952232962906,0.035415,36.7748,0.190831,156.923,0.03434958,28.24614,6.08250741211351,6.136947039820748,5.870697691209033,8.944089351677787,0.07317073170731707,0.17073170731707318,0.11382113821138211,0.0,0.0,0.0,False,False,False,2,60.0,60.0,60.0,60.0,0.9268,0.0,1.0,weak_rules_v2,True,ac_running_empty_room,turn_off_or_adjust_ac,0.233621,0.007476,train
synthetic_high_energy_0214_1775785200000,1775785200000,synthetic_scenario,high_energy,high_energy_0214,2026-04-10T04:40:00+03:00,2026-04-10,synthetic_hourly_summary,4,Friday,True,121,26.755,49.562,622.573,82,103,0,12,0,0.68,74.542,128.899,0.051635,260.364,374.677,0.180352,337.265,441.978,0.233621,0.007476,0.032,9.0,51.0,48.0,1,1,0,0,0.098616,0.119446,127.271,152.384,True,False,False,False,True,night,0.392487,409.559,507.467,-0.15886599999999998,-72.29400000000004,0.20970466666666665,250.91966666666664,0.10723233333333328,128.70383333333336,0.119446,152.384,0.19583885107489102,215.22016816584204,0.0238892,30.476799999999997,0.098616,127.271,0.01775088,22.90878,4.7793563618706365,6.066286486770265,7.60553842964405,9.166529164800568,0.6776859504132231,0.8512396694214877,0.09917355371900827,0.0,0.0,0.0,False,False,False,2,120.0,120.0,120.0,0.0,0.31999999999999995,0.0,1.0,weak_rules_v2,True,unusual_same_hour_usage,review_unusual_usage,0.005635,0.00018,train
synthetic_high_energy_0214_1775788800000,1775788800000,synthetic_scenario,high_energy,high_energy_0214,2026-04-10T05:40:00+03:00,2026-04-10,synthetic_hourly_summary,5,Friday,True,59,22.643,73.037,429.388,35,42,0,3,0,0.5965,40.439,78.904,0.018971,216.032,240.203,0.101348,259.321,328.651,0.121656,0.003893,0.032,12.0,57.0,77.0,1,1,3,0,0.043578,0.045508,101.239,120.797,True,True,False,False,True,morning,0.043745,54.257,54.257,0.07791100000000001,205.06400000000002,0.057012,106.78899999999997,0.13335833333333327,178.85433333333336,0.045508,120.797,0.059137366165564025,134.2118140254432,0.0091016,24.1594,0.043578,101.239,0.00784404,18.22302,8.366441065307198,5.733751666018197,9.953799317698534,8.674851918068466,0.5932203389830508,0.711864406779661,0.05084745762711865,0.0,0.0,0.0,False,False,False,2,120.0,120.0,60.0,0.0,0.40349999999999997,0.0,1.0,weak_rules_v2,True,unusual_same_hour_usage,review_unusual_usage,0.269428,0.008622,train
synthetic_high_energy_0214_1775792400000,1775792400000,synthetic_scenario,high_energy,high_energy_0214,2026-04-10T06:40:00+03:00,2026-04-10,synthetic_hourly_summary,6,Friday,True,113,28.966,42.212,517.417,41,12,0,9,0,0.3659,137.945,220.194,0.112485,192.464,255.395,0.156942,330.409,370.778,0.269428,0.008622,0.032,71.0,33.0,47.0,1,1,3,0,0.113358,0.144851,150.208,136.832,False,True,False,False,False,morning,0.121656,259.321,328.651,0.14777200000000001,71.08799999999997,0.14494300000000002,214.6623333333333,0.17776199999999995,232.9333333333334,0.144851,136.832,0.11462947875219535,143.39030356803545,0.0289702,27.3664,0.113358,150.208,0.02040444,27.03744,4.300177423697455,7.0735281220767074,7.64882545171541,6.6648691592103395,0.36283185840707965,0.10619469026548672,0.07964601769911504,0.0,0.0,0.0,False,False,False,2,180.0,180.0,120.0,0.0,0.6341,0.0,1.0,weak_rules_v2,True,unusual_same_hour_usage,review_unusual_usage,0.012237,0.000392,train
synthetic_ac_left_on_0121_1775792400000,1775792400000,synthetic_scenario,ac_left_on,ac_left_on_0121,2026-04-10T06:40:00+03:00,2026-04-10,synthetic_hourly_summary,6,Friday,True,116,26.706,60.278,73.124,2,15,0,1,0,0.0175,16.662,23.73,0.014044,203.342,238.69,0.171394,227.086,298.618,0.191408,0.006125,0.032,53.0,65.0,82.0,1,1,3,0,0.159396,0.204247,155.79,163.913,False,True,False,False,False,morning,0.012237,20.568,27.392,0.179171,206.518,0.15769100000000003,192.68766666666662,0.10735149999999995,149.73833333333337,0.204247,163.913,0.1318689868278361,157.7586616396494,0.04084940000000001,32.7826,0.159396,155.79,0.02869128,28.042199999999998,-0.3143008220438982,1.9270283626069926,1.1157396951268812,2.5424538730912705,0.017241379310344827,0.12931034482758622,0.008620689655172414,0.0,0.0,0.0,False,False,False,2,60.0,300.0,60.0,60.0,0.9825,0.15251537563624318,0.8474846243637568,weak_rules_v2,True,ac_running_empty_room,turn_off_or_adjust_ac,0.180624,0.00578,train
synthetic_ac_left_on_0121_1775796000000,1775796000000,synthetic_scenario,ac_left_on,ac_left_on_0121,2026-04-10T07:40:00+03:00,2026-04-10,synthetic_hourly_summary,7,Friday,True,168,29.255,57.437,637.321,8,57,0,20,0,0.049,3.244,3.897,0.002932,196.589,281.846,0.177692,199.834,254.999,0.180624,0.00578,0.032,66.0,45.0,14.0,1,0,1,0,0.171532,0.193356,169.7,54.271,False,True,False,False,False,morning,0.191408,227.086,298.618,-0.010783999999999988,-27.25200000000001,0.12808966666666668,149.16266666666664,0.1365163333333333,181.91250000000002,0.193356,54.271,0.10047613619329387,112.1967428107137,0.0386712,10.8542,0.171532,169.7,0.03087576,30.545999999999996,-0.329237261838267,13.410753441064287,0.2944704842892942,0.986512145616448,0.047619047619047616,0.3392857142857143,0.11904761904761904,0.0,0.0,0.0,False,False,False,1,120.0,0.0,120.0,120.0,0.9502106699999999,0.6711626181278507,0.32883738187214934,weak_rules_v2,True,ac_running_empty_room,turn_off_or_adjust_ac,0.065114,0.002084,train
synthetic_ac_left_on_0121_1775799600000,1775799600000,synthetic_scenario,ac_left_on,ac_left_on_0121,2026-04-10T08:40:00+03:00,2026-04-10,synthetic_hourly_summary,8,Friday,True,158,24.573,61.476,462.115,0,91,0,10,0,0.0,22.251,30.761,0.010595,192.273,241.896,0.091552,214.524,293.133,0.102147,0.003269,0.032,70.0,33.0,84.0,1,1,3,0,0.082146,0.117865,171.735,201.744,False,True,False,False,False,morning,0.065114,67.121,96.28,0.037032999999999996,147.40300000000002,0.11596166666666669,160.49299999999997,0.1368263333333333,176.5903333333334,0.117865,201.744,0.05898113076512977,81.19542359640776,0.023573,40.348800000000004,0.082146,171.735,0.014786279999999999,30.912300000000002,-0.666779790438213,0.31673804425410423,1.3526728832404098,1.3842062868178682,0.0,0.5759493670886076,0.06329113924050633,0.0,0.0,60.0,False,False,False,2,240.0,60.0,60.0,60.0,1.0,0.5385979043940439,0.4614020956059561,weak_rules_v2,True,ac_running_empty_room,turn_off_or_adjust_ac,0.121663,0.003893,train
synthetic_ac_left_on_0121_1775803200000,1775803200000,synthetic_scenario,ac_left_on,ac_left_on_0121,2026-04-10T09:40:00+03:00,2026-04-10,synthetic_hourly_summary,9,Friday,True,91,28.593,35.937,540.198,4,89,0,1,0,0.0511,7.826,12.188,0.005619,161.626,212.043,0.116044,169.451,219.023,0.121663,0.003893,0.032,64.0,12.0,33.0,1,0,2,0,0.10252,0.105131,88.81,123.969,False,True,False,False,False,morning,0.102147,214.524,293.133,0.01951599999999999,-45.07300000000001,0.09630800000000002,150.3653333333333,0.11219883333333329,149.76400000000004,0.105131,123.969,0.028723122932578248,75.53216603761231,0.021026200000000002,24.7938,0.10252,88.81,0.0184536,15.9858,0.7862571458466099,1.83441021545709,1.0373585641825982,5.044539528831838,0.04395604395604396,0.978021978021978,0.01098901098901099,0.0,0.0,0.0,False,False,False,1,300.0,0.0,120.0,120.0,0.8039602695,0.0,1.0,weak_rules_v2,True,ac_running_empty_room,turn_off_or_adjust_ac,0.163633,0.005236,train
synthetic_ac_left_on_0231_1775857200000,1775857200000,synthetic_scenario,ac_left_on,ac_left_on_0231,2026-04-11T00:40:00+03:00,2026-04-11,synthetic_hourly_summary,0,Saturday,True,53,29.746,48.465,537.564,0,51,0,3,0,0.0,17.047,23.875,0.012491,202.22,312.965,0.14817,223.324,283.934,0.163633,0.005236,0.032,73.0,71.0,50.0,1,1,1,0,0.187708,0.176585,186.147,302.654,True,False,False,False,True,night,0.121663,169.451,219.023,0.04197000000000001,53.87300000000002,0.1291476666666667,202.43299999999996,0.13743149999999996,183.55666666666673,0.176585,302.654,0.03141889917443542,28.900159913053162,0.035317,60.5308,0.187708,186.147,0.03378744,33.50646,-0.36673556644109045,-1.3105724688918696,-0.712542885758732,1.1095472335782421,0.0,0.9622641509433962,0.05660377358490566,0.0,0.0,60.0,False,False,False,2,360.0,60.0,180.0,180.0,1.0,0.6301509221405859,0.36984907785941407,weak_rules_v2,True,ac_running_empty_room,turn_off_or_adjust_ac,0.163321,0.005226,train
synthetic_ac_left_on_0231_1775860800000,1775860800000,synthetic_scenario,ac_left_on,ac_left_on_0231,2026-04-11T01:40:00+03:00,2026-04-11,synthetic_hourly_summary,1,Saturday,True,58,26.454,56.614,810.224,4,46,0,2,0,0.0745,17.981,24.353,0.013071,200.12,266.402,0.145475,224.67,228.697,0.163321,0.005226,0.032,60.0,32.0,16.0,1,1,3,0,0.14558,0.111435,153.215,131.297,True,False,False,False,True,night,0.163633,223.324,283.934,-0.0003120000000000067,1.3459999999999752,0.149539,205.81499999999997,0.1327503333333333,183.15400000000002,0.111435,131.297,0.02414182818263786,31.499338104157697,0.022287,26.2594,0.14558,153.215,0.026204399999999996,27.5787,2.328083636200475,3.555793353998949,0.6770237059425138,2.59094881194545,0.06896551724137931,0.7931034482758621,0.034482758620689655,0.0,0.0,0.0,False,False,False,2,420.0,120.0,240.0,240.0,0.9255,0.13635039601818333,0.8636496039818167,weak_rules_v2,True,ac_running_empty_room,turn_off_or_adjust_ac,0.140426,0.004494,train
synthetic_ac_left_on_0231_1775864400000,1775864400000,synthetic_scenario,ac_left_on,ac_left_on_0231,2026-04-11T02:40:00+03:00,2026-04-11,synthetic_hourly_summary,2,Saturday,True,103,29.249,51.921,40.0,7,26,0,11,0,0.0732,3.329,6.096,0.002557,171.394,179.444,0.131649,182.821,245.517,0.140426,0.004494,0.032,11.0,23.0,79.0,1,0,3,0,0.13812,0.126234,144.506,192.475,True,False,False,False,True,night,0.163321,224.67,228.697,-0.022895,-41.84899999999999,0.15579333333333334,210.27166666666662,0.12605066666666662,180.31850000000006,0.126234,192.475,0.013309415326502578,23.78249890851189,0.025246800000000003,38.495000000000005,0.13812,144.506,0.024861599999999998,26.01108,0.5621306462601193,-0.25078581633978425,0.09275348328345732,1.4730261104114093,0.06796116504854369,0.2524271844660194,0.10679611650485436,0.0,0.0,0.0,False,False,False,1,480.0,0.0,300.0,300.0,0.847192514,0.5089912965295302,0.49100870347046977,weak_rules_v2,True,ac_running_empty_room,turn_off_or_adjust_ac,0.167137,0.005348,train
synthetic_ac_left_on_0231_1775868000000,1775868000000,synthetic_scenario,ac_left_on,ac_left_on_0231,2026-04-11T03:40:00+03:00,2026-04-11,synthetic_hourly_summary,3,Saturday,True,147,26.056,61.811,426.24,13,57,0,2,0,0.0929,2.372,2.598,0.002491,156.805,184.055,0.164646,159.178,191.606,0.167137,0.005348,0.032,76.0,40.0,37.0,1,0,3,0,0.119409,0.151422,73.993,157.881,True,False,False,False,True,night,0.140426,182.821,245.517,0.026711000000000013,-23.643,0.15696133333333337,188.8896666666666,0.14305449999999995,195.66133333333337,0.151422,157.881,0.014446570538828305,33.165072777447556,0.030284400000000003,31.5762,0.119409,73.993,0.021493619999999998,13.318739999999998,0.5189140283446264,0.04107524021256507,2.220565916769721,6.39587528549998,0.08843537414965986,0.3877551020408163,0.013605442176870748,0.0,0.0,0.0,False,False,False,1,540.0,0.0,360.0,360.0,0.721951819,0.0,1.0,weak_rules_v2,True,ac_running_empty_room,turn_off_or_adjust_ac,0.004439,0.000142,train
synthetic_hub_offline_0277_1775871600000,1775871600000,synthetic_scenario,hub_offline,hub_offline_0277,2026-04-11T04:40:00+03:00,2026-04-11,synthetic_hourly_summary,4,Saturday,True,52,27.257,59.296,612.667,0,23,0,4,0,0.0,3.346,4.892,0.002279,0.0,0.0,0.0,6.516,10.868,0.004439,0.000142,0.032,746.0,1574.0,3466.0,0,0,2,0,0.003103,0.003579,3.496,5.794,True,False,False,False,True,night,0.167137,159.178,191.606,-0.162698,-152.662,0.10400066666666669,116.17166666666662,0.1267698333333333,160.99333333333337,0.003579,5.794,0.08725115175362062,95.69755371133306,0.002,3.0,0.003103,3.496,0.002,3.0,0.43000000000000005,0.2406666666666668,0.6680000000000001,1.0066666666666666,0.0,0.4423076923076923,0.07692307692307693,0.0,0.0,60.0,True,True,True,0,0.0,0.0,0.0,420.0,0.03258,0.6644444444444444,0.33555555555555555,weak_rules_v2,False,hub_offline_or_stale,wait_for_fresh_data,0.029909,0.000957,train
synthetic_hub_offline_0277_1775875200000,1775875200000,synthetic_scenario,hub_offline,hub_offline_0277,2026-04-11T05:40:00+03:00,2026-04-11,synthetic_hourly_summary,5,Saturday,True,108,27.279,43.813,175.178,38,58,0,6,0,0.3574,17.099,22.551,0.011572,27.095,37.078,0.018337,44.194,57.753,0.029909,0.000957,0.032,1659.0,1743.0,2722.0,1,1,3,0,0.033979,0.030379,34.637,11.55,True,True,False,False,True,morning,0.004439,6.516,10.868,0.02547,37.678000000000004,0.06716166666666669,69.96266666666664,0.11147749999999995,140.1171666666667,0.030379,11.55,0.08751274582215628,79.52634593223512,0.0060758,3.0,0.033979,34.637,0.00611622,6.23466,-0.07735606833667964,10.881333333333336,-0.6654436890759325,1.5328823063326633,0.35185185185185186,0.5370370370370371,0.05555555555555555,0.0,0.0,0.0,True,True,True,2,60.0,60.0,0.0,0.0,0.141995322,0.4890392312224455,0.5109607687775545,weak_rules_v2,False,hub_offline_or_stale,wait_for_fresh_data,0.025443,0.000814,train
synthetic_hub_offline_0277_1775878800000,1775878800000,synthetic_scenario,hub_offline,hub_offline_0277,2026-04-11T06:40:00+03:00,2026-04-11,synthetic_hourly_summary,6,Saturday,True,128,27.534,46.663,378.644,23,74,0,10,0,0.1798,24.771,34.023,0.017125,8.324,8.347,0.005755,36.802,45.256,0.025443,0.000814,0.032,1291.0,589.0,2611.0,0,1,2,0,0.025445,0.019267,21.573,31.334,False,True,False,False,False,morning,0.029909,44.194,57.753,-0.004466000000000001,-7.392000000000003,0.019930333333333352,29.17066666666663,0.08844583333333328,109.03016666666672,0.019267,31.334,0.013600453864975425,19.96461513111578,0.0038534,6.2668,0.025445,21.573,0.004580099999999999,3.88314,1.602740437016661,0.8725346269228315,-0.00043667168839076244,3.921826151001509,0.1796875,0.578125,0.078125,0.0,0.0,0.0,True,True,True,1,0.0,120.0,0.0,60.0,0.150925002,0.0,1.0,weak_rules_v2,False,hub_offline_or_stale,wait_for_fresh_data,0.019054,0.00061,train
synthetic_stale_data_0216_1775878800000,1775878800000,synthetic_scenario,stale_data,stale_data_0216,2026-04-11T06:40:00+03:00,2026-04-11,synthetic_hourly_summary,6,Saturday,True,91,28.079,44.504,236.818,76,57,0,5,0,0.8434,5.471,5.471,0.004464,17.879,24.859,0.01459,23.35,30.877,0.019054,0.00061,0.032,1798.0,1645.0,82.0,1,0,0,0,0.013943,0.013342,23.771,11.855,False,True,False,False,False,morning,0.025443,36.802,45.256,-0.006388999999999999,-13.451999999999998,0.02480200000000002,34.78199999999996,0.0644013333333333,75.47683333333337,0.013342,11.855,0.005455814971202025,10.567799392505396,0.0026684,3.0,0.013943,23.771,0.00250974,4.27878,2.140608604407136,3.831666666666667,2.036465928741623,-0.09839253245083864,0.8351648351648352,0.6263736263736264,0.054945054945054944,0.0,0.0,0.0,True,True,False,1,60.0,0.0,0.0,0.0,0.018283049999999995,0.9672024891830537,0.032797510816946214,weak_rules_v2,False,possible_sensor_stale,check_sensor_connection,0.045056,0.001442,train
synthetic_stale_data_0216_1775882400000,1775882400000,synthetic_scenario,stale_data,stale_data_0216,2026-04-11T07:40:00+03:00,2026-04-11,synthetic_hourly_summary,7,Saturday,True,116,23.237,71.306,463.343,58,105,0,12,0,0.5036,18.176,28.241,0.007388,86.925,105.212,0.035331,110.85,143.153,0.045056,0.001442,0.032,1305.0,1075.0,43.0,1,1,2,0,0.041717,0.044959,109.081,79.664,False,True,False,False,False,morning,0.019054,23.35,30.877,0.026001999999999997,87.5,0.029851000000000016,57.00066666666663,0.04850633333333329,63.481666666666705,0.044959,79.664,0.013549865276082738,47.11742884892537,0.0089918,15.9328,0.041717,109.081,0.007509059999999999,19.63458,0.01078760648590937,1.957345852580839,0.4446628472804855,0.09009614669628743,0.5,0.9051724137931034,0.10344827586206896,0.0,0.0,0.0,True,True,False,2,120.0,60.0,60.0,0.0,0.2751297,0.9699679511012376,0.030032048898762476,weak_rules_v2,False,possible_sensor_stale,check_sensor_connection,0.052824,0.00169,train
synthetic_hub_offline_0277_1775882400000,1775882400000,synthetic_scenario,hub_offline,hub_offline_0277,2026-04-11T07:40:00+03:00,2026-04-11,synthetic_hourly_summary,7,Saturday,True,138,33.311,33.786,423.389,37,44,0,1,20,0.2726,10.81,18.495,0.009378,49.017,63.643,0.042524,60.89,92.182,0.052824,0.00169,0.032,1692.0,1195.0,2168.0,1,1,3,0,0.04494,0.048089,50.696,60.402,False,True,False,False,False,morning,0.045056,110.85,143.153,0.007768000000000004,-49.959999999999994,0.03897800000000002,65.02999999999997,0.029454166666666625,47.10033333333337,0.048089,60.402,0.01768642948703875,43.896665021390895,0.009617800000000001,12.080400000000001,0.04494,50.696,0.0080892,9.12528,0.49231633013786963,0.040396013377040456,0.9746328437917227,1.117116406291095,0.26811594202898553,0.3188405797101449,0.007246376811594203,0.0,0.14492753623188406,0.0,True,True,True,2,180.0,120.0,0.0,0.0,0.22145693000000002,0.6276278645696349,0.372372135430365,weak_rules_v2,False,hub_offline_or_stale,wait_for_fresh_data,0.021036,0.000673,train
synthetic_stale_data_0216_1775886000000,1775886000000,synthetic_scenario,stale_data,stale_data_0216,2026-04-11T08:40:00+03:00,2026-04-11,synthetic_hourly_summary,8,Saturday,True,143,25.331,49.59,291.631,63,25,0,14,0,0.4418,25.689,36.578,0.01597,7.48,13.472,0.00465,33.837,43.396,0.021036,0.000673,0.032,682.0,1502.0,28.0,0,1,0,0,0.020349,0.005259,18.406,26.264,False,True,False,False,False,morning,0.052824,60.89,92.182,-0.031788000000000004,-27.052999999999997,0.03963866666666668,68.52566666666662,0.03222033333333329,51.653833333333374,0.005259,26.264,0.01657196009328188,39.070168880279134,0.002,5.252800000000001,0.020349,18.406,0.00366282,3.31308,7.8885,1.4417072799268966,0.18756040427867057,4.65759957501781,0.4405594405594406,0.17482517482517482,0.0979020979020979,0.0,0.0,0.0,True,True,False,1,0.0,180.0,0.0,0.0,0.09443906700000002,0.0,1.0,weak_rules_v2,False,possible_sensor_stale,check_sensor_connection,0.065718,0.002103,train
synthetic_stale_data_0216_1775889600000,1775889600000,synthetic_scenario,stale_data,stale_data_0216,2026-04-11T09:40:00+03:00,2026-04-11,synthetic_hourly_summary,9,Saturday,True,92,30.986,58.706,258.713,11,63,0,3,13,0.1248,23.16,31.958,0.021924,44.109,60.813,0.041755,69.422,96.67,0.065718,0.002103,0.032,1672.0,1744.0,88.0,1,1,3,0,0.045201,0.072364,50.905,60.18,False,True,False,False,False,morning,0.021036,33.837,43.396,0.044682,35.584999999999994,0.04652600000000002,54.716333333333296,0.03818849999999995,55.85850000000004,0.072364,60.18,0.022997149475532712,18.578446553292544,0.014472800000000001,12.036000000000001,0.045201,50.905,0.00813618,9.1629,-0.45920623514454695,0.7678630774343632,2.521699372432763,2.0208667561579845,0.11956521739130435,0.6847826086956522,0.03260869565217391,0.0,0.14130434782608695,0.0,True,True,False,2,60.0,240.0,0.0,60.0,0.303790672,0.32637774794733854,0.6736222520526615,weak_rules_v2,False,possible_sensor_stale,check_sensor_connection,0.005572,0.000178,train
synthetic_hub_offline_0157_1775929200000,1775929200000,synthetic_scenario,hub_offline,hub_offline_0157,2026-04-11T20:40:00+03:00,2026-04-11,synthetic_hourly_summary,20,Saturday,True,126,26.034,37.469,623.147,24,95,0,8,0,0.1977,5.044,7.749,0.001801,14.581,21.184,0.005208,28.024,39.513,0.010009,0.00032,0.032,1220.0,1486.0,2805.0,1,0,3,0,0.00354,0.011517,24.339,24.333,False,False,True,False,False,evening,0.009434,12.617,15.998,0.0005750000000000009,15.407,0.007250666666666686,15.217666666666632,0.016144333333333285,20.999666666666702,0.011517,24.333,0.004289254985813198,11.72436080703724,0.0023034,4.8666,0.00354,24.339,0.002,4.3810199999999995,-0.6546843796127458,0.7584350470554396,3.2345,0.841128321715035,0.19047619047619047,0.753968253968254,0.06349206349206349,0.0,0.0,0.0,True,True,True,1,60.0,0.0,0.0,60.0,0.112418276,0.719623892761655,0.280376107238345,weak_rules_v2,False,hub_offline_or_stale,wait_for_fresh_data,0.068084,0.002179,train
synthetic_hub_offline_0157_1775932800000,1775932800000,synthetic_scenario,hub_offline,hub_offline_0157,2026-04-11T21:40:00+03:00,2026-04-11,synthetic_hourly_summary,21,Saturday,True,162,24.875,60.182,498.922,39,62,0,17,0,0.2423,0.18,0.253,0.000134,87.038,115.641,0.064757,91.511,157.294,0.068084,0.002179,0.032,627.0,1724.0,1414.0,1,0,3,0,0.059799,0.04336,64.651,59.124,False,False,True,False,False,evening,0.010009,28.024,39.513,0.058075,63.486999999999995,0.029175666666666687,44.050666666666636,0.01653866666666662,24.6811666666667,0.04336,59.124,0.033696831577068584,41.817536301575196,0.008672000000000001,11.824800000000002,0.059799,64.651,0.010763819999999999,11.637179999999999,2.8510147601476015,2.738904674920505,0.7697081519386249,2.308119321003886,0.24074074074074073,0.38271604938271603,0.10493827160493827,0.0,0.0,0.0,True,True,True,1,120.0,0.0,0.0,0.0,0.34668942350000004,0.23062689299870465,0.7693731070012954,weak_rules_v2,False,hub_offline_or_stale,wait_for_fresh_data,0.049686,0.00159,train
synthetic_hub_offline_0157_1775936400000,1775936400000,synthetic_scenario,hub_offline,hub_offline_0157,2026-04-11T22:40:00+03:00,2026-04-11,synthetic_hourly_summary,22,Saturday,True,105,22.324,65.951,460.867,40,100,0,9,0,0.3891,2.425,3.702,0.001265,92.832,127.679,0.048422,95.256,120.044,0.049686,0.00159,0.032,1250.0,701.0,1134.0,1,0,1,0,0.02587,0.05487,69.736,44.223,False,False,False,False,False,night,0.068084,91.511,157.294,-0.018398000000000005,3.7450000000000045,0.04259300000000002,71.59699999999997,0.023890999999999954,39.67266666666671,0.05487,44.223,0.02968011780636988,37.781754895719125,0.010974000000000001,8.8446,0.02587,69.736,0.0046566,12.552480000000001,-0.47238928376161843,5.769961332338376,5.114461194863205,2.033064382496526,0.38095238095238093,0.9523809523809523,0.08571428571428572,0.0,0.0,0.0,True,True,True,1,180.0,0.0,0.0,0.0,0.290959452,0.322311872501158,0.677688127498842,weak_rules_v2,False,hub_offline_or_stale,wait_for_fresh_data,0.019237,0.000616,train
synthetic_hub_offline_0157_1775940000000,1775940000000,synthetic_scenario,hub_offline,hub_offline_0157,2026-04-11T23:40:00+03:00,2026-04-11,synthetic_hourly_summary,23,Saturday,True,124,24.755,41.361,575.594,5,68,0,1,0,0.0445,12.622,18.449,0.010742,8.606,13.236,0.007324,22.603,34.077,0.019237,0.000616,0.032,885.0,1554.0,3536.0,0,1,3,0,0.023479,0.022245,12.456,23.846,True,False,False,False,True,night,0.049686,95.256,120.044,-0.030449,-72.65299999999999,0.04566900000000002,69.78999999999996,0.02645983333333329,42.50383333333337,0.022245,23.846,0.024670013558974684,40.90801856604885,0.004449000000000001,4.7692000000000005,0.023479,12.456,0.00422622,3.0,-0.6761069903349066,-0.26063071374653995,-1.003733833070687,3.382333333333334,0.04032258064516129,0.5483870967741935,0.008064516129032258,0.0,0.0,0.0,True,True,True,1,0.0,60.0,0.0,60.0,0.1079858325,0.0,1.0,weak_rules_v2,False,hub_offline_or_stale,wait_for_fresh_data,0.039076,0.00125,train
synthetic_socket_left_on_0212_1775990400000,1775990400000,synthetic_scenario,socket_left_on,socket_left_on_0212,2026-04-12T13:40:00+03:00,2026-04-12,synthetic_hourly_summary,13,Sunday,False,110,22.767,49.083,578.77,0,45,0,6,0,0.0,33.727,45.673,0.034387,4.599,6.174,0.004689,38.326,57.204,0.039076,0.00125,0.032,10.0,73.0,6.0,0,1,3,0,0.027189,0.038096,37.104,29.494,False,False,False,True,False,afternoon,0.019237,22.603,34.077,0.019839,15.722999999999999,0.03599966666666669,52.06166666666663,0.03258766666666662,48.056166666666705,0.038096,29.494,0.015455849065429145,38.22454716976449,0.0076192,5.8988000000000005,0.027189,37.104,0.00489402,6.678719999999999,0.1286224275514492,1.4972536787143147,2.4288825954940925,0.18296919170140408,0.0,0.4090909090909091,0.05454545454545454,0.0,0.0,60.0,False,False,False,1,0.0,120.0,0.0,120.0,0.19163,0.9390102694328653,0.06098973056713469,weak_rules_v2,True,socket_left_on,turn_off_unused_socket,0.033419,0.001069,train
synthetic_socket_left_on_0212_1775994000000,1775994000000,synthetic_scenario,socket_left_on,socket_left_on_0212,2026-04-12T14:40:00+03:00,2026-04-12,synthetic_hourly_summary,14,Sunday,False,156,24.353,66.842,247.726,5,98,0,0,0,0.0365,32.938,56.822,0.032917,0.0,0.0,0.0,33.439,60.1,0.033419,0.001069,0.032,66.0,70.0,62.0,0,1,3,0,0.031008,0.024428,33.286,16.137,False,False,False,True,False,afternoon,0.039076,38.326,57.204,-0.005657000000000002,-4.8870000000000005,0.03057733333333335,31.45599999999997,0.03658516666666662,51.526500000000034,0.024428,16.137,0.010220214397620355,8.046887534956586,0.0048856,3.2274000000000003,0.031008,33.286,0.00558144,5.99148,1.8403062059931223,5.360971679990084,0.431967377594312,0.025536261491317453,0.03205128205128205,0.6282051282051282,0.0,0.0,0.0,0.0,False,False,False,1,0.0,180.0,0.0,180.0,0.16109238250000002,0.9914879128362275,0.008512087163772485,weak_rules_v2,True,socket_left_on,turn_off_unused_socket,0.03969,0.00127,train
synthetic_socket_left_on_0212_1775997600000,1775997600000,synthetic_scenario,socket_left_on,socket_left_on_0212,2026-04-12T15:40:00+03:00,2026-04-12,synthetic_hourly_summary,15,Sunday,False,129,27.962,64.911,267.354,11,75,0,1,0,0.0859,29.345,48.068,0.026882,4.011,6.829,0.003675,39.461,59.864,0.03615,0.001157,0.032,11.0,20.0,10.0,0,1,2,0,0.030305,0.028265,46.718,31.69,False,False,False,True,False,afternoon,0.03218,39.395,57.242,0.003970000000000001,0.0659999999999954,0.03600666666666668,45.28966666666664,0.033291999999999954,38.37283333333337,0.028265,31.69,0.0037570511486173554,10.15275811459911,0.005653,6.338000000000001,0.030305,46.718,0.0054548999999999995,8.40924,1.3948346010967634,1.226096560429157,1.0715136849438127,-0.8629792942049466,0.08527131782945736,0.5813953488372093,0.007751937984496124,0.0,0.0,0.0,False,False,False,1,0.0,60.0,0.0,60.0,0.1803565005,0.7123402352650179,0.28765976473498217,weak_rules_v2,True,socket_left_on,turn_off_unused_socket,0.037525,0.001201,train
synthetic_socket_left_on_0182_1775997600000,1775997600000,synthetic_scenario,socket_left_on,socket_left_on_0182,2026-04-12T15:40:00+03:00,2026-04-12,synthetic_hourly_summary,15,Sunday,False,110,27.321,52.081,438.545,5,74,0,7,0,0.0525,59.26,76.573,0.03397,0.0,0.0,0.0,65.463,108.558,0.037525,0.001201,0.032,64.0,44.0,25.0,0,1,2,0,0.032421,0.028036,56.495,49.296,False,False,False,True,False,afternoon,0.03615,39.461,59.864,0.0013750000000000012,26.001999999999995,0.03528500000000002,48.1063333333333,0.036339999999999956,45.5161666666667,0.028036,49.296,0.00277550445865136,15.031350482692991,0.0056072,9.859200000000001,0.032421,56.495,0.00583578,10.169099999999998,1.6922884862319882,1.6397882181110022,0.8746045944158287,0.8818872859938439,0.045454545454545456,0.6727272727272727,0.06363636363636363,0.0,0.0,0.0,False,False,False,1,0.0,120.0,0.0,120.0,0.3101309625,0.7060375713353854,0.29396242866461464,weak_rules_v2,True,socket_left_on,turn_off_unused_socket,0.013107,0.000419,train
synthetic_socket_left_on_0212_1776001200000,1776001200000,synthetic_scenario,socket_left_on,socket_left_on_0212,2026-04-12T16:40:00+03:00,2026-04-12,synthetic_hourly_summary,16,Sunday,False,50,24.274,49.024,507.71,2,46,0,4,0,0.0497,18.0,23.518,0.011221,2.067,2.415,0.001288,20.067,25.153,0.012509,0.0004,0.032,11.0,10.0,56.0,0,1,1,0,0.009401,0.007743,12.604,13.067,False,False,False,True,False,afternoon,0.013107,18.249,25.37,-0.0005980000000000013,1.8180000000000014,0.02104700000000002,34.59299999999997,0.02852683333333329,39.94133333333337,0.007743,13.067,0.01427349866010407,26.74965338093629,0.002,3.0,0.009401,12.604,0.002,3.0,2.3829999999999996,2.3333333333333335,1.5539999999999998,2.487666666666667,0.04,0.92,0.08,0.0,0.0,0.0,False,False,False,1,0.0,240.0,0.0,240.0,0.09534835050000001,0.17077777777777758,0.8292222222222224,weak_rules_v2,True,socket_left_on,turn_off_unused_socket,0.023935,0.000766,train
synthetic_socket_left_on_0182_1776001200000,1776001200000,synthetic_scenario,socket_left_on,socket_left_on_0182,2026-04-12T16:40:00+03:00,2026-04-12,synthetic_hourly_summary,16,Sunday,False,74,24.165,62.954,219.527,8,49,0,6,0,0.113,30.42,47.235,0.023072,0.0,0.0,0.0,31.558,46.825,0.023935,0.000766,0.032,6.0,41.0,86.0,0,1,3,0,0.009511,0.021788,12.557,33.41,False,False,False,True,False,afternoon,0.012509,20.067,25.153,0.011426000000000002,11.491,0.016517000000000018,23.291333333333302,0.025900999999999952,35.69883333333337,0.021788,33.41,0.006431130849235796,7.2166207004097425,0.0043576,6.6819999999999995,0.009511,12.557,0.002,3.0,0.4927024049935752,-0.27716252618976306,7.212000000000001,6.333666666666666,0.10810810810810811,0.6621621621621622,0.08108108108108109,0.0,0.0,0.0,False,False,False,1,0.0,300.0,0.0,300.0,0.13995972999999998,0.0,1.0,weak_rules_v2,True,socket_left_on,turn_off_unused_socket,0.014968,0.000479,train
synthetic_socket_left_on_0182_1776004800000,1776004800000,synthetic_scenario,socket_left_on,socket_left_on_0182,2026-04-12T17:40:00+03:00,2026-04-12,synthetic_hourly_summary,17,Sunday,False,158,25.243,54.389,374.555,1,82,0,16,0,0.0108,45.701,67.381,0.018439,0.0,0.0,0.0,53.24,70.646,0.021481,0.000687,0.032,30.0,62.0,8.0,0,1,1,0,0.008375,0.014458,57.53,52.76,False,False,True,True,False,evening,0.014968,14.667,28.275,0.006513,38.573,0.020128000000000017,33.15499999999997,0.020587499999999953,33.87400000000004,0.014458,52.76,0.004634083404514054,19.33602567748187,0.0028916000000000002,10.552,0.008375,57.53,0.002,10.3554,2.428759164476414,0.0454890068233514,6.553,-0.4142766093052899,0.006329113924050633,0.5189873417721519,0.10126582278481013,0.0,0.0,0.0,False,False,False,1,0.0,420.0,0.0,60.0,0.26332504,0.8619077968982367,0.13809220310176332,weak_rules_v2,True,socket_left_on,turn_off_unused_socket,0.03686,0.00118,train
synthetic_socket_left_on_0182_1776008400000,1776008400000,synthetic_scenario,socket_left_on,socket_left_on_0182,2026-04-12T18:40:00+03:00,2026-04-12,synthetic_hourly_summary,18,Sunday,False,48,30.634,49.534,242.053,3,38,0,3,7,0.0687,47.172,54.267,0.03044,6.84,6.84,0.004414,57.121,91.682,0.03686,0.00118,0.032,60.0,6.0,39.0,0,1,3,0,0.03251,0.036925,53.897,53.909,False,False,True,False,False,evening,0.021481,53.24,70.646,0.015378999999999997,3.8810000000000002,0.024436333333333348,41.67599999999997,0.02047666666666662,32.4836666666667,0.036925,53.909,0.011241237135356864,23.47083511510037,0.007385,10.7818,0.03251,53.897,0.005851799999999999,9.701459999999999,-0.008801624915369337,0.2979094399821925,0.7433610171229366,0.3323211145538923,0.0625,0.7916666666666666,0.0625,0.0,0.14583333333333334,0.0,False,False,False,1,0.0,480.0,0.0,120.0,0.2659839365,0.8892262951487026,0.11077370485129744,weak_rules_v2,True,socket_left_on,turn_off_unused_socket,0.052105,0.001667,train
synthetic_ac_left_on_0141_1776015600000,1776015600000,synthetic_scenario,ac_left_on,ac_left_on_0141,2026-04-12T20:40:00+03:00,2026-04-12,synthetic_hourly_summary,20,Sunday,False,73,27.326,53.463,314.301,6,12,0,8,0,0.0838,0.0,0.0,0.0,189.379,223.774,0.136873,192.81,301.831,0.139353,0.004459,0.032,15.0,36.0,52.0,1,0,2,0,0.121827,0.076242,230.929,181.647,False,False,True,False,False,evening,0.052105,62.075,86.602,0.087248,130.735,0.07610600000000002,104.00199999999997,0.04811699999999996,68.57850000000003,0.076242,181.647,0.05530135407926281,76.94986144886916,0.015248400000000002,36.3294,0.121827,230.929,0.02192886,41.56722,4.138860470606752,0.3072717963963074,0.7992207529255966,-0.9170447289955884,0.0821917808219178,0.1643835616438356,0.1095890410958904,0.0,0.0,0.0,False,False,False,1,120.0,0.0,60.0,60.0,0.88326261,0.6943184236681372,0.3056815763318628,weak_rules_v2,True,ac_running_empty_room,turn_off_or_adjust_ac,0.113146,0.003621,train
synthetic_ac_left_on_0141_1776019200000,1776019200000,synthetic_scenario,ac_left_on,ac_left_on_0141,2026-04-12T21:40:00+03:00,2026-04-12,synthetic_hourly_summary,21,Sunday,False,161,31.975,45.868,689.691,13,112,0,13,24,0.084,8.509,10.996,0.004876,183.189,238.709,0.104977,197.443,272.271,0.113146,0.003621,0.032,24.0,38.0,29.0,1,0,2,0,0.101054,0.085557,158.244,161.293,False,False,True,False,False,evening,0.139353,192.81,301.831,-0.026207000000000008,4.63300000000001,0.10153466666666668,150.77599999999998,0.06298549999999996,96.22600000000004,0.085557,161.293,0.0447679647999921,76.8522395444668,0.0171114,32.2586,0.101054,158.244,0.01818972,28.483919999999998,1.6123169349088915,1.1206313975188014,0.6647710904840752,1.3761799639937204,0.08074534161490683,0.6956521739130435,0.08074534161490683,0.0,0.14906832298136646,0.0,False,False,False,1,180.0,0.0,120.0,120.0,0.90428894,0.5412733453354266,0.45872665466457346,weak_rules_v2,True,ac_running_empty_room,turn_off_or_adjust_ac,0.060528,0.001937,train
synthetic_ac_left_on_0141_1776022800000,1776022800000,synthetic_scenario,ac_left_on,ac_left_on_0141,2026-04-12T22:40:00+03:00,2026-04-12,synthetic_hourly_summary,22,Sunday,False,58,30.46,62.1,432.196,1,34,0,5,8,0.0275,3.291,5.211,0.001883,154.879,199.479,0.088636,158.53,242.614,0.090725,0.002903,0.032,27.0,24.0,49.0,1,0,1,0,0.098158,0.072415,98.138,130.215,False,False,False,False,False,night,0.104766,136.854,189.543,-0.014040999999999998,21.675999999999988,0.07789400000000002,120.3363333333333,0.09111816666666661,138.64166666666668,0.072415,130.215,0.03509321269134524,48.60514108953365,0.014483,26.043000000000003,0.098158,98.138,0.017668439999999997,17.66484,1.2642408340813374,1.0872403332949352,-0.4206936209421996,3.418768582109999,0.017241379310344827,0.5862068965517241,0.08620689655172414,0.0,0.13793103448275862,0.0,False,False,False,1,420.0,0.0,120.0,60.0,0.770852125,0.0,1.0,weak_rules_v2,True,ac_running_empty_room,turn_off_or_adjust_ac,0.003065,9.8e-05,train
synthetic_ac_left_on_0141_1776026400000,1776026400000,synthetic_scenario,ac_left_on,ac_left_on_0141,2026-04-12T23:40:00+03:00,2026-04-12,synthetic_hourly_summary,23,Sunday,False,103,29.577,51.91,371.358,0,71,0,2,0,0.0,5.691,7.278,0.003852,160.001,236.118,0.108289,166.656,209.852,0.112793,0.003609,0.032,8.0,36.0,87.0,1,0,2,0,0.113712,0.118415,208.547,79.165,True,False,False,False,True,night,0.003065,3.656,5.029,0.109728,163.0,0.06886100000000002,109.61399999999998,0.06834466666666662,101.98483333333338,0.118415,79.165,0.05803950695862253,91.85222529694177,0.023683000000000003,15.833000000000002,0.113712,208.547,0.02046816,37.53846,-0.2373854663682811,5.525863702393734,-0.044899004111751586,-1.1159488162274103,0.0,0.6893203883495146,0.019417475728155338,0.0,0.0,60.0,False,False,False,1,60.0,0.0,60.0,60.0,0.83328,0.62801706125753,0.37198293874247007,weak_rules_v2,True,ac_running_empty_room,turn_off_or_adjust_ac,0.073791,0.002361,train
synthetic_high_energy_0204_1776062400000,1776062400000,synthetic_scenario,high_energy,high_energy_0204,2026-04-13T09:40:00+03:00,2026-04-13,synthetic_hourly_summary,9,Monday,False,66,25.472,49.584,340.347,51,58,0,2,0,0.782,60.838,64.97,0.035581,166.173,177.866,0.097186,231.187,358.473,0.135209,0.004327,0.032,78.0,24.0,12.0,1,1,1,0,0.05838,0.080073,88.603,91.361,False,True,False,True,False,morning,0.263518,448.739,565.27,-0.12830899999999998,-217.55199999999996,0.246309,343.70133333333325,0.24974299999999994,361.5228333333334,0.080073,91.361,0.10357335458987521,108.96854401309233,0.0160146,18.2722,0.05838,88.603,0.0105084,15.948539999999998,3.4428583917175573,7.652389969461806,7.311198660119524,8.940254092224118,0.7727272727272727,0.8787878787878788,0.030303030303030304,0.0,0.0,0.0,False,False,False,2,540.0,660.0,480.0,0.0,0.21799999999999997,0.0,1.0,weak_rules_v2,True,unusual_same_hour_usage,review_unusual_usage,0.052483,0.001679,train
synthetic_high_energy_0204_1776066000000,1776066000000,synthetic_scenario,high_energy,high_energy_0204,2026-04-13T10:40:00+03:00,2026-04-13,synthetic_hourly_summary,10,Monday,False,96,22.316,60.154,674.818,72,23,0,8,0,0.7586,128.218,170.187,0.134629,380.73,504.674,0.399766,510.92,663.405,0.536466,0.017167,0.032,55.0,37.0,40.0,1,1,0,0,0.29444,0.310719,179.212,232.783,False,True,False,True,False,morning,0.052483,128.418,208.24,0.483983,382.502,0.24138600000000002,290.17499999999995,0.24540433333333325,341.4726666666667,0.310719,232.783,0.2588726570516864,197.9561393566766,0.062143800000000006,46.5566,0.29444,179.212,0.052999199999999996,32.25816,3.632655228679288,5.974169075920494,4.566597231656328,10.282917562564016,0.75,0.23958333333333334,0.08333333333333333,0.0,0.0,0.0,False,False,False,2,660.0,780.0,600.0,0.0,0.24139999999999995,0.0,1.0,weak_rules_v2,True,unusual_same_hour_usage,review_unusual_usage,0.139426,0.004462,train
synthetic_high_energy_0204_1776069600000,1776069600000,synthetic_scenario,high_energy,high_energy_0204,2026-04-13T11:40:00+03:00,2026-04-13,synthetic_hourly_summary,11,Monday,False,153,25.067,55.497,434.015,99,128,0,18,0,0.6521,109.372,128.786,0.051699,177.072,196.621,0.0837,294.962,398.72,0.139426,0.004462,0.032,54.0,22.0,51.0,1,1,3,0,0.055485,0.086662,154.789,128.328,False,True,False,True,False,morning,0.536466,510.92,663.405,-0.39704,-215.95800000000003,0.24279166666666666,311.43333333333334,0.2445503333333333,327.56733333333335,0.086662,128.328,0.25801789057414865,191.78222967035623,0.0173324,25.6656,0.055485,154.789,0.0099873,27.862019999999998,3.044240843737739,6.4925035845645525,8.404774063060085,5.03097047522039,0.6470588235294118,0.8366013071895425,0.11764705882352941,0.0,0.0,0.0,False,False,False,2,720.0,840.0,660.0,0.0,0.3479,0.0,1.0,weak_rules_v2,True,unusual_same_hour_usage,review_unusual_usage,0.121349,0.003883,train
synthetic_high_energy_0204_1776073200000,1776073200000,synthetic_scenario,high_energy,high_energy_0204,2026-04-13T12:40:00+03:00,2026-04-13,synthetic_hourly_summary,12,Monday,False,166,27.836,47.605,545.626,63,138,0,3,0,0.3847,35.0,45.089,0.023823,141.812,182.813,0.096524,178.285,279.574,0.121349,0.003883,0.032,65.0,65.0,33.0,1,1,3,0,0.064024,0.063102,72.403,101.911,False,False,False,True,False,afternoon,0.139426,294.962,398.72,-0.018076999999999996,-116.67699999999999,0.265747,328.05566666666664,0.20807516666666662,298.75183333333337,0.063102,101.911,0.2346236927571468,168.7687882469186,0.012620400000000002,20.3822,0.064024,72.403,0.01152432,13.032540000000001,4.615305378593387,3.7470930517804746,4.974263123550891,8.124433149639286,0.3795180722891566,0.8313253012048193,0.018072289156626505,0.0,0.0,0.0,False,False,False,2,780.0,900.0,720.0,0.0,0.5484938025,0.0,1.0,weak_rules_v2,True,unusual_same_hour_usage,review_unusual_usage,0.054399,0.001741,train
synthetic_routine_anomaly_0083_1776102000000,1776102000000,synthetic_scenario,routine_anomaly,routine_anomaly_0083,2026-04-13T20:40:00+03:00,2026-04-13,synthetic_hourly_summary,20,Monday,False,98,25.409,40.429,615.131,0,93,0,9,0,0.0,49.274,82.076,0.047704,113.935,144.86,0.110304,164.556,221.307,0.159313,0.005098,0.032,16.0,15.0,64.0,1,1,1,0,0.078907,0.093054,56.691,102.269,False,False,True,False,False,evening,0.02022,27.721,36.502,0.13909300000000002,136.835,0.06453066666666667,71.58733333333329,0.07148199999999995,89.0321666666667,0.093054,102.269,0.0821416916938855,80.55577980712238,0.0186108,20.4538,0.078907,56.691,0.01420326,10.20438,3.560244589163282,3.0452532047834633,5.661094706426553,10.570460919722708,0.0,0.9489795918367347,0.09183673469387756,0.0,0.0,60.0,False,False,False,2,1080.0,60.0,60.0,60.0,0.8227800000000001,0.0,1.0,weak_rules_v2,True,ac_running_empty_room,turn_off_or_adjust_ac,0.086058,0.002754,train
synthetic_routine_anomaly_0083_1776105600000,1776105600000,synthetic_scenario,routine_anomaly,routine_anomaly_0083,2026-04-13T21:40:00+03:00,2026-04-13,synthetic_hourly_summary,21,Monday,False,74,25.683,57.679,40.0,2,60,0,1,0,0.0395,27.793,37.085,0.019389,95.566,137.257,0.066669,123.36,201.504,0.086058,0.002754,0.032,63.0,22.0,8.0,1,1,0,0,0.039416,0.06147,52.418,76.206,False,False,True,False,False,evening,0.159313,164.556,221.307,-0.07325500000000001,-41.19600000000001,0.08853033333333334,105.21233333333329,0.06560016666666661,79.87800000000004,0.06147,76.206,0.06957945089128931,70.19941353268945,0.012294,15.241200000000001,0.039416,52.418,0.00709488,9.43524,2.0,3.093850877883631,6.574036488284509,7.518833649170557,0.02702702702702703,0.8108108108108109,0.013513513513513514,0.0,0.0,0.0,False,False,False,2,1140.0,120.0,120.0,120.0,0.5924364,0.0,1.0,weak_rules_v2,True,ac_running_empty_room,turn_off_or_adjust_ac,0.204483,0.006543,train
synthetic_routine_anomaly_0083_1776109200000,1776109200000,synthetic_scenario,routine_anomaly,routine_anomaly_0083,2026-04-13T22:40:00+03:00,2026-04-13,synthetic_hourly_summary,22,Monday,False,102,28.219,37.555,424.194,5,36,0,3,0,0.0504,8.821,12.2,0.006725,257.582,331.287,0.196381,268.209,337.651,0.204483,0.006543,0.032,15.0,66.0,62.0,1,0,2,0,0.104669,0.06908,121.251,119.802,False,False,False,False,False,night,0.086058,123.36,201.504,0.118425,144.849,0.14995133333333333,185.37499999999997,0.0906141666666666,111.0596666666667,0.06908,119.802,0.05976496263140593,74.6349869096264,0.013816000000000002,23.960400000000003,0.104669,121.251,0.01884042,21.82518,9.800448755066588,6.193844843992586,5.297864909593311,6.733415257056299,0.049019607843137254,0.35294117647058826,0.029411764705882353,0.0,0.0,0.0,False,False,False,1,1200.0,0.0,180.0,180.0,0.9496,0.0,1.0,weak_rules_v2,True,ac_running_empty_room,turn_off_or_adjust_ac,0.10859,0.003475,train
synthetic_routine_anomaly_0083_1776112800000,1776112800000,synthetic_scenario,routine_anomaly,routine_anomaly_0083,2026-04-13T23:40:00+03:00,2026-04-13,synthetic_hourly_summary,23,Monday,False,99,26.647,47.93,590.874,42,68,0,11,0,0.4246,4.348,5.757,0.003716,122.694,122.694,0.104873,127.042,187.99,0.10859,0.003475,0.032,30.0,69.0,49.0,1,0,0,0,0.041949,0.062895,66.521,55.575,True,False,False,False,True,night,0.204483,268.209,337.651,-0.09589299999999999,-141.167,0.13304366666666664,172.8703333333333,0.0987871666666666,122.22883333333336,0.062895,55.575,0.06288566224771228,82.58622949580308,0.012579000000000002,11.115000000000002,0.041949,66.521,0.00755082,11.97378,3.6326417044280146,6.429779577147997,8.825663967622061,5.054460663215793,0.42424242424242425,0.6868686868686869,0.1111111111111111,0.0,0.0,0.0,False,False,False,1,1260.0,0.0,240.0,0.0,0.365499834,0.0,1.0,weak_rules_v2,True,unusual_same_hour_usage,review_unusual_usage,0.244364,0.00782,train
synthetic_ac_left_on_0171_1776127200000,1776127200000,synthetic_scenario,ac_left_on,ac_left_on_0171,2026-04-14T03:40:00+03:00,2026-04-14,synthetic_hourly_summary,3,Tuesday,False,166,28.521,51.994,368.472,11,35,0,10,0,0.0666,0.984,1.145,0.000665,134.237,242.708,0.09072,135.222,181.548,0.091385,0.002924,0.032,68.0,57.0,37.0,1,0,3,0,0.050889,0.056597,112.729,96.67,True,False,False,False,True,night,0.244364,375.115,492.039,-0.152979,-239.893,0.14811300000000002,212.45966666666664,0.1490321666666666,198.91733333333335,0.056597,96.67,0.08379853374015571,140.92301514065545,0.0113194,19.334000000000003,0.050889,112.729,0.00916002,20.29122,3.073307772496775,1.9940002068894176,4.4209510459584145,1.1085090004445277,0.06626506024096386,0.21084337349397592,0.060240963855421686,0.0,0.0,0.0,False,False,False,1,1380.0,0.0,360.0,60.0,0.631081074,0.6304969998518242,0.3695030001481759,weak_rules_v2,True,ac_running_empty_room,turn_off_or_adjust_ac,0.25714,0.008228,train
synthetic_ac_left_on_0171_1776130800000,1776130800000,synthetic_scenario,ac_left_on,ac_left_on_0171,2026-04-14T04:40:00+03:00,2026-04-14,synthetic_hourly_summary,4,Tuesday,False,51,25.526,50.269,348.456,4,14,0,0,0,0.0878,6.368,11.397,0.002229,282.153,361.404,0.098754,290.504,350.573,0.101677,0.003254,0.032,62.0,63.0,81.0,1,0,2,0,0.071275,0.103532,283.012,227.379,True,False,False,False,True,night,0.247143,329.271,413.695,-0.14546599999999998,-38.766999999999996,0.20198666666666668,332.5226666666667,0.17504983333333327,272.4911666666667,0.103532,227.379,0.08701440640683218,43.73525331278261,0.0207064,45.4758,0.071275,283.012,0.0128295,50.94216,-0.08958582853610457,1.3881009240079345,2.3696948439144156,0.14706875405361725,0.0784313725490196,0.27450980392156865,0.0,0.0,0.0,0.0,False,False,False,1,1560.0,0.0,540.0,60.0,0.9122,0.9509770819821276,0.04902291801787242,weak_rules_v2,True,ac_running_empty_room,turn_off_or_adjust_ac,0.081238,0.0026,train
synthetic_ac_left_on_0171_1776134400000,1776134400000,synthetic_scenario,ac_left_on,ac_left_on_0171,2026-04-14T05:40:00+03:00,2026-04-14,synthetic_hourly_summary,5,Tuesday,False,93,24.531,58.224,431.927,0,86,0,5,0,0.0,6.453,9.084,0.003285,204.244,275.509,0.10396,217.99,308.792,0.110956,0.003551,0.032,45.0,35.0,40.0,1,0,3,0,0.092411,0.064559,133.09,186.46,True,True,False,False,True,morning,0.332287,361.457,484.762,-0.221331,-143.46699999999998,0.15153166666666668,200.35533333333328,0.14744216666666662,225.8648333333334,0.064559,186.46,0.16426992147174527,170.60393507282714,0.012911800000000001,37.292,0.092411,133.09,0.01663398,23.9562,3.5933796991898874,0.8454896492545318,1.1148865154340697,3.5439677411275583,0.0,0.9247311827956989,0.053763440860215055,0.0,0.0,60.0,False,False,False,1,1800.0,0.0,120.0,60.0,1.0,0.0,1.0,weak_rules_v2,True,ac_running_empty_room,turn_off_or_adjust_ac,0.044207,0.001415,train
synthetic_ac_left_on_0171_1776138000000,1776138000000,synthetic_scenario,ac_left_on,ac_left_on_0171,2026-04-14T06:40:00+03:00,2026-04-14,synthetic_hourly_summary,6,Tuesday,False,47,28.945,48.945,362.44,0,45,0,3,0,0.0,0.0,0.0,0.0,131.48,211.909,0.046018,138.768,207.131,0.048569,0.001554,0.032,36.0,27.0,34.0,1,0,0,0,0.050921,0.030881,145.236,49.886,False,True,False,False,False,morning,0.044207,126.306,137.827,0.004361999999999998,12.462000000000003,0.06791066666666666,161.02133333333327,0.10476816666666662,166.74800000000005,0.030881,49.886,0.03734209825831095,49.72823239703449,0.0061762,9.977200000000002,0.050921,145.236,0.00916578,26.142479999999995,2.863896894530618,8.908511406005692,-0.25660663904217645,-0.2474134053081418,0.0,0.9574468085106383,0.06382978723404255,0.0,0.0,60.0,False,False,False,1,1920.0,0.0,240.0,60.0,0.69384,0.917528864897286,0.08247113510271394,weak_rules_v2,True,ac_running_empty_room,turn_off_or_adjust_ac,0.031218,0.000999,train
synthetic_socket_left_on_0222_1776364800000,1776364800000,synthetic_scenario,socket_left_on,socket_left_on_0222,2026-04-16T21:40:00+03:00,2026-04-16,synthetic_hourly_summary,21,Thursday,False,50,27.387,58.213,513.391,0,14,0,1,0,0.0,29.729,42.962,0.029539,2.463,3.148,0.002447,36.688,41.711,0.036455,0.001167,0.032,38.0,74.0,44.0,0,1,3,0,0.024731,0.035219,34.03,33.325,False,False,True,False,False,evening,0.026823,28.983,28.983,0.009632000000000002,7.705000000000002,0.03160466666666665,37.71299999999993,0.03311266666666662,42.25533333333339,0.035219,33.325,0.004816367130248163,9.285029617631256,0.0070438,6.665000000000001,0.024731,34.03,0.00445158,6.1254,0.17547346602686065,0.5045761440360088,2.6336716401816886,0.43393084533254994,0.0,0.28,0.02,0.0,0.0,60.0,False,False,False,1,0.0,120.0,0.0,120.0,0.18344000000000002,0.85535638488915,0.14464361511084997,weak_rules_v2,True,socket_left_on,turn_off_unused_socket,0.017569,0.000562,train
synthetic_socket_left_on_0222_1776368400000,1776368400000,synthetic_scenario,socket_left_on,socket_left_on_0222,2026-04-16T22:40:00+03:00,2026-04-16,synthetic_hourly_summary,22,Thursday,False,69,27.764,51.456,305.209,4,50,0,7,0,0.0605,41.002,54.764,0.017102,0.0,0.0,0.0,42.122,48.172,0.017569,0.000562,0.032,49.0,66.0,20.0,0,1,2,0,0.013658,0.00926,42.885,32.923,False,False,False,False,False,night,0.036455,36.688,41.711,-0.018886,5.4339999999999975,0.026948999999999983,35.930999999999926,0.034227333333333276,46.740500000000054,0.00926,32.923,0.009443630445967301,6.602129732161572,0.002,6.584600000000001,0.013658,42.885,0.00245844,7.7193,4.154500000000001,1.397047656653403,1.5908462276891042,-0.09884315935382718,0.057971014492753624,0.7246376811594203,0.10144927536231885,0.0,0.0,0.0,False,False,False,1,0.0,180.0,0.0,180.0,0.197868095,0.9670522802153909,0.03294771978460906,weak_rules_v2,True,socket_left_on,turn_off_unused_socket,0.017074,0.000546,train
synthetic_socket_left_on_0222_1776372000000,1776372000000,synthetic_scenario,socket_left_on,socket_left_on_0222,2026-04-16T23:40:00+03:00,2026-04-16,synthetic_hourly_summary,23,Thursday,False,117,22.976,65.095,717.116,8,113,0,11,0,0.0704,24.703,35.526,0.015461,2.578,3.537,0.001613,27.281,36.706,0.017074,0.000546,0.032,17.0,5.0,32.0,0,1,3,0,0.005392,0.012278,16.554,26.973,True,False,False,False,True,night,0.017569,42.122,48.172,-0.0004950000000000024,-14.841000000000001,0.02369933333333332,35.363666666666596,0.028276499999999944,36.80500000000006,0.012278,26.973,0.011049503623843616,7.508609347517416,0.0024556000000000005,5.3946000000000005,0.005392,16.554,0.002,3.0,1.9530868219579725,0.057094131168205206,5.840999999999998,3.5756666666666668,0.06837606837606838,0.9658119658119658,0.09401709401709402,0.0,0.0,0.0,False,False,False,1,0.0,240.0,0.0,240.0,0.126802088,0.0,1.0,weak_rules_v2,True,socket_left_on,turn_off_unused_socket,0.047084,0.001507,train
synthetic_socket_left_on_0222_1776375600000,1776375600000,synthetic_scenario,socket_left_on,socket_left_on_0222,2026-04-17T00:40:00+03:00,2026-04-17,synthetic_hourly_summary,0,Friday,True,107,22.607,48.813,430.141,2,19,0,5,0,0.0223,41.101,42.04,0.040997,2.829,3.896,0.002821,47.204,69.838,0.047084,0.001507,0.032,25.0,76.0,17.0,0,1,3,0,0.034982,0.048673,21.713,31.743,True,False,False,False,True,night,0.017074,27.281,36.706,0.030010000000000002,19.923000000000002,0.027242333333333316,38.86899999999992,0.029423499999999946,38.29100000000006,0.048673,31.743,0.017185169720818412,10.352197303002304,0.009734600000000001,6.3486,0.034982,21.713,0.006296759999999999,3.90834,-0.16323218211328663,2.4353400749771605,1.9219408076534603,6.522206358709836,0.018691588785046728,0.17757009345794392,0.04672897196261682,0.0,0.0,0.0,False,False,False,1,0.0,300.0,0.0,300.0,0.230756754,0.0,1.0,weak_rules_v2,True,socket_left_on,turn_off_unused_socket,0.073375,0.002348,train
synthetic_routine_anomaly_0233_1776386400000,1776386400000,synthetic_scenario,routine_anomaly,routine_anomaly_0233,2026-04-17T03:40:00+03:00,2026-04-17,synthetic_hourly_summary,3,Friday,True,82,24.466,36.644,451.671,27,19,0,9,0,0.3296,27.292,40.069,0.019135,77.362,93.281,0.05424,104.655,148.029,0.073375,0.002348,0.032,72.0,21.0,88.0,1,1,2,0,0.024481,0.036204,40.106,59.638,True,False,False,False,True,night,0.047084,47.204,69.838,0.026290999999999995,57.451,0.04584433333333332,59.71333333333325,0.03639666666666661,47.822166666666725,0.036204,59.638,0.028170964313160067,40.1751979999302,0.0072408,11.9276,0.024481,40.106,0.004406579999999999,7.21908,5.133548779140425,3.7741875985110167,11.09567964271612,8.94144406212426,0.32926829268292684,0.23170731707317074,0.10975609756097561,0.0,0.0,0.0,False,False,False,2,60.0,360.0,60.0,0.0,0.35080356,0.0,1.0,weak_rules_v2,True,unusual_same_hour_usage,review_unusual_usage,0.104844,0.003355,train
synthetic_routine_anomaly_0233_1776390000000,1776390000000,synthetic_scenario,routine_anomaly,routine_anomaly_0233,2026-04-17T04:40:00+03:00,2026-04-17,synthetic_hourly_summary,4,Friday,True,119,25.911,46.49,444.227,43,106,0,3,0,0.3689,8.16,13.382,0.006571,121.95,167.671,0.098205,130.194,182.734,0.104844,0.003355,0.032,62.0,15.0,19.0,1,0,2,0,0.045361,0.043665,49.098,69.442,True,False,False,False,True,night,0.073375,104.655,148.029,0.03146900000000001,25.538999999999987,0.07510099999999999,94.01766666666659,0.04940016666666661,64.69066666666673,0.043665,69.442,0.028918656728831846,42.50528991000475,0.008733000000000001,13.888399999999999,0.045361,49.098,0.008164979999999999,8.837639999999999,7.005496392992098,4.37429797528873,7.285137256919186,9.176205412304643,0.36134453781512604,0.8907563025210085,0.025210084033613446,0.0,0.0,0.0,False,False,False,1,120.0,0.0,120.0,0.0,0.41082716699999994,0.0,1.0,weak_rules_v2,True,unusual_same_hour_usage,review_unusual_usage,0.068886,0.002204,train
synthetic_routine_anomaly_0233_1776393600000,1776393600000,synthetic_scenario,routine_anomaly,routine_anomaly_0233,2026-04-17T05:40:00+03:00,2026-04-17,synthetic_hourly_summary,5,Friday,True,48,24.864,42.833,322.642,8,10,0,3,0,0.1864,14.72,16.953,0.008911,96.817,104.041,0.058609,113.793,159.43,0.068886,0.002204,0.032,49.0,38.0,16.0,1,1,2,0,0.02266,0.031447,59.777,62.359,True,True,False,False,True,morning,0.104844,130.194,182.734,-0.035958000000000004,-16.400999999999982,0.08236833333333332,116.21399999999993,0.05480533333333328,77.54150000000006,0.031447,62.359,0.0195934804037809,12.940481482548902,0.0062894000000000005,12.471800000000002,0.02266,59.777,0.0040788,10.75986,5.95271409037428,4.124023797687583,11.333235265274102,5.020139667244742,0.16666666666666666,0.20833333333333334,0.0625,0.0,0.0,0.0,False,False,False,2,180.0,60.0,180.0,60.0,0.46290992400000003,0.0,1.0,weak_rules_v2,True,ac_running_empty_room,turn_off_or_adjust_ac,0.002617,8.4e-05,train
synthetic_routine_anomaly_0233_1776397200000,1776397200000,synthetic_scenario,routine_anomaly,routine_anomaly_0233,2026-04-17T06:40:00+03:00,2026-04-17,synthetic_hourly_summary,6,Friday,True,156,31.308,51.169,135.59,57,141,0,14,23,0.3673,29.656,43.696,0.018389,200.987,310.624,0.124632,235.772,361.874,0.146202,0.004678,0.032,77.0,60.0,19.0,1,1,1,0,0.051274,0.072537,107.867,124.492,False,True,False,False,False,morning,0.002617,6.092,7.107,0.143585,229.67999999999998,0.07256833333333333,118.55233333333327,0.07383466666666662,106.28500000000007,0.072537,124.492,0.07186329202265468,114.91394188841282,0.014507400000000002,24.898400000000002,0.051274,107.867,0.00922932,19.41606,5.07775342239133,4.4693634932365125,10.285481487260167,6.587587801026571,0.36538461538461536,0.9038461538461539,0.08974358974358974,0.0,0.14743589743589744,0.0,False,False,False,2,60.0,60.0,60.0,0.0,0.6327,0.0,1.0,weak_rules_v2,True,unusual_same_hour_usage,review_unusual_usage,0.016692,0.000534,train
synthetic_routine_anomaly_0253_1776458400000,1776458400000,synthetic_scenario,routine_anomaly,routine_anomaly_0253,2026-04-17T23:40:00+03:00,2026-04-17,synthetic_hourly_summary,23,Friday,True,52,24.613,51.322,230.851,14,11,0,4,0,0.286,15.628,27.343,0.010167,155.222,284.406,0.100978,173.52,214.542,0.112881,0.003612,0.032,25.0,70.0,68.0,1,1,2,0,0.051183,0.059483,73.237,93.572,True,False,False,False,True,night,0.166845,228.348,331.908,-0.053964,-54.828,0.11923766666666664,207.72266666666658,0.07195883333333328,120.95933333333339,0.059483,93.572,0.044768755280143235,29.829270546451706,0.0118966,18.7144,0.051183,73.237,0.00921294,13.182659999999998,4.488509321991157,4.272004445774377,6.6968850334420935,7.607190051173286,0.2692307692307692,0.21153846153846154,0.07692307692307693,0.0,0.0,0.0,False,False,False,2,180.0,180.0,180.0,0.0,0.6194664,0.0,1.0,weak_rules_v2,True,unusual_same_hour_usage,review_unusual_usage,0.101594,0.003251,train
synthetic_routine_anomaly_0253_1776462000000,1776462000000,synthetic_scenario,routine_anomaly,routine_anomaly_0253,2026-04-18T00:40:00+03:00,2026-04-18,synthetic_hourly_summary,0,Saturday,True,139,29.284,49.343,201.01,10,45,0,1,0,0.0742,43.072,62.322,0.028703,105.333,128.447,0.070194,152.452,164.139,0.101594,0.003251,0.032,76.0,56.0,75.0,1,1,1,0,0.032016,0.042309,65.756,79.053,True,False,False,False,True,night,0.112881,173.52,214.542,-0.011286999999999991,-21.068000000000012,0.12710666666666667,184.77333333333323,0.08610916666666661,142.4431666666667,0.042309,79.053,0.03487406549763526,39.17944406616103,0.0084618,15.8106,0.032016,65.756,0.005762880000000001,11.836079999999999,7.006192535867074,4.642391813087422,12.073477150313732,7.3247223742996,0.07194244604316546,0.3237410071942446,0.007194244604316547,0.0,0.0,0.0,False,False,False,2,240.0,240.0,240.0,60.0,0.7057003079999999,0.0,1.0,weak_rules_v2,True,ac_running_empty_room,turn_off_or_adjust_ac,0.202313,0.006474,train
synthetic_routine_anomaly_0253_1776465600000,1776465600000,synthetic_scenario,routine_anomaly,routine_anomaly_0253,2026-04-18T01:40:00+03:00,2026-04-18,synthetic_hourly_summary,1,Saturday,True,164,25.826,46.638,364.009,64,160,0,17,0,0.3911,16.583,17.824,0.009315,110.829,147.071,0.062257,135.849,174.589,0.076311,0.002442,0.032,35.0,23.0,53.0,1,1,1,0,0.037107,0.036096,90.566,54.814,True,False,False,False,True,night,0.202313,244.294,384.792,-0.126002,-108.44500000000002,0.12673933333333331,177.5316666666666,0.12298849999999995,192.62716666666674,0.036096,54.814,0.06665839663788316,58.41080179498867,0.007219200000000001,10.962800000000001,0.037107,90.566,0.00667926,16.30188,5.570561835106382,7.391815959426423,5.869512490904682,2.777777777777777,0.3902439024390244,0.975609756097561,0.10365853658536585,0.0,0.0,0.0,False,False,False,2,360.0,360.0,360.0,0.0,0.41359228049999996,0.0740740740740744,0.9259259259259256,weak_rules_v2,True,unusual_same_hour_usage,review_unusual_usage,0.236173,0.007558,train
synthetic_routine_anomaly_0253_1776469200000,1776469200000,synthetic_scenario,routine_anomaly,routine_anomaly_0253,2026-04-18T02:40:00+03:00,2026-04-18,synthetic_hourly_summary,2,Saturday,True,59,27.773,63.869,314.938,14,49,0,1,0,0.2435,55.524,84.192,0.035224,150.497,150.497,0.095474,207.293,221.394,0.131505,0.004208,0.032,73.0,44.0,43.0,1,1,1,0,0.047781,0.069597,87.293,72.895,True,False,False,False,True,night,0.236173,270.846,428.632,-0.10466799999999998,-63.553,0.1479963333333333,204.6626666666666,0.1434628333333333,197.37566666666672,0.069597,72.895,0.08119690768331857,67.536926879548,0.013919400000000002,14.579,0.047781,87.293,0.008600579999999998,15.71274,4.447605500237079,9.218602098909392,9.734692311448766,7.637114850751683,0.23728813559322035,0.8305084745762712,0.01694915254237288,0.0,0.0,0.0,False,False,False,2,480.0,480.0,480.0,0.0,0.7565,0.0,1.0,weak_rules_v2,True,unusual_same_hour_usage,review_unusual_usage,0.114776,0.003673,train
synthetic_high_energy_0164_1776721200000,1776721200000,synthetic_scenario,high_energy,high_energy_0164,2026-04-21T00:40:00+03:00,2026-04-21,synthetic_hourly_summary,0,Tuesday,False,63,26.98,56.184,634.002,52,39,0,1,0,0.8395,97.307,107.056,0.063432,130.0,203.739,0.084744,231.117,303.132,0.15066,0.004821,0.032,66.0,28.0,84.0,1,1,0,0,0.068367,0.076781,83.246,152.63,True,False,False,False,True,night,0.212299,212.364,228.13,-0.061639,18.752999999999986,0.145084,175.61633333333324,0.09138349999999994,112.01416666666672,0.076781,152.63,0.07016935827695754,80.43777100550119,0.0153562,30.526,0.068367,83.246,0.012306059999999999,14.984279999999998,4.811020955705186,2.571152460197864,6.687193138990058,9.868408759046147,0.8253968253968254,0.6190476190476191,0.015873015873015872,0.0,0.0,0.0,False,False,False,2,180.0,420.0,120.0,0.0,0.16049999999999998,0.0,1.0,weak_rules_v2,True,unusual_same_hour_usage,review_unusual_usage,0.029609,0.000947,train
synthetic_high_energy_0164_1776724800000,1776724800000,synthetic_scenario,high_energy,high_energy_0164,2026-04-21T01:40:00+03:00,2026-04-21,synthetic_hourly_summary,1,Tuesday,False,155,26.755,54.093,285.671,111,29,0,3,0,0.7175,101.494,149.867,0.078139,293.36,392.445,0.225852,396.831,557.29,0.305513,0.009776,0.032,67.0,59.0,36.0,1,1,2,0,0.10286,0.13578,197.094,209.81,True,False,False,False,True,night,0.523264,498.347,705.345,-0.21775099999999997,-101.51599999999996,0.28612866666666664,309.70099999999996,0.21560633333333326,242.6586666666667,0.13578,209.81,0.24739771429892674,244.16321630417616,0.027156000000000003,41.962,0.10286,197.094,0.018514799999999998,35.47692,6.250294594196492,4.4569133978361375,10.945459848337546,5.630054694714198,0.7161290322580646,0.1870967741935484,0.01935483870967742,0.0,0.0,0.0,False,False,False,2,120.0,600.0,120.0,0.0,0.2825,0.0,1.0,weak_rules_v2,True,unusual_same_hour_usage,review_unusual_usage,0.037738,0.001208,train
synthetic_high_energy_0164_1776728400000,1776728400000,synthetic_scenario,high_energy,high_energy_0164,2026-04-21T02:40:00+03:00,2026-04-21,synthetic_hourly_summary,2,Tuesday,False,121,23.941,30.491,312.75,98,45,0,14,0,0.8128,85.514,167.753,0.064052,175.754,225.245,0.131644,266.937,284.139,0.199941,0.006398,0.032,78.0,12.0,37.0,1,1,2,0,0.12479,0.102034,177.958,170.463,True,False,False,False,True,night,0.037738,77.067,99.926,0.162203,189.87,0.181064,246.94499999999994,0.20778749999999993,250.70400000000006,0.102034,170.463,0.1348818686962782,160.8167092437848,0.020406800000000003,34.0926,0.12479,177.958,0.022462199999999998,32.03244,4.797763490601172,2.8297636437232723,3.345665161916465,2.777777777777778,0.8099173553719008,0.371900826446281,0.11570247933884298,0.0,0.0,0.0,False,False,False,2,60.0,720.0,60.0,0.0,0.18720000000000003,0.07407407407407396,0.925925925925926,weak_rules_v2,True,unusual_same_hour_usage,review_unusual_usage,0.165217,0.005287,train
synthetic_high_energy_0164_1776732000000,1776732000000,synthetic_scenario,high_energy,high_energy_0164,2026-04-21T03:40:00+03:00,2026-04-21,synthetic_hourly_summary,3,Tuesday,False,173,25.025,60.645,219.882,71,94,0,13,0,0.4116,61.348,80.76,0.036841,206.736,300.523,0.124151,275.119,349.889,0.165217,0.005287,0.032,23.0,45.0,5.0,1,1,0,0,0.070414,0.064339,138.311,122.114,True,False,False,False,True,night,0.199941,266.937,284.139,-0.034724000000000005,8.182000000000016,0.13429866666666668,206.37433333333328,0.2102136666666666,258.0376666666668,0.064339,122.114,0.08540732289642006,112.0581372383702,0.012867799999999999,24.422800000000002,0.070414,138.311,0.01267452,24.89598,7.839568535413981,6.264842687980084,7.479809886291552,5.495184363097978,0.41040462427745666,0.5433526011560693,0.07514450867052024,0.0,0.0,0.0,False,False,False,2,120.0,780.0,120.0,0.0,0.5884,0.0,1.0,weak_rules_v2,True,unusual_same_hour_usage,review_unusual_usage,0.130546,0.004177,train
synthetic_high_energy_0194_1776865200000,1776865200000,synthetic_scenario,high_energy,high_energy_0194,2026-04-22T16:40:00+03:00,2026-04-22,synthetic_hourly_summary,16,Wednesday,False,140,22.725,43.699,421.426,117,137,0,12,0,0.8363,82.448,116.229,0.066648,144.577,198.998,0.116871,229.437,346.211,0.185469,0.005935,0.032,35.0,48.0,46.0,1,1,2,0,0.064523,0.077131,100.822,101.074,False,False,False,True,False,afternoon,0.078902,104.747,157.639,0.106567,124.69000000000001,0.113495,145.51533333333327,0.10596949999999992,130.5788333333334,0.077131,101.074,0.06234689842325771,72.68807782802834,0.015426200000000001,20.2148,0.064523,100.822,0.011614139999999998,18.14796,7.02298686649985,6.349951520668025,10.413685386950736,7.087022453212372,0.8357142857142857,0.9785714285714285,0.08571428571428572,0.0,0.0,0.0,False,False,False,2,420.0,420.0,300.0,0.0,0.16369999999999996,0.0,1.0,weak_rules_v2,True,unusual_same_hour_usage,review_unusual_usage,0.419627,0.013428,train
synthetic_high_energy_0194_1776868800000,1776868800000,synthetic_scenario,high_energy,high_energy_0194,2026-04-22T17:40:00+03:00,2026-04-22,synthetic_hourly_summary,17,Wednesday,False,54,27.796,61.613,508.19,37,17,0,0,0,0.7034,35.0,57.039,0.036158,364.651,543.912,0.376712,406.193,465.143,0.419627,0.013428,0.032,17.0,27.0,73.0,1,1,3,0,0.156625,0.178305,156.935,180.477,False,False,True,True,False,evening,0.185469,229.437,346.211,0.23415799999999998,176.75599999999997,0.2279993333333333,246.7923333333333,0.1715024999999999,192.53500000000005,0.178305,180.477,0.1742986039712692,151.47055299738406,0.035661,36.095400000000005,0.156625,156.935,0.028192499999999995,28.2483,6.767112531897591,6.253317597256158,9.328793118737252,8.82382302651841,0.6851851851851852,0.3148148148148148,0.0,0.0,0.0,0.0,False,False,False,2,480.0,480.0,360.0,0.0,0.2966,0.0,1.0,weak_rules_v2,True,unusual_same_hour_usage,review_unusual_usage,0.384362,0.0123,train
synthetic_high_energy_0194_1776872400000,1776872400000,synthetic_scenario,high_energy,high_energy_0194,2026-04-22T18:40:00+03:00,2026-04-22,synthetic_hourly_summary,18,Wednesday,False,47,31.089,51.734,649.906,39,18,0,1,7,0.8428,84.012,151.266,0.069903,375.544,544.406,0.312472,461.946,689.206,0.384362,0.0123,0.032,75.0,28.0,25.0,1,1,0,0,0.1402,0.166425,206.734,221.168,False,False,True,False,False,evening,0.419627,406.193,465.143,-0.03526499999999999,55.75300000000004,0.3298193333333333,365.8586666666666,0.21453249999999993,243.49783333333338,0.166425,221.168,0.12624844199566718,121.38884876434548,0.033285,44.2336,0.1402,206.734,0.025235999999999998,37.21212,6.5476040258374635,5.443328148737612,9.675146615945476,6.858303154993589,0.8297872340425532,0.3829787234042553,0.02127659574468085,0.0,0.14893617021276595,0.0,False,False,False,2,540.0,540.0,420.0,0.0,0.1572,0.0,1.0,weak_rules_v2,True,unusual_same_hour_usage,review_unusual_usage,0.134825,0.004314,train
synthetic_high_energy_0194_1776876000000,1776876000000,synthetic_scenario,high_energy,high_energy_0194,2026-04-22T19:40:00+03:00,2026-04-22,synthetic_hourly_summary,19,Wednesday,False,78,26.363,41.531,698.303,30,25,0,3,0,0.388,75.906,108.682,0.037287,198.564,359.543,0.097538,274.471,328.881,0.134825,0.004314,0.032,51.0,12.0,18.0,1,1,0,0,0.065809,0.056441,121.784,146.78,False,False,True,False,False,evening,0.384362,461.946,689.206,-0.24953699999999998,-187.47500000000002,0.312938,380.86999999999995,0.21321649999999992,263.19266666666675,0.056441,146.78,0.15525490534279426,96.26868469549056,0.0112882,29.356,0.065809,121.784,0.011845620000000001,21.921120000000002,6.943888308144789,4.3497411091429345,5.826288535340487,6.96529191939098,0.38461538461538464,0.32051282051282054,0.038461538461538464,0.0,0.0,0.0,False,False,False,2,600.0,600.0,480.0,0.0,0.612,0.0,1.0,weak_rules_v2,True,unusual_same_hour_usage,review_unusual_usage,0.036251,0.00116,train
